#
# A fatal error has been detected by the Java Runtime Environment:
#
#  EXCEPTION_ACCESS_VIOLATION (0xc0000005) at pc=0x00007fff780854cf, pid=12576, tid=38028
#
# JRE version: OpenJDK Runtime Environment (21.0.7) (build 21.0.7+-13880790-b1038.58)
# Java VM: OpenJDK 64-Bit Server VM (21.0.7+-13880790-b1038.58, mixed mode, tiered, compressed oops, compressed class ptrs, g1 gc, windows-amd64)
# Problematic frame:
# V  [jvm.dll+0x3b54cf]
#
# No core dump will be written. Minidumps are not enabled by default on client versions of Windows
#
# If you would like to submit a bug report, please visit:
#   https://youtrack.jetbrains.com/issues/JBR
#

---------------  S U M M A R Y ------------

Command Line: --add-opens=java.base/java.lang=ALL-UNNAMED --add-opens=java.base/java.lang.invoke=ALL-UNNAMED --add-opens=java.base/java.util=ALL-UNNAMED --add-opens=java.prefs/java.util.prefs=ALL-UNNAMED --add-exports=jdk.compiler/com.sun.tools.javac.api=ALL-UNNAMED --add-exports=jdk.compiler/com.sun.tools.javac.util=ALL-UNNAMED --add-opens=java.base/java.util=ALL-UNNAMED --add-opens=java.prefs/java.util.prefs=ALL-UNNAMED --add-opens=java.base/java.nio.charset=ALL-UNNAMED --add-opens=java.base/java.net=ALL-UNNAMED --add-opens=java.base/java.util.concurrent.atomic=ALL-UNNAMED --add-opens=java.xml/javax.xml.namespace=ALL-UNNAMED -Xmx2048m -Dfile.encoding=UTF-8 -Duser.country=US -Duser.language=en -Duser.variant -javaagent:C:\Users\razma\.gradle\wrapper\dists\gradle-8.13-bin\5xuhj0ry160q40clulazy9h7d\gradle-8.13\lib\agents\gradle-instrumentation-agent-8.13.jar org.gradle.launcher.daemon.bootstrap.GradleDaemon 8.13

Host: Intel(R) Core(TM) i7-4770 CPU @ 3.40GHz, 8 cores, 23G,  Windows 10 , 64 bit Build 19041 (10.0.19041.5915)
Time: Tue Feb 17 04:24:32 2026 Georgian Standard Time elapsed time: 2008.192124 seconds (0d 0h 33m 28s)

---------------  T H R E A D  ---------------

Current thread (0x0000023163219300):  JavaThread "C2 CompilerThread2" daemon [_thread_in_native, id=38028, stack(0x000000bac3300000,0x000000bac3400000) (1024K)]


Current CompileTask:
C2:2008192 62748 %     4       com.android.tools.r8.internal.oB::a @ 1021 (3928 bytes)

Stack: [0x000000bac3300000,0x000000bac3400000],  sp=0x000000bac33fc5f0,  free space=1009k
Native frames: (J=compiled Java code, j=interpreted, Vv=VM code, C=native code)
V  [jvm.dll+0x3b54cf]
V  [jvm.dll+0x1de5e8]
V  [jvm.dll+0x247fc4]
V  [jvm.dll+0x247441]
V  [jvm.dll+0x1c5fb4]
V  [jvm.dll+0x256bac]
V  [jvm.dll+0x2550f6]
V  [jvm.dll+0x3f1d16]
V  [jvm.dll+0x808d08]
V  [jvm.dll+0x6d0e1d]
C  [ucrtbase.dll+0x21bb2]
C  [KERNEL32.DLL+0x17374]
C  [ntdll.dll+0x4cc91]


siginfo: EXCEPTION_ACCESS_VIOLATION (0xc0000005), reading address 0xffffffffffffffff


Registers:
RAX=0x00907fff785fe2f8, RBX=0x0000000000000006, RCX=0x00000231634dd8c8, RDX=0x0000000000000034
RSP=0x000000bac33fc5f0, RBP=0x000000bac33fc6f0, RSI=0x0000000000000003, RDI=0x00000231634dd8c8
R8 =0x0000000000000010, R9 =0x0000000000000004, R10=0x0000000000000000, R11=0x0000023162f89100
R12=0x000002315dc22618, R13=0x0000000000000000, R14=0x0000000000000003, R15=0x0000000000000003
RIP=0x00007fff780854cf, EFLAGS=0x0000000000010293

XMM[0]=0x0000000000000800 0x0000000020000000
XMM[1]=0x0000000000000000 0x0000000000000000
XMM[2]=0xaa92455292491555 0x53ffffffffffffff
XMM[3]=0x0000000000000000 0x0000000000000000
XMM[4]=0x0000000000000000 0x0000000000000000
XMM[5]=0xffffffffffffffff 0xffffffffffffffff
XMM[6]=0x0000000000000000 0x0000000000000000
XMM[7]=0x0000000000000000 0x0000000000000000
XMM[8]=0x0000000000000000 0x0000000000000000
XMM[9]=0x0000000000000000 0x0000000000000000
XMM[10]=0x0000000000000000 0x0000000000000000
XMM[11]=0x0000000000000000 0x0000000000000000
XMM[12]=0x0000000000000000 0x0000000000000000
XMM[13]=0x0000000000000000 0x0000000000000000
XMM[14]=0x0000000000000000 0x0000000000000000
XMM[15]=0x0000000000000000 0x0000000000000000
  MXCSR=0x00001fa0


Register to memory mapping:

RAX=0x00907fff785fe2f8 is an unknown value
RBX=0x0000000000000006 is an unknown value
RCX=0x00000231634dd8c8 points into unknown readable memory: 0x00907fff785fe2f8 | f8 e2 5f 78 ff 7f 90 00
RDX=0x0000000000000034 is an unknown value
RSP=0x000000bac33fc5f0 is pointing into the stack for thread: 0x0000023163219300
RBP=0x000000bac33fc6f0 is pointing into the stack for thread: 0x0000023163219300
RSI=0x0000000000000003 is an unknown value
RDI=0x00000231634dd8c8 points into unknown readable memory: 0x00907fff785fe2f8 | f8 e2 5f 78 ff 7f 90 00
R8 =0x0000000000000010 is an unknown value
R9 =0x0000000000000004 is an unknown value
R10=0x0 is null
R11=0x0000023162f89100 points into unknown readable memory: 0x0000000020000000 | 00 00 00 20 00 00 00 00
R12=0x000002315dc22618 points into unknown readable memory: 0x00007fff786026e0 | e0 26 60 78 ff 7f 00 00
R13=0x0 is null
R14=0x0000000000000003 is an unknown value
R15=0x0000000000000003 is an unknown value

Top of Stack: (sp=0x000000bac33fc5f0)
0x000000bac33fc5f0:   000002315dc22618 0000000000000000
0x000000bac33fc600:   0000000000000003 00007ff805f547b1
0x000000bac33fc610:   000000bac33fc630 00007ff800000006
0x000000bac33fc620:   00000003fffffffe 00007fff00000003
0x000000bac33fc630:   0000000300000000 0000000e00000000
0x000000bac33fc640:   0000023100000000 0000000300000003
0x000000bac33fc650:   0000000d00000003 0000023100000000
0x000000bac33fc660:   0000000000000002 000002315dc22618
0x000000bac33fc670:   0000005500000595 0000000000000000
0x000000bac33fc680:   0000000000000000 000000020000094b
0x000000bac33fc690:   0000000a0000000a 0000023162f89100
0x000000bac33fc6a0:   000000bac33fc6d0 000000bac33fc6c0
0x000000bac33fc6b0:   000002315dc228e4 000002315dc228ec
0x000000bac33fc6c0:   0000000a0000000d 000000bac33fc6d0
0x000000bac33fc6d0:   0000023162f890e0 00007fff78869220
0x000000bac33fc6e0:   00007fff78869220 00007fff78869220
0x000000bac33fc6f0:   00007fff78869220 00007fff78869220
0x000000bac33fc700:   00007fff78869220 0000023162f890c0
0x000000bac33fc710:   0000023162f890a0 0000023162f89080
0x000000bac33fc720:   00007fff78869220 00007fff78869220
0x000000bac33fc730:   00007fff78869220 00007fff78869220
0x000000bac33fc740:   00007fff78869220 00007fff78869220
0x000000bac33fc750:   0000023100000010 0000023100000000
0x000000bac33fc760:   0000023162fb0000 0000000000000000
0x000000bac33fc770:   000002315c6e2f80 0000023164bb5800
0x000000bac33fc780:   00000000002fc3d8 00007fff7864bb48
0x000000bac33fc790:   0000000000000000 0000000000000000
0x000000bac33fc7a0:   0000000000000000 00007fff7864bb48
0x000000bac33fc7b0:   000002315c6e2f00 0000000000000000
0x000000bac33fc7c0:   0000000000000000 0000000000000000
0x000000bac33fc7d0:   0000023152527540 00000000000003d8
0x000000bac33fc7e0:   0000023152527550 0000000000000000 

Instructions: (pc=0x00007fff780854cf)
0x00007fff780853cf:   ff 48 8b 5c 24 70 4c 8b 64 24 78 4c 8b bc 24 80
0x00007fff780853df:   00 00 00 48 8b ac 24 88 00 00 00 48 83 c4 50 41
0x00007fff780853ef:   5e 5f 5e c3 cc cc cc cc cc cc cc cc cc cc cc cc
0x00007fff780853ff:   cc 48 89 4c 24 08 55 53 41 55 48 8d ac 24 00 ff
0x00007fff7808540f:   ff ff 48 81 ec 00 02 00 00 48 8b d9 4c 8d 05 66
0x00007fff7808541f:   0a 80 00 48 8d 4d 70 48 8d 15 1b 67 5c 00 e8 7e
0x00007fff7808542f:   25 e9 ff 48 8b 43 48 45 33 ed 41 8b cd 44 89 6d
0x00007fff7808543f:   84 89 4d 80 44 39 68 40 0f 86 a7 0e 00 00 48 89
0x00007fff7808544f:   b4 24 28 02 00 00 48 89 bc 24 f8 01 00 00 4c 89
0x00007fff7808545f:   a4 24 f0 01 00 00 4c 89 b4 24 e8 01 00 00 4c 89
0x00007fff7808546f:   bc 24 e0 01 00 00 0f 29 b4 24 d0 01 00 00 0f 1f
0x00007fff7808547f:   00 48 8b 40 30 4c 8b 24 c8 48 8d 4d d0 4c 89 64
0x00007fff7808548f:   24 78 41 8b 44 24 4c ff c8 48 8d 14 80 48 8b 43
0x00007fff7808549f:   68 48 c1 e2 05 48 03 50 10 e8 e3 66 00 00 41 8b
0x00007fff780854af:   5c 24 28 ff cb 41 3b 5c 24 18 73 0b 49 8b 44 24
0x00007fff780854bf:   20 48 8b 3c d8 eb 03 49 8b fd 48 8b 07 48 8b cf
0x00007fff780854cf:   ff 50 20 48 3b c7 74 05 41 2b 5c 24 48 bf 01 00
0x00007fff780854df:   00 00 3b df 76 32 45 8b 44 24 18 8d 4f 07 0f 1f
0x00007fff780854ef:   00 41 3b f8 73 0b 49 8b 44 24 20 48 8b 14 01 eb
0x00007fff780854ff:   03 49 8b d5 8b 42 2c 83 e0 0f 3c 0c 75 0a ff c7
0x00007fff7808550f:   48 83 c1 08 3b fb 72 d9 45 8b 7c 24 28 41 ff cf
0x00007fff7808551f:   44 89 7c 24 70 45 3b 7c 24 18 73 0b 49 8b 44 24
0x00007fff7808552f:   20 4a 8b 1c f8 eb 03 49 8b dd 48 8b 03 48 8b cb
0x00007fff7808553f:   ff 50 20 48 3b c3 74 0a 45 2b 7c 24 48 44 89 7c
0x00007fff7808554f:   24 70 8b f7 41 3b ff 0f 83 85 00 00 00 45 8b 44
0x00007fff7808555f:   24 18 8b c7 48 8d 0c c5 00 00 00 00 0f 1f 44 00
0x00007fff7808556f:   00 41 3b f0 73 0b 49 8b 44 24 20 4c 8b 34 01 eb
0x00007fff7808557f:   03 4d 8b f5 41 8b 56 2c 8b c2 83 e0 1f 3c 12 75
0x00007fff7808558f:   0d ff c6 48 83 c1 08 41 3b f7 72 d5 eb 44 3b f7
0x00007fff7808559f:   76 40 80 e2 03 80 fa 02 75 38 49 8b 06 49 8b ce
0x00007fff780855af:   ff 90 48 01 00 00 3d 99 00 00 00 75 25 8b d6 49
0x00007fff780855bf:   8d 4c 24 10 e8 38 b1 2f 00 41 ff 4c 24 28 49 8d 


Stack slot to memory mapping:

stack at sp + 0 slots: 0x000002315dc22618 points into unknown readable memory: 0x00007fff786026e0 | e0 26 60 78 ff 7f 00 00
stack at sp + 1 slots: 0x0 is null
stack at sp + 2 slots: 0x0000000000000003 is an unknown value
stack at sp + 3 slots: 0x00007ff805f547b1 ntdll.dll
stack at sp + 4 slots: 0x000000bac33fc630 is pointing into the stack for thread: 0x0000023163219300
stack at sp + 5 slots: 0x00007ff800000006 is an unknown value
stack at sp + 6 slots: 0x00000003fffffffe is an unknown value
stack at sp + 7 slots: 0x00007fff00000003 is an unknown value


---------------  P R O C E S S  ---------------

Threads class SMR info:
_java_thread_list=0x000002314f2e84e0, length=103, elements={
0x000002312f943180, 0x00000231494f37c0, 0x00000231494ce330, 0x00000231494f6240,
0x000002314950f5a0, 0x0000023149510000, 0x0000023149511890, 0x0000023149514510,
0x00000231495176c0, 0x000002314952ed70, 0x000002314e0b35f0, 0x000002314fad8ae0,
0x000002314fb03f70, 0x000002314fb613b0, 0x000002314fba8340, 0x000002314fbaaaa0,
0x000002314fba9060, 0x0000023150fb2ba0, 0x0000023150fba1c0, 0x0000023150fb5300,
0x0000023150fb38c0, 0x0000023150fb4c70, 0x0000023150fb73d0, 0x0000023150fb66b0,
0x0000023150fb3f50, 0x0000023150fb3230, 0x0000023150fb5990, 0x0000023150fb8e10,
0x000002314f0b2c80, 0x00000231553fed50, 0x000002315566e3f0, 0x000002315cfc8d20,
0x000002315cfccec0, 0x000002315cfcbb10, 0x00000231624cff50, 0x0000023162883060,
0x000002315cc15ba0, 0x00000231621fb2b0, 0x000002315c9f3db0, 0x000002315566dd60,
0x000002315c9f5160, 0x000002315db48f90, 0x00000231553fb8d0, 0x00000231624ceba0,
0x000002315c9f4440, 0x00000231545faa60, 0x00000231545f8990, 0x000002315cd48230,
0x0000023154277240, 0x00000231553f6a10, 0x0000023164b65080, 0x00000231553f5cf0,
0x00000231652508d0, 0x0000023155668810, 0x000002315cd49c70, 0x0000023163039190,
0x00000231545f68c0, 0x0000023155668ea0, 0x000002315566f110, 0x00000231545f9020,
0x000002315cd47510, 0x000002315cd488c0, 0x000002315cd48f50, 0x00000231553f4fd0,
0x00000231553f7730, 0x00000231553f70a0, 0x00000231553f8ae0, 0x00000231553f9e90,
0x00000231553fa520, 0x000002315566a250, 0x000002315566c9b0, 0x0000023155669530,
0x000002315566c320, 0x000002315566a8e0, 0x000002315566af70, 0x0000023154272a10,
0x0000023154273dc0, 0x0000023154272380, 0x0000023154271cf0, 0x000002315514aa00,
0x0000023155144790, 0x0000023155146860, 0x0000023155144100, 0x0000023155148fc0,
0x0000023155145b40, 0x0000023155144e20, 0x00000231551454b0, 0x000002315566d040,
0x00000231545f6230, 0x0000023155146ef0, 0x00000231545f7c70, 0x00000231545fbe10,
0x000002315566bc90, 0x0000023155149ce0, 0x0000023155147c10, 0x0000023163217e90,
0x0000023163219300, 0x0000023154276bb0, 0x000002316273d9f0, 0x00000231553fabb0,
0x00000231542730a0, 0x00000231630df050, 0x0000023154274450
}

Java Threads: ( => current thread )
  0x000002312f943180 JavaThread "main"                              [_thread_blocked, id=6932, stack(0x000000babd300000,0x000000babd400000) (1024K)]
  0x00000231494f37c0 JavaThread "Common-Cleaner"             daemon [_thread_blocked, id=19100, stack(0x000000babdb00000,0x000000babdc00000) (1024K)]
  0x00000231494ce330 JavaThread "Reference Handler"          daemon [_thread_blocked, id=32512, stack(0x000000babdc00000,0x000000babdd00000) (1024K)]
  0x00000231494f6240 JavaThread "Finalizer"                  daemon [_thread_blocked, id=26564, stack(0x000000babdd00000,0x000000babde00000) (1024K)]
  0x000002314950f5a0 JavaThread "Signal Dispatcher"          daemon [_thread_blocked, id=13224, stack(0x000000babde00000,0x000000babdf00000) (1024K)]
  0x0000023149510000 JavaThread "Attach Listener"            daemon [_thread_blocked, id=26912, stack(0x000000babdf00000,0x000000babe000000) (1024K)]
  0x0000023149511890 JavaThread "Service Thread"             daemon [_thread_blocked, id=7212, stack(0x000000babe000000,0x000000babe100000) (1024K)]
  0x0000023149514510 JavaThread "Monitor Deflation Thread"   daemon [_thread_blocked, id=11076, stack(0x000000babe100000,0x000000babe200000) (1024K)]
  0x00000231495176c0 JavaThread "C2 CompilerThread0"         daemon [_thread_in_native, id=10696, stack(0x000000babe200000,0x000000babe300000) (1024K)]
  0x000002314952ed70 JavaThread "C1 CompilerThread0"         daemon [_thread_blocked, id=8116, stack(0x000000babe300000,0x000000babe400000) (1024K)]
  0x000002314e0b35f0 JavaThread "Notification Thread"        daemon [_thread_blocked, id=15560, stack(0x000000babe400000,0x000000babe500000) (1024K)]
  0x000002314fad8ae0 JavaThread "Daemon health stats"               [_thread_blocked, id=37672, stack(0x000000babe600000,0x000000babe700000) (1024K)]
  0x000002314fb03f70 JavaThread "Incoming local TCP Connector on port 52515"        [_thread_in_native, id=19316, stack(0x000000babee00000,0x000000babef00000) (1024K)]
  0x000002314fb613b0 JavaThread "Daemon periodic checks"            [_thread_blocked, id=25312, stack(0x000000babef00000,0x000000babf000000) (1024K)]
  0x000002314fba8340 JavaThread "Cache worker for journal cache (C:\Users\razma\.gradle\caches\journal-1)"        [_thread_blocked, id=28036, stack(0x000000babf800000,0x000000babf900000) (1024K)]
  0x000002314fbaaaa0 JavaThread "File lock request listener"        [_thread_in_native, id=19688, stack(0x000000babf900000,0x000000babfa00000) (1024K)]
  0x000002314fba9060 JavaThread "Cache worker for file hash cache (C:\Users\razma\.gradle\caches\8.13\fileHashes)"        [_thread_blocked, id=2964, stack(0x000000babfa00000,0x000000babfb00000) (1024K)]
  0x0000023150fb2ba0 JavaThread "File watcher server"        daemon [_thread_in_native, id=3240, stack(0x000000babfe00000,0x000000babff00000) (1024K)]
  0x0000023150fba1c0 JavaThread "File watcher consumer"      daemon [_thread_blocked, id=29280, stack(0x000000babff00000,0x000000bac0000000) (1024K)]
  0x0000023150fb5300 JavaThread "jar transforms"                    [_thread_blocked, id=30036, stack(0x000000bac0000000,0x000000bac0100000) (1024K)]
  0x0000023150fb38c0 JavaThread "jar transforms Thread 2"           [_thread_blocked, id=11672, stack(0x000000bac0100000,0x000000bac0200000) (1024K)]
  0x0000023150fb4c70 JavaThread "jar transforms Thread 3"           [_thread_blocked, id=1964, stack(0x000000bac0200000,0x000000bac0300000) (1024K)]
  0x0000023150fb73d0 JavaThread "jar transforms Thread 4"           [_thread_blocked, id=16640, stack(0x000000bac0300000,0x000000bac0400000) (1024K)]
  0x0000023150fb66b0 JavaThread "jar transforms Thread 5"           [_thread_blocked, id=1228, stack(0x000000bac0400000,0x000000bac0500000) (1024K)]
  0x0000023150fb3f50 JavaThread "jar transforms Thread 6"           [_thread_blocked, id=676, stack(0x000000bac0500000,0x000000bac0600000) (1024K)]
  0x0000023150fb3230 JavaThread "jar transforms Thread 7"           [_thread_blocked, id=24368, stack(0x000000bac0600000,0x000000bac0700000) (1024K)]
  0x0000023150fb5990 JavaThread "jar transforms Thread 8"           [_thread_blocked, id=30292, stack(0x000000bac0700000,0x000000bac0800000) (1024K)]
  0x0000023150fb8e10 JavaThread "Cache worker for file content cache (C:\Users\razma\.gradle\caches\8.13\fileContent)"        [_thread_blocked, id=29588, stack(0x000000bac0900000,0x000000bac0a00000) (1024K)]
  0x000002314f0b2c80 JavaThread "Memory manager"                    [_thread_blocked, id=8428, stack(0x000000bac3d00000,0x000000bac3e00000) (1024K)]
  0x00000231553fed50 JavaThread "pool-3-thread-1"                   [_thread_blocked, id=6216, stack(0x000000bac6900000,0x000000bac6a00000) (1024K)]
  0x000002315566e3f0 JavaThread "pool-6-thread-1"                   [_thread_blocked, id=19372, stack(0x000000bac5100000,0x000000bac5200000) (1024K)]
  0x000002315cfc8d20 JavaThread "RMI Scheduler(0)"           daemon [_thread_blocked, id=25584, stack(0x000000babf700000,0x000000babf800000) (1024K)]
  0x000002315cfccec0 JavaThread "RMI GC Daemon"              daemon [_thread_blocked, id=8676, stack(0x000000bac7e00000,0x000000bac7f00000) (1024K)]
  0x000002315cfcbb10 JavaThread "RMI TCP Accept-0"           daemon [_thread_in_native, id=24164, stack(0x000000bac8000000,0x000000bac8100000) (1024K)]
  0x00000231624cff50 JavaThread "RMI Reaper"                        [_thread_blocked, id=34840, stack(0x000000bac8100000,0x000000bac8200000) (1024K)]
  0x0000023162883060 JavaThread "pool-9-thread-1"                   [_thread_blocked, id=37924, stack(0x000000bac1e00000,0x000000bac1f00000) (1024K)]
  0x000002315cc15ba0 JavaThread "pool-12-thread-1"                  [_thread_blocked, id=21012, stack(0x000000bac1d00000,0x000000bac1e00000) (1024K)]
  0x00000231621fb2b0 JavaThread "Cache worker for Java compile cache (C:\Users\razma\.gradle\caches\8.13\javaCompile)"        [_thread_blocked, id=4112, stack(0x000000bac2a00000,0x000000bac2b00000) (1024K)]
  0x000002315c9f3db0 JavaThread "pool-15-thread-1"                  [_thread_blocked, id=30392, stack(0x000000bac1f00000,0x000000bac2000000) (1024K)]
  0x000002315566dd60 JavaThread "pool-17-thread-1"                  [_thread_blocked, id=20876, stack(0x000000bac1c00000,0x000000bac1d00000) (1024K)]
  0x000002315c9f5160 JavaThread "pool-20-thread-1"                  [_thread_blocked, id=27840, stack(0x000000bac2100000,0x000000bac2200000) (1024K)]
  0x000002315db48f90 JavaThread "pool-23-thread-1"                  [_thread_blocked, id=3432, stack(0x000000bac1b00000,0x000000bac1c00000) (1024K)]
  0x00000231553fb8d0 JavaThread "pool-26-thread-1"                  [_thread_blocked, id=10916, stack(0x000000bac2000000,0x000000bac2100000) (1024K)]
  0x00000231624ceba0 JavaThread "pool-29-thread-1"                  [_thread_blocked, id=27776, stack(0x000000bac2300000,0x000000bac2400000) (1024K)]
  0x000002315c9f4440 JavaThread "pool-32-thread-1"                  [_thread_blocked, id=33848, stack(0x000000bac2500000,0x000000bac2600000) (1024K)]
  0x00000231545faa60 JavaThread "RMI TCP Connection(69)-127.0.0.1" daemon [_thread_in_native, id=9856, stack(0x000000babd000000,0x000000babd100000) (1024K)]
  0x00000231545f8990 JavaThread "RMI TCP Connection(71)-127.0.0.1" daemon [_thread_in_native, id=21588, stack(0x000000babd200000,0x000000babd300000) (1024K)]
  0x000002315cd48230 JavaThread "Daemon Thread 11"                  [_thread_blocked, id=37296, stack(0x000000babe500000,0x000000babe600000) (1024K)]
  0x0000023154277240 JavaThread "Daemon worker Thread 11"           [_thread_blocked, id=9568, stack(0x000000babf300000,0x000000babf400000) (1024K)]
  0x00000231553f6a10 JavaThread "included builds"                   [_thread_blocked, id=25608, stack(0x000000bac1500000,0x000000bac1600000) (1024K)]
  0x0000023164b65080 JavaThread "pool-35-thread-1"                  [_thread_blocked, id=30756, stack(0x000000bac2700000,0x000000bac2800000) (1024K)]
  0x00000231553f5cf0 JavaThread "RMI TCP Connection(70)-127.0.0.1" daemon [_thread_in_native, id=27504, stack(0x000000bac2e00000,0x000000bac2f00000) (1024K)]
  0x00000231652508d0 JavaThread "RMI TCP Connection(67)-127.0.0.1" daemon [_thread_in_native, id=19564, stack(0x000000bac3b00000,0x000000bac3c00000) (1024K)]
  0x0000023155668810 JavaThread "ForkJoinPool.commonPool-worker-50" daemon [_thread_blocked, id=12072, stack(0x000000bac3e00000,0x000000bac3f00000) (1024K)]
  0x000002315cd49c70 JavaThread "ForkJoinPool.commonPool-worker-51" daemon [_thread_blocked, id=37356, stack(0x000000bac3f00000,0x000000bac4000000) (1024K)]
  0x0000023163039190 JavaThread "ForkJoinPool.commonPool-worker-52" daemon [_thread_blocked, id=21944, stack(0x000000bac4000000,0x000000bac4100000) (1024K)]
  0x00000231545f68c0 JavaThread "ForkJoinPool.commonPool-worker-53" daemon [_thread_blocked, id=26900, stack(0x000000bac4100000,0x000000bac4200000) (1024K)]
  0x0000023155668ea0 JavaThread "ForkJoinPool.commonPool-worker-54" daemon [_thread_blocked, id=2208, stack(0x000000bac4200000,0x000000bac4300000) (1024K)]
  0x000002315566f110 JavaThread "ForkJoinPool.commonPool-worker-55" daemon [_thread_blocked, id=25992, stack(0x000000bac4300000,0x000000bac4400000) (1024K)]
  0x00000231545f9020 JavaThread "ForkJoinPool.commonPool-worker-56" daemon [_thread_blocked, id=25988, stack(0x000000bac4400000,0x000000bac4500000) (1024K)]
  0x000002315cd47510 JavaThread "VFS cleanup Thread 11"             [_thread_blocked, id=7520, stack(0x000000babf400000,0x000000babf500000) (1024K)]
  0x000002315cd488c0 JavaThread "Handler for socket connection from /127.0.0.1:52515 to /127.0.0.1:55423"        [_thread_in_native, id=29436, stack(0x000000babf000000,0x000000babf100000) (1024K)]
  0x000002315cd48f50 JavaThread "Cancel handler"                    [_thread_blocked, id=29808, stack(0x000000babf200000,0x000000babf300000) (1024K)]
  0x00000231553f4fd0 JavaThread "Asynchronous log dispatcher for DefaultDaemonConnection: socket connection from /127.0.0.1:52515 to /127.0.0.1:55423"        [_thread_blocked, id=19660, stack(0x000000babf600000,0x000000babf700000) (1024K)]
  0x00000231553f7730 JavaThread "Stdin handler"                     [_thread_blocked, id=37712, stack(0x000000babfb00000,0x000000babfc00000) (1024K)]
  0x00000231553f70a0 JavaThread "Daemon client event forwarder"        [_thread_blocked, id=21420, stack(0x000000babfc00000,0x000000babfd00000) (1024K)]
  0x00000231553f8ae0 JavaThread "Cache worker for file hash cache (C:\Users\razma\Desktop\TBC_Final\TBC_Final\.gradle\8.13\fileHashes)"        [_thread_blocked, id=30468, stack(0x000000babfd00000,0x000000babfe00000) (1024K)]
  0x00000231553f9e90 JavaThread "Cache worker for checksums cache (C:\Users\razma\Desktop\TBC_Final\TBC_Final\.gradle\8.13\checksums)"        [_thread_blocked, id=19676, stack(0x000000bac0800000,0x000000bac0900000) (1024K)]
  0x00000231553fa520 JavaThread "Cache worker for Build Output Cleanup Cache (C:\Users\razma\Desktop\TBC_Final\TBC_Final\.gradle\buildOutputCleanup)"        [_thread_blocked, id=30952, stack(0x000000bac0a00000,0x000000bac0b00000) (1024K)]
  0x000002315566a250 JavaThread "build event listener"              [_thread_blocked, id=24716, stack(0x000000bac0c00000,0x000000bac0d00000) (1024K)]
  0x000002315566c9b0 JavaThread "build event listener"              [_thread_blocked, id=2908, stack(0x000000bac0d00000,0x000000bac0e00000) (1024K)]
  0x0000023155669530 JavaThread "build event listener"              [_thread_blocked, id=23100, stack(0x000000bac0e00000,0x000000bac0f00000) (1024K)]
  0x000002315566c320 JavaThread "Build operations"                  [_thread_blocked, id=29528, stack(0x000000bac0f00000,0x000000bac1000000) (1024K)]
  0x000002315566a8e0 JavaThread "Build operations Thread 2"         [_thread_blocked, id=24464, stack(0x000000bac1000000,0x000000bac1100000) (1024K)]
  0x000002315566af70 JavaThread "Build operations Thread 3"         [_thread_blocked, id=21360, stack(0x000000bac1100000,0x000000bac1200000) (1024K)]
  0x0000023154272a10 JavaThread "Build operations Thread 4"         [_thread_blocked, id=26236, stack(0x000000bac1200000,0x000000bac1300000) (1024K)]
  0x0000023154273dc0 JavaThread "Build operations Thread 5"         [_thread_blocked, id=29136, stack(0x000000bac1300000,0x000000bac1400000) (1024K)]
  0x0000023154272380 JavaThread "Build operations Thread 6"         [_thread_blocked, id=26556, stack(0x000000bac1400000,0x000000bac1500000) (1024K)]
  0x0000023154271cf0 JavaThread "Build operations Thread 7"         [_thread_blocked, id=28780, stack(0x000000bac1600000,0x000000bac1700000) (1024K)]
  0x000002315514aa00 JavaThread "included builds"                   [_thread_blocked, id=29592, stack(0x000000bac1800000,0x000000bac1900000) (1024K)]
  0x0000023155144790 JavaThread "Execution worker"                  [_thread_blocked, id=15036, stack(0x000000bac1900000,0x000000bac1a00000) (1024K)]
  0x0000023155146860 JavaThread "Execution worker Thread 2"         [_thread_blocked, id=7208, stack(0x000000bac1a00000,0x000000bac1b00000) (1024K)]
  0x0000023155144100 JavaThread "Execution worker Thread 3"         [_thread_blocked, id=5424, stack(0x000000bac2200000,0x000000bac2300000) (1024K)]
  0x0000023155148fc0 JavaThread "Execution worker Thread 4"         [_thread_blocked, id=21436, stack(0x000000bac2400000,0x000000bac2500000) (1024K)]
  0x0000023155145b40 JavaThread "Execution worker Thread 5"         [_thread_blocked, id=29020, stack(0x000000bac2600000,0x000000bac2700000) (1024K)]
  0x0000023155144e20 JavaThread "Execution worker Thread 6"         [_thread_blocked, id=29008, stack(0x000000bac2800000,0x000000bac2900000) (1024K)]
  0x00000231551454b0 JavaThread "Execution worker Thread 7"         [_thread_blocked, id=26740, stack(0x000000bac2900000,0x000000bac2a00000) (1024K)]
  0x000002315566d040 JavaThread "Cache worker for execution history cache (C:\Users\razma\Desktop\TBC_Final\TBC_Final\.gradle\8.13\executionHistory)"        [_thread_blocked, id=1540, stack(0x000000bac2b00000,0x000000bac2c00000) (1024K)]
  0x00000231545f6230 JavaThread "pool-38-thread-1"                  [_thread_blocked, id=1664, stack(0x000000bac2c00000,0x000000bac2d00000) (1024K)]
  0x0000023155146ef0 JavaThread "WorkerExecutor Queue"              [_thread_blocked, id=23060, stack(0x000000bac1700000,0x000000bac1800000) (1024K)]
  0x00000231545f7c70 JavaThread "WorkerExecutor Queue Thread 2"        [_thread_blocked, id=29792, stack(0x000000bac0b00000,0x000000bac0c00000) (1024K)]
  0x00000231545fbe10 JavaThread "WorkerExecutor Queue Thread 3"        [_thread_blocked, id=24944, stack(0x000000bac3000000,0x000000bac3100000) (1024K)]
  0x000002315566bc90 JavaThread "WorkerExecutor Queue Thread 4"        [_thread_blocked, id=23588, stack(0x000000bac2d00000,0x000000bac2e00000) (1024K)]
  0x0000023155149ce0 JavaThread "WorkerExecutor Queue Thread 5"        [_thread_blocked, id=28728, stack(0x000000bac2f00000,0x000000bac3000000) (1024K)]
  0x0000023155147c10 JavaThread "WorkerExecutor Queue Thread 6"        [_thread_in_native, id=11840, stack(0x000000bac3100000,0x000000bac3200000) (1024K)]
  0x0000023163217e90 JavaThread "C2 CompilerThread1"         daemon [_thread_in_native, id=9096, stack(0x000000bac3200000,0x000000bac3300000) (1024K)]
=>0x0000023163219300 JavaThread "C2 CompilerThread2"         daemon [_thread_in_native, id=38028, stack(0x000000bac3300000,0x000000bac3400000) (1024K)]
  0x0000023154276bb0 JavaThread "Unconstrained build operations"        [_thread_blocked, id=22452, stack(0x000000bac3400000,0x000000bac3500000) (1024K)]
  0x000002316273d9f0 JavaThread "WorkerExecutor Queue Thread 7"        [_thread_blocked, id=33416, stack(0x000000bac3500000,0x000000bac3600000) (1024K)]
  0x00000231553fabb0 JavaThread "Unconstrained build operations Thread 2"        [_thread_blocked, id=760, stack(0x000000bac3600000,0x000000bac3700000) (1024K)]
  0x00000231542730a0 JavaThread "WorkerExecutor Queue Thread 8"        [_thread_blocked, id=38888, stack(0x000000bac3700000,0x000000bac3800000) (1024K)]
  0x00000231630df050 JavaThread "RMI RenewClean-[127.0.0.1:17379,org.jetbrains.kotlin.daemon.common.LoopbackNetworkInterface$ClientLoopbackSocketFactory@56ac6afb]" daemon [_thread_blocked, id=38312, stack(0x000000bac3800000,0x000000bac3900000) (1024K)]
  0x0000023154274450 JavaThread "RMI TCP Connection(72)-127.0.0.1" daemon [_thread_in_native, id=28552, stack(0x000000bac3900000,0x000000bac3a00000) (1024K)]
Total: 103

Other Threads:
  0x000002314946fb80 VMThread "VM Thread"                           [id=6436, stack(0x000000babda00000,0x000000babdb00000) (1024K)]
  0x0000023149420b10 WatcherThread "VM Periodic Task Thread"        [id=16488, stack(0x000000babd900000,0x000000babda00000) (1024K)]
  0x0000023131ce79e0 WorkerThread "GC Thread#0"                     [id=25196, stack(0x000000babd400000,0x000000babd500000) (1024K)]
  0x000002314e51de70 WorkerThread "GC Thread#1"                     [id=37408, stack(0x000000babe700000,0x000000babe800000) (1024K)]
  0x000002314e528360 WorkerThread "GC Thread#2"                     [id=11068, stack(0x000000babe800000,0x000000babe900000) (1024K)]
  0x000002314e528700 WorkerThread "GC Thread#3"                     [id=10504, stack(0x000000babe900000,0x000000babea00000) (1024K)]
  0x000002314e528aa0 WorkerThread "GC Thread#4"                     [id=488, stack(0x000000babea00000,0x000000babeb00000) (1024K)]
  0x000002314e3d9f50 WorkerThread "GC Thread#5"                     [id=24208, stack(0x000000babeb00000,0x000000babec00000) (1024K)]
  0x000002314e380c10 WorkerThread "GC Thread#6"                     [id=38292, stack(0x000000babec00000,0x000000babed00000) (1024K)]
  0x000002314e380fb0 WorkerThread "GC Thread#7"                     [id=11624, stack(0x000000babed00000,0x000000babee00000) (1024K)]
  0x0000023131cf8a40 ConcurrentGCThread "G1 Main Marker"            [id=8736, stack(0x000000babd500000,0x000000babd600000) (1024K)]
  0x0000023131cfbc10 WorkerThread "G1 Conc#0"                       [id=20908, stack(0x000000babd600000,0x000000babd700000) (1024K)]
  0x000002314fad70d0 WorkerThread "G1 Conc#1"                       [id=25416, stack(0x000000babf500000,0x000000babf600000) (1024K)]
  0x0000023131d5e530 ConcurrentGCThread "G1 Refine#0"               [id=7784, stack(0x000000babd700000,0x000000babd800000) (1024K)]
  0x00000231492e1b50 ConcurrentGCThread "G1 Service"                [id=37424, stack(0x000000babd800000,0x000000babd900000) (1024K)]
Total: 15

Threads with active compile tasks:
C2 CompilerThread0  2008289 62765 %     4       com.android.tools.r8.internal.VS::a @ 1351 (2024 bytes)
C2 CompilerThread1  2008289 62766       4       com.android.tools.r8.internal.Sn::b (3604 bytes)
C2 CompilerThread2  2008290 62748 %     4       com.android.tools.r8.internal.oB::a @ 1021 (3928 bytes)
Total: 3

VM state: not at safepoint (normal execution)

VM Mutex/Monitor currently owned by a thread: None

Heap address: 0x0000000080000000, size: 2048 MB, Compressed Oops mode: 32-bit

CDS archive(s) not mapped
Compressed class space mapped at: 0x0000000100000000-0x0000000140000000, reserved size: 1073741824
Narrow klass base: 0x0000000000000000, Narrow klass shift: 3, Narrow klass range: 0x140000000

GC Precious Log:
 CardTable entry size: 512
 Card Set container configuration: InlinePtr #cards 5 size 8 Array Of Cards #cards 12 size 40 Howl #buckets 4 coarsen threshold 1843 Howl Bitmap #cards 512 size 80 coarsen threshold 460 Card regions per heap region 1 cards per card region 2048
 CPUs: 8 total, 8 available
 Memory: 24469M
 Large Page Support: Disabled
 NUMA Support: Disabled
 Compressed Oops: Enabled (32-bit)
 Heap Region Size: 1M
 Heap Min Capacity: 8M
 Heap Initial Capacity: 384M
 Heap Max Capacity: 2G
 Pre-touch: Disabled
 Parallel Workers: 8
 Concurrent Workers: 2
 Concurrent Refinement Workers: 8
 Periodic GC: Disabled

Heap:
 garbage-first heap   total 906240K, used 524800K [0x0000000080000000, 0x0000000100000000)
  region size 1024K, 186 young (190464K), 34 survivors (34816K)
 Metaspace       used 259830K, committed 269952K, reserved 1310720K
  class space    used 33137K, committed 36992K, reserved 1048576K

Heap Regions: E=young(eden), S=young(survivor), O=old, HS=humongous(starts), HC=humongous(continues), CS=collection set, F=free, TAMS=top-at-mark-start, PB=parsable bottom
|   0|0x0000000080000000, 0x0000000080100000, 0x0000000080100000|100%|HS|  |TAMS 0x0000000080000000| PB 0x0000000080000000| Complete 
|   1|0x0000000080100000, 0x0000000080200000, 0x0000000080200000|100%|HC|  |TAMS 0x0000000080100000| PB 0x0000000080100000| Complete 
|   2|0x0000000080200000, 0x0000000080300000, 0x0000000080300000|100%|HC|  |TAMS 0x0000000080200000| PB 0x0000000080200000| Complete 
|   3|0x0000000080300000, 0x0000000080400000, 0x0000000080400000|100%| O|  |TAMS 0x0000000080300000| PB 0x0000000080300000| Untracked 
|   4|0x0000000080400000, 0x0000000080500000, 0x0000000080500000|100%| O|  |TAMS 0x0000000080400000| PB 0x0000000080400000| Untracked 
|   5|0x0000000080500000, 0x0000000080600000, 0x0000000080600000|100%| O|  |TAMS 0x0000000080500000| PB 0x0000000080500000| Untracked 
|   6|0x0000000080600000, 0x0000000080700000, 0x0000000080700000|100%|HS|  |TAMS 0x0000000080600000| PB 0x0000000080600000| Complete 
|   7|0x0000000080700000, 0x0000000080800000, 0x0000000080800000|100%| O|  |TAMS 0x0000000080700000| PB 0x0000000080700000| Untracked 
|   8|0x0000000080800000, 0x0000000080900000, 0x0000000080900000|100%| O|  |TAMS 0x0000000080800000| PB 0x0000000080800000| Untracked 
|   9|0x0000000080900000, 0x0000000080a00000, 0x0000000080a00000|100%| O|  |TAMS 0x0000000080900000| PB 0x0000000080900000| Untracked 
|  10|0x0000000080a00000, 0x0000000080b00000, 0x0000000080b00000|100%| O|  |TAMS 0x0000000080a00000| PB 0x0000000080a00000| Untracked 
|  11|0x0000000080b00000, 0x0000000080c00000, 0x0000000080c00000|100%| O|  |TAMS 0x0000000080b00000| PB 0x0000000080b00000| Untracked 
|  12|0x0000000080c00000, 0x0000000080d00000, 0x0000000080d00000|100%| O|  |TAMS 0x0000000080c00000| PB 0x0000000080c00000| Untracked 
|  13|0x0000000080d00000, 0x0000000080e00000, 0x0000000080e00000|100%| O|  |TAMS 0x0000000080d00000| PB 0x0000000080d00000| Untracked 
|  14|0x0000000080e00000, 0x0000000080f00000, 0x0000000080f00000|100%| O|Cm|TAMS 0x0000000080e00000| PB 0x0000000080e00000| Complete 
|  15|0x0000000080f00000, 0x0000000081000000, 0x0000000081000000|100%| O|  |TAMS 0x0000000080f00000| PB 0x0000000080f00000| Untracked 
|  16|0x0000000081000000, 0x0000000081100000, 0x0000000081100000|100%| O|  |TAMS 0x0000000081000000| PB 0x0000000081000000| Untracked 
|  17|0x0000000081100000, 0x0000000081200000, 0x0000000081200000|100%| O|  |TAMS 0x0000000081100000| PB 0x0000000081100000| Untracked 
|  18|0x0000000081200000, 0x0000000081300000, 0x0000000081300000|100%| O|  |TAMS 0x0000000081200000| PB 0x0000000081200000| Untracked 
|  19|0x0000000081300000, 0x0000000081400000, 0x0000000081400000|100%| O|  |TAMS 0x0000000081300000| PB 0x0000000081300000| Untracked 
|  20|0x0000000081400000, 0x0000000081500000, 0x0000000081500000|100%| O|  |TAMS 0x0000000081400000| PB 0x0000000081400000| Untracked 
|  21|0x0000000081500000, 0x0000000081600000, 0x0000000081600000|100%| O|  |TAMS 0x0000000081500000| PB 0x0000000081500000| Untracked 
|  22|0x0000000081600000, 0x0000000081700000, 0x0000000081700000|100%|HS|  |TAMS 0x0000000081600000| PB 0x0000000081600000| Complete 
|  23|0x0000000081700000, 0x0000000081800000, 0x0000000081800000|100%|HC|  |TAMS 0x0000000081700000| PB 0x0000000081700000| Complete 
|  24|0x0000000081800000, 0x0000000081900000, 0x0000000081900000|100%|HC|  |TAMS 0x0000000081800000| PB 0x0000000081800000| Complete 
|  25|0x0000000081900000, 0x0000000081a00000, 0x0000000081a00000|100%|HC|  |TAMS 0x0000000081900000| PB 0x0000000081900000| Complete 
|  26|0x0000000081a00000, 0x0000000081b00000, 0x0000000081b00000|100%|HC|  |TAMS 0x0000000081a00000| PB 0x0000000081a00000| Complete 
|  27|0x0000000081b00000, 0x0000000081c00000, 0x0000000081c00000|100%|HC|  |TAMS 0x0000000081b00000| PB 0x0000000081b00000| Complete 
|  28|0x0000000081c00000, 0x0000000081d00000, 0x0000000081d00000|100%|HS|  |TAMS 0x0000000081c00000| PB 0x0000000081c00000| Complete 
|  29|0x0000000081d00000, 0x0000000081e00000, 0x0000000081e00000|100%|HS|  |TAMS 0x0000000081d00000| PB 0x0000000081d00000| Complete 
|  30|0x0000000081e00000, 0x0000000081f00000, 0x0000000081f00000|100%|HC|  |TAMS 0x0000000081e00000| PB 0x0000000081e00000| Complete 
|  31|0x0000000081f00000, 0x0000000082000000, 0x0000000082000000|100%|HC|  |TAMS 0x0000000081f00000| PB 0x0000000081f00000| Complete 
|  32|0x0000000082000000, 0x0000000082100000, 0x0000000082100000|100%|HC|  |TAMS 0x0000000082000000| PB 0x0000000082000000| Complete 
|  33|0x0000000082100000, 0x0000000082200000, 0x0000000082200000|100%|HS|  |TAMS 0x0000000082100000| PB 0x0000000082100000| Complete 
|  34|0x0000000082200000, 0x0000000082300000, 0x0000000082300000|100%|HC|  |TAMS 0x0000000082200000| PB 0x0000000082200000| Complete 
|  35|0x0000000082300000, 0x0000000082400000, 0x0000000082400000|100%|HS|  |TAMS 0x0000000082300000| PB 0x0000000082300000| Complete 
|  36|0x0000000082400000, 0x0000000082500000, 0x0000000082500000|100%| O|  |TAMS 0x0000000082400000| PB 0x0000000082400000| Untracked 
|  37|0x0000000082500000, 0x0000000082600000, 0x0000000082600000|100%| O|Cm|TAMS 0x0000000082500000| PB 0x0000000082500000| Complete 
|  38|0x0000000082600000, 0x0000000082700000, 0x0000000082700000|100%| O|  |TAMS 0x0000000082600000| PB 0x0000000082600000| Untracked 
|  39|0x0000000082700000, 0x0000000082800000, 0x0000000082800000|100%| O|  |TAMS 0x0000000082700000| PB 0x0000000082700000| Untracked 
|  40|0x0000000082800000, 0x0000000082900000, 0x0000000082900000|100%|HS|  |TAMS 0x0000000082800000| PB 0x0000000082800000| Complete 
|  41|0x0000000082900000, 0x0000000082a00000, 0x0000000082a00000|100%|HS|  |TAMS 0x0000000082900000| PB 0x0000000082900000| Complete 
|  42|0x0000000082a00000, 0x0000000082b00000, 0x0000000082b00000|100%|HC|  |TAMS 0x0000000082a00000| PB 0x0000000082a00000| Complete 
|  43|0x0000000082b00000, 0x0000000082c00000, 0x0000000082c00000|100%|HC|  |TAMS 0x0000000082b00000| PB 0x0000000082b00000| Complete 
|  44|0x0000000082c00000, 0x0000000082d00000, 0x0000000082d00000|100%|HC|  |TAMS 0x0000000082c00000| PB 0x0000000082c00000| Complete 
|  45|0x0000000082d00000, 0x0000000082e00000, 0x0000000082e00000|100%|HC|  |TAMS 0x0000000082d00000| PB 0x0000000082d00000| Complete 
|  46|0x0000000082e00000, 0x0000000082f00000, 0x0000000082f00000|100%|HC|  |TAMS 0x0000000082e00000| PB 0x0000000082e00000| Complete 
|  47|0x0000000082f00000, 0x0000000083000000, 0x0000000083000000|100%|HS|  |TAMS 0x0000000082f00000| PB 0x0000000082f00000| Complete 
|  48|0x0000000083000000, 0x0000000083100000, 0x0000000083100000|100%|HS|  |TAMS 0x0000000083000000| PB 0x0000000083000000| Complete 
|  49|0x0000000083100000, 0x0000000083200000, 0x0000000083200000|100%|HC|  |TAMS 0x0000000083100000| PB 0x0000000083100000| Complete 
|  50|0x0000000083200000, 0x0000000083300000, 0x0000000083300000|100%|HC|  |TAMS 0x0000000083200000| PB 0x0000000083200000| Complete 
|  51|0x0000000083300000, 0x0000000083400000, 0x0000000083400000|100%|HC|  |TAMS 0x0000000083300000| PB 0x0000000083300000| Complete 
|  52|0x0000000083400000, 0x0000000083500000, 0x0000000083500000|100%| O|  |TAMS 0x0000000083400000| PB 0x0000000083400000| Untracked 
|  53|0x0000000083500000, 0x0000000083600000, 0x0000000083600000|100%| O|  |TAMS 0x0000000083500000| PB 0x0000000083500000| Untracked 
|  54|0x0000000083600000, 0x0000000083700000, 0x0000000083700000|100%|HS|  |TAMS 0x0000000083600000| PB 0x0000000083600000| Complete 
|  55|0x0000000083700000, 0x0000000083800000, 0x0000000083800000|100%|HC|  |TAMS 0x0000000083700000| PB 0x0000000083700000| Complete 
|  56|0x0000000083800000, 0x0000000083900000, 0x0000000083900000|100%|HS|  |TAMS 0x0000000083800000| PB 0x0000000083800000| Complete 
|  57|0x0000000083900000, 0x0000000083a00000, 0x0000000083a00000|100%|HS|  |TAMS 0x0000000083900000| PB 0x0000000083900000| Complete 
|  58|0x0000000083a00000, 0x0000000083b00000, 0x0000000083b00000|100%|HC|  |TAMS 0x0000000083a00000| PB 0x0000000083a00000| Complete 
|  59|0x0000000083b00000, 0x0000000083c00000, 0x0000000083c00000|100%|HS|  |TAMS 0x0000000083b00000| PB 0x0000000083b00000| Complete 
|  60|0x0000000083c00000, 0x0000000083d00000, 0x0000000083d00000|100%|HC|  |TAMS 0x0000000083c00000| PB 0x0000000083c00000| Complete 
|  61|0x0000000083d00000, 0x0000000083e00000, 0x0000000083e00000|100%|HC|  |TAMS 0x0000000083d00000| PB 0x0000000083d00000| Complete 
|  62|0x0000000083e00000, 0x0000000083f00000, 0x0000000083f00000|100%|HC|  |TAMS 0x0000000083e00000| PB 0x0000000083e00000| Complete 
|  63|0x0000000083f00000, 0x0000000084000000, 0x0000000084000000|100%|HC|  |TAMS 0x0000000083f00000| PB 0x0000000083f00000| Complete 
|  64|0x0000000084000000, 0x0000000084100000, 0x0000000084100000|100%|HC|  |TAMS 0x0000000084000000| PB 0x0000000084000000| Complete 
|  65|0x0000000084100000, 0x0000000084200000, 0x0000000084200000|100%|HS|  |TAMS 0x0000000084100000| PB 0x0000000084100000| Complete 
|  66|0x0000000084200000, 0x0000000084300000, 0x0000000084300000|100%| O|  |TAMS 0x0000000084200000| PB 0x0000000084200000| Untracked 
|  67|0x0000000084300000, 0x0000000084400000, 0x0000000084400000|100%| O|  |TAMS 0x0000000084300000| PB 0x0000000084300000| Untracked 
|  68|0x0000000084400000, 0x0000000084500000, 0x0000000084500000|100%| O|Cm|TAMS 0x0000000084400000| PB 0x0000000084400000| Complete 
|  69|0x0000000084500000, 0x0000000084600000, 0x0000000084600000|100%| O|  |TAMS 0x0000000084500000| PB 0x0000000084500000| Untracked 
|  70|0x0000000084600000, 0x0000000084700000, 0x0000000084700000|100%| O|Cm|TAMS 0x0000000084600000| PB 0x0000000084600000| Complete 
|  71|0x0000000084700000, 0x0000000084800000, 0x0000000084800000|100%| O|  |TAMS 0x0000000084700000| PB 0x0000000084700000| Untracked 
|  72|0x0000000084800000, 0x0000000084900000, 0x0000000084900000|100%| O|  |TAMS 0x0000000084800000| PB 0x0000000084800000| Untracked 
|  73|0x0000000084900000, 0x0000000084a00000, 0x0000000084a00000|100%|HS|  |TAMS 0x0000000084900000| PB 0x0000000084900000| Complete 
|  74|0x0000000084a00000, 0x0000000084b00000, 0x0000000084b00000|100%|HS|  |TAMS 0x0000000084a00000| PB 0x0000000084a00000| Complete 
|  75|0x0000000084b00000, 0x0000000084c00000, 0x0000000084c00000|100%| O|Cm|TAMS 0x0000000084b00000| PB 0x0000000084b00000| Complete 
|  76|0x0000000084c00000, 0x0000000084d00000, 0x0000000084d00000|100%| O|  |TAMS 0x0000000084c00000| PB 0x0000000084c00000| Untracked 
|  77|0x0000000084d00000, 0x0000000084e00000, 0x0000000084e00000|100%| O|  |TAMS 0x0000000084d00000| PB 0x0000000084d00000| Untracked 
|  78|0x0000000084e00000, 0x0000000084f00000, 0x0000000084f00000|100%| O|Cm|TAMS 0x0000000084e00000| PB 0x0000000084e00000| Complete 
|  79|0x0000000084f00000, 0x0000000085000000, 0x0000000085000000|100%|HS|  |TAMS 0x0000000084f00000| PB 0x0000000084f00000| Complete 
|  80|0x0000000085000000, 0x0000000085100000, 0x0000000085100000|100%|HC|  |TAMS 0x0000000085000000| PB 0x0000000085000000| Complete 
|  81|0x0000000085100000, 0x0000000085200000, 0x0000000085200000|100%|HC|  |TAMS 0x0000000085100000| PB 0x0000000085100000| Complete 
|  82|0x0000000085200000, 0x0000000085300000, 0x0000000085300000|100%|HC|  |TAMS 0x0000000085200000| PB 0x0000000085200000| Complete 
|  83|0x0000000085300000, 0x0000000085400000, 0x0000000085400000|100%|HC|  |TAMS 0x0000000085300000| PB 0x0000000085300000| Complete 
|  84|0x0000000085400000, 0x0000000085500000, 0x0000000085500000|100%|HC|  |TAMS 0x0000000085400000| PB 0x0000000085400000| Complete 
|  85|0x0000000085500000, 0x0000000085600000, 0x0000000085600000|100%| O|  |TAMS 0x0000000085500000| PB 0x0000000085500000| Untracked 
|  86|0x0000000085600000, 0x0000000085700000, 0x0000000085700000|100%| O|  |TAMS 0x0000000085600000| PB 0x0000000085600000| Untracked 
|  87|0x0000000085700000, 0x0000000085800000, 0x0000000085800000|100%| O|  |TAMS 0x0000000085700000| PB 0x0000000085700000| Untracked 
|  88|0x0000000085800000, 0x0000000085900000, 0x0000000085900000|100%| O|  |TAMS 0x0000000085800000| PB 0x0000000085800000| Untracked 
|  89|0x0000000085900000, 0x0000000085a00000, 0x0000000085a00000|100%| O|Cm|TAMS 0x0000000085900000| PB 0x0000000085900000| Complete 
|  90|0x0000000085a00000, 0x0000000085b00000, 0x0000000085b00000|100%| O|  |TAMS 0x0000000085a00000| PB 0x0000000085a00000| Untracked 
|  91|0x0000000085b00000, 0x0000000085c00000, 0x0000000085c00000|100%| O|  |TAMS 0x0000000085b00000| PB 0x0000000085b00000| Untracked 
|  92|0x0000000085c00000, 0x0000000085d00000, 0x0000000085d00000|100%| O|  |TAMS 0x0000000085c00000| PB 0x0000000085c00000| Untracked 
|  93|0x0000000085d00000, 0x0000000085e00000, 0x0000000085e00000|100%| O|  |TAMS 0x0000000085d00000| PB 0x0000000085d00000| Untracked 
|  94|0x0000000085e00000, 0x0000000085f00000, 0x0000000085f00000|100%| O|  |TAMS 0x0000000085e00000| PB 0x0000000085e00000| Untracked 
|  95|0x0000000085f00000, 0x0000000086000000, 0x0000000086000000|100%| O|  |TAMS 0x0000000085f00000| PB 0x0000000085f00000| Untracked 
|  96|0x0000000086000000, 0x0000000086100000, 0x0000000086100000|100%| O|  |TAMS 0x0000000086000000| PB 0x0000000086000000| Untracked 
|  97|0x0000000086100000, 0x0000000086200000, 0x0000000086200000|100%| O|  |TAMS 0x0000000086100000| PB 0x0000000086100000| Untracked 
|  98|0x0000000086200000, 0x0000000086200000, 0x0000000086300000|  0%| F|  |TAMS 0x0000000086200000| PB 0x0000000086200000| Untracked 
|  99|0x0000000086300000, 0x0000000086400000, 0x0000000086400000|100%|HS|  |TAMS 0x0000000086300000| PB 0x0000000086300000| Complete 
| 100|0x0000000086400000, 0x0000000086500000, 0x0000000086500000|100%|HS|  |TAMS 0x0000000086400000| PB 0x0000000086400000| Complete 
| 101|0x0000000086500000, 0x0000000086600000, 0x0000000086600000|100%| O|  |TAMS 0x0000000086500000| PB 0x0000000086500000| Untracked 
| 102|0x0000000086600000, 0x0000000086700000, 0x0000000086700000|100%| O|  |TAMS 0x0000000086600000| PB 0x0000000086600000| Untracked 
| 103|0x0000000086700000, 0x0000000086800000, 0x0000000086800000|100%|HS|  |TAMS 0x0000000086700000| PB 0x0000000086700000| Complete 
| 104|0x0000000086800000, 0x0000000086900000, 0x0000000086900000|100%|HC|  |TAMS 0x0000000086800000| PB 0x0000000086800000| Complete 
| 105|0x0000000086900000, 0x0000000086a00000, 0x0000000086a00000|100%|HS|  |TAMS 0x0000000086900000| PB 0x0000000086900000| Complete 
| 106|0x0000000086a00000, 0x0000000086b00000, 0x0000000086b00000|100%|HC|  |TAMS 0x0000000086a00000| PB 0x0000000086a00000| Complete 
| 107|0x0000000086b00000, 0x0000000086c00000, 0x0000000086c00000|100%|HS|  |TAMS 0x0000000086b00000| PB 0x0000000086b00000| Complete 
| 108|0x0000000086c00000, 0x0000000086d00000, 0x0000000086d00000|100%|HC|  |TAMS 0x0000000086c00000| PB 0x0000000086c00000| Complete 
| 109|0x0000000086d00000, 0x0000000086e00000, 0x0000000086e00000|100%|HC|  |TAMS 0x0000000086d00000| PB 0x0000000086d00000| Complete 
| 110|0x0000000086e00000, 0x0000000086f00000, 0x0000000086f00000|100%|HS|  |TAMS 0x0000000086e00000| PB 0x0000000086e00000| Complete 
| 111|0x0000000086f00000, 0x0000000087000000, 0x0000000087000000|100%|HC|  |TAMS 0x0000000086f00000| PB 0x0000000086f00000| Complete 
| 112|0x0000000087000000, 0x0000000087100000, 0x0000000087100000|100%|HC|  |TAMS 0x0000000087000000| PB 0x0000000087000000| Complete 
| 113|0x0000000087100000, 0x0000000087200000, 0x0000000087200000|100%| O|  |TAMS 0x0000000087100000| PB 0x0000000087100000| Untracked 
| 114|0x0000000087200000, 0x0000000087300000, 0x0000000087300000|100%| O|  |TAMS 0x0000000087200000| PB 0x0000000087200000| Untracked 
| 115|0x0000000087300000, 0x0000000087400000, 0x0000000087400000|100%| O|  |TAMS 0x0000000087300000| PB 0x0000000087300000| Untracked 
| 116|0x0000000087400000, 0x0000000087500000, 0x0000000087500000|100%|HS|  |TAMS 0x0000000087400000| PB 0x0000000087400000| Complete 
| 117|0x0000000087500000, 0x0000000087600000, 0x0000000087600000|100%|HC|  |TAMS 0x0000000087500000| PB 0x0000000087500000| Complete 
| 118|0x0000000087600000, 0x0000000087700000, 0x0000000087700000|100%| O|Cm|TAMS 0x0000000087600000| PB 0x0000000087600000| Complete 
| 119|0x0000000087700000, 0x0000000087800000, 0x0000000087800000|100%| O|  |TAMS 0x0000000087700000| PB 0x0000000087700000| Untracked 
| 120|0x0000000087800000, 0x0000000087900000, 0x0000000087900000|100%| O|  |TAMS 0x0000000087800000| PB 0x0000000087800000| Untracked 
| 121|0x0000000087900000, 0x0000000087a00000, 0x0000000087a00000|100%| O|  |TAMS 0x0000000087900000| PB 0x0000000087900000| Untracked 
| 122|0x0000000087a00000, 0x0000000087b00000, 0x0000000087b00000|100%| O|  |TAMS 0x0000000087a00000| PB 0x0000000087a00000| Untracked 
| 123|0x0000000087b00000, 0x0000000087c00000, 0x0000000087c00000|100%| O|Cm|TAMS 0x0000000087b00000| PB 0x0000000087b00000| Complete 
| 124|0x0000000087c00000, 0x0000000087d00000, 0x0000000087d00000|100%| O|Cm|TAMS 0x0000000087c00000| PB 0x0000000087c00000| Complete 
| 125|0x0000000087d00000, 0x0000000087e00000, 0x0000000087e00000|100%| O|  |TAMS 0x0000000087d00000| PB 0x0000000087d00000| Untracked 
| 126|0x0000000087e00000, 0x0000000087f00000, 0x0000000087f00000|100%|HS|  |TAMS 0x0000000087e00000| PB 0x0000000087e00000| Complete 
| 127|0x0000000087f00000, 0x0000000088000000, 0x0000000088000000|100%|HS|  |TAMS 0x0000000087f00000| PB 0x0000000087f00000| Complete 
| 128|0x0000000088000000, 0x0000000088100000, 0x0000000088100000|100%| O|Cm|TAMS 0x0000000088000000| PB 0x0000000088000000| Complete 
| 129|0x0000000088100000, 0x0000000088200000, 0x0000000088200000|100%|HS|  |TAMS 0x0000000088100000| PB 0x0000000088100000| Complete 
| 130|0x0000000088200000, 0x0000000088300000, 0x0000000088300000|100%|HC|  |TAMS 0x0000000088200000| PB 0x0000000088200000| Complete 
| 131|0x0000000088300000, 0x0000000088400000, 0x0000000088400000|100%| O|  |TAMS 0x0000000088300000| PB 0x0000000088300000| Untracked 
| 132|0x0000000088400000, 0x0000000088500000, 0x0000000088500000|100%|HS|  |TAMS 0x0000000088400000| PB 0x0000000088400000| Complete 
| 133|0x0000000088500000, 0x0000000088600000, 0x0000000088600000|100%| O|  |TAMS 0x0000000088500000| PB 0x0000000088500000| Untracked 
| 134|0x0000000088600000, 0x0000000088700000, 0x0000000088700000|100%| O|  |TAMS 0x0000000088600000| PB 0x0000000088600000| Untracked 
| 135|0x0000000088700000, 0x0000000088800000, 0x0000000088800000|100%| O|  |TAMS 0x0000000088700000| PB 0x0000000088700000| Untracked 
| 136|0x0000000088800000, 0x0000000088900000, 0x0000000088900000|100%| O|  |TAMS 0x0000000088800000| PB 0x0000000088800000| Untracked 
| 137|0x0000000088900000, 0x0000000088a00000, 0x0000000088a00000|100%| O|  |TAMS 0x0000000088900000| PB 0x0000000088900000| Untracked 
| 138|0x0000000088a00000, 0x0000000088b00000, 0x0000000088b00000|100%| O|  |TAMS 0x0000000088a00000| PB 0x0000000088a00000| Untracked 
| 139|0x0000000088b00000, 0x0000000088c00000, 0x0000000088c00000|100%| O|  |TAMS 0x0000000088b00000| PB 0x0000000088b00000| Untracked 
| 140|0x0000000088c00000, 0x0000000088c00000, 0x0000000088d00000|  0%| F|  |TAMS 0x0000000088c00000| PB 0x0000000088c00000| Untracked 
| 141|0x0000000088d00000, 0x0000000088e00000, 0x0000000088e00000|100%| O|  |TAMS 0x0000000088d00000| PB 0x0000000088d00000| Untracked 
| 142|0x0000000088e00000, 0x0000000088f00000, 0x0000000088f00000|100%| O|  |TAMS 0x0000000088e00000| PB 0x0000000088e00000| Untracked 
| 143|0x0000000088f00000, 0x0000000089000000, 0x0000000089000000|100%|HS|  |TAMS 0x0000000088f00000| PB 0x0000000088f00000| Complete 
| 144|0x0000000089000000, 0x0000000089100000, 0x0000000089100000|100%|HC|  |TAMS 0x0000000089000000| PB 0x0000000089000000| Complete 
| 145|0x0000000089100000, 0x0000000089200000, 0x0000000089200000|100%| O|  |TAMS 0x0000000089100000| PB 0x0000000089100000| Untracked 
| 146|0x0000000089200000, 0x0000000089300000, 0x0000000089300000|100%| O|  |TAMS 0x0000000089200000| PB 0x0000000089200000| Untracked 
| 147|0x0000000089300000, 0x0000000089400000, 0x0000000089400000|100%|HS|  |TAMS 0x0000000089300000| PB 0x0000000089300000| Complete 
| 148|0x0000000089400000, 0x0000000089400000, 0x0000000089500000|  0%| F|  |TAMS 0x0000000089400000| PB 0x0000000089400000| Untracked 
| 149|0x0000000089500000, 0x0000000089600000, 0x0000000089600000|100%| O|  |TAMS 0x0000000089500000| PB 0x0000000089500000| Untracked 
| 150|0x0000000089600000, 0x0000000089700000, 0x0000000089700000|100%| O|  |TAMS 0x0000000089600000| PB 0x0000000089600000| Untracked 
| 151|0x0000000089700000, 0x0000000089800000, 0x0000000089800000|100%| O|  |TAMS 0x0000000089700000| PB 0x0000000089700000| Untracked 
| 152|0x0000000089800000, 0x0000000089800000, 0x0000000089900000|  0%| F|  |TAMS 0x0000000089800000| PB 0x0000000089800000| Untracked 
| 153|0x0000000089900000, 0x0000000089900000, 0x0000000089a00000|  0%| F|  |TAMS 0x0000000089900000| PB 0x0000000089900000| Untracked 
| 154|0x0000000089a00000, 0x0000000089b00000, 0x0000000089b00000|100%| O|  |TAMS 0x0000000089a00000| PB 0x0000000089a00000| Untracked 
| 155|0x0000000089b00000, 0x0000000089c00000, 0x0000000089c00000|100%| O|  |TAMS 0x0000000089b00000| PB 0x0000000089b00000| Untracked 
| 156|0x0000000089c00000, 0x0000000089d00000, 0x0000000089d00000|100%| O|  |TAMS 0x0000000089c00000| PB 0x0000000089c00000| Untracked 
| 157|0x0000000089d00000, 0x0000000089e00000, 0x0000000089e00000|100%| O|Cm|TAMS 0x0000000089d00000| PB 0x0000000089d00000| Complete 
| 158|0x0000000089e00000, 0x0000000089f00000, 0x0000000089f00000|100%| O|  |TAMS 0x0000000089e00000| PB 0x0000000089e00000| Untracked 
| 159|0x0000000089f00000, 0x000000008a000000, 0x000000008a000000|100%| O|Cm|TAMS 0x0000000089f00000| PB 0x0000000089f00000| Complete 
| 160|0x000000008a000000, 0x000000008a100000, 0x000000008a100000|100%| O|  |TAMS 0x000000008a000000| PB 0x000000008a000000| Untracked 
| 161|0x000000008a100000, 0x000000008a200000, 0x000000008a200000|100%| O|  |TAMS 0x000000008a100000| PB 0x000000008a100000| Untracked 
| 162|0x000000008a200000, 0x000000008a200000, 0x000000008a300000|  0%| F|  |TAMS 0x000000008a200000| PB 0x000000008a200000| Untracked 
| 163|0x000000008a300000, 0x000000008a400000, 0x000000008a400000|100%| O|Cm|TAMS 0x000000008a300000| PB 0x000000008a300000| Complete 
| 164|0x000000008a400000, 0x000000008a500000, 0x000000008a500000|100%| O|  |TAMS 0x000000008a400000| PB 0x000000008a400000| Untracked 
| 165|0x000000008a500000, 0x000000008a600000, 0x000000008a600000|100%| O|  |TAMS 0x000000008a500000| PB 0x000000008a500000| Untracked 
| 166|0x000000008a600000, 0x000000008a700000, 0x000000008a700000|100%| O|  |TAMS 0x000000008a600000| PB 0x000000008a600000| Untracked 
| 167|0x000000008a700000, 0x000000008a800000, 0x000000008a800000|100%| O|Cm|TAMS 0x000000008a700000| PB 0x000000008a700000| Complete 
| 168|0x000000008a800000, 0x000000008a900000, 0x000000008a900000|100%| O|Cm|TAMS 0x000000008a800000| PB 0x000000008a800000| Complete 
| 169|0x000000008a900000, 0x000000008aa00000, 0x000000008aa00000|100%| O|  |TAMS 0x000000008a900000| PB 0x000000008a900000| Untracked 
| 170|0x000000008aa00000, 0x000000008aa00000, 0x000000008ab00000|  0%| F|  |TAMS 0x000000008aa00000| PB 0x000000008aa00000| Untracked 
| 171|0x000000008ab00000, 0x000000008ac00000, 0x000000008ac00000|100%| O|  |TAMS 0x000000008ab00000| PB 0x000000008ab00000| Untracked 
| 172|0x000000008ac00000, 0x000000008ac00000, 0x000000008ad00000|  0%| F|  |TAMS 0x000000008ac00000| PB 0x000000008ac00000| Untracked 
| 173|0x000000008ad00000, 0x000000008ad00000, 0x000000008ae00000|  0%| F|  |TAMS 0x000000008ad00000| PB 0x000000008ad00000| Untracked 
| 174|0x000000008ae00000, 0x000000008ae00000, 0x000000008af00000|  0%| F|  |TAMS 0x000000008ae00000| PB 0x000000008ae00000| Untracked 
| 175|0x000000008af00000, 0x000000008b000000, 0x000000008b000000|100%| O|  |TAMS 0x000000008af00000| PB 0x000000008af00000| Untracked 
| 176|0x000000008b000000, 0x000000008b100000, 0x000000008b100000|100%| O|  |TAMS 0x000000008b000000| PB 0x000000008b000000| Untracked 
| 177|0x000000008b100000, 0x000000008b200000, 0x000000008b200000|100%| O|Cm|TAMS 0x000000008b100000| PB 0x000000008b100000| Complete 
| 178|0x000000008b200000, 0x000000008b300000, 0x000000008b300000|100%| O|  |TAMS 0x000000008b200000| PB 0x000000008b200000| Untracked 
| 179|0x000000008b300000, 0x000000008b300000, 0x000000008b400000|  0%| F|  |TAMS 0x000000008b300000| PB 0x000000008b300000| Untracked 
| 180|0x000000008b400000, 0x000000008b400000, 0x000000008b500000|  0%| F|  |TAMS 0x000000008b400000| PB 0x000000008b400000| Untracked 
| 181|0x000000008b500000, 0x000000008b500000, 0x000000008b600000|  0%| F|  |TAMS 0x000000008b500000| PB 0x000000008b500000| Untracked 
| 182|0x000000008b600000, 0x000000008b600000, 0x000000008b700000|  0%| F|  |TAMS 0x000000008b600000| PB 0x000000008b600000| Untracked 
| 183|0x000000008b700000, 0x000000008b800000, 0x000000008b800000|100%| O|  |TAMS 0x000000008b700000| PB 0x000000008b700000| Untracked 
| 184|0x000000008b800000, 0x000000008b900000, 0x000000008b900000|100%| O|Cm|TAMS 0x000000008b800000| PB 0x000000008b800000| Complete 
| 185|0x000000008b900000, 0x000000008ba00000, 0x000000008ba00000|100%| O|  |TAMS 0x000000008b900000| PB 0x000000008b900000| Untracked 
| 186|0x000000008ba00000, 0x000000008bb00000, 0x000000008bb00000|100%| O|  |TAMS 0x000000008ba00000| PB 0x000000008ba00000| Untracked 
| 187|0x000000008bb00000, 0x000000008bc00000, 0x000000008bc00000|100%| O|Cm|TAMS 0x000000008bb00000| PB 0x000000008bb00000| Complete 
| 188|0x000000008bc00000, 0x000000008bc00000, 0x000000008bd00000|  0%| F|  |TAMS 0x000000008bc00000| PB 0x000000008bc00000| Untracked 
| 189|0x000000008bd00000, 0x000000008be00000, 0x000000008be00000|100%| O|  |TAMS 0x000000008bd00000| PB 0x000000008bd00000| Untracked 
| 190|0x000000008be00000, 0x000000008bf00000, 0x000000008bf00000|100%| O|  |TAMS 0x000000008be00000| PB 0x000000008be00000| Untracked 
| 191|0x000000008bf00000, 0x000000008c000000, 0x000000008c000000|100%| O|  |TAMS 0x000000008bf00000| PB 0x000000008bf00000| Untracked 
| 192|0x000000008c000000, 0x000000008c100000, 0x000000008c100000|100%| O|  |TAMS 0x000000008c000000| PB 0x000000008c000000| Untracked 
| 193|0x000000008c100000, 0x000000008c200000, 0x000000008c200000|100%| O|  |TAMS 0x000000008c100000| PB 0x000000008c100000| Untracked 
| 194|0x000000008c200000, 0x000000008c300000, 0x000000008c300000|100%| O|  |TAMS 0x000000008c200000| PB 0x000000008c200000| Untracked 
| 195|0x000000008c300000, 0x000000008c300000, 0x000000008c400000|  0%| F|  |TAMS 0x000000008c300000| PB 0x000000008c300000| Untracked 
| 196|0x000000008c400000, 0x000000008c400000, 0x000000008c500000|  0%| F|  |TAMS 0x000000008c400000| PB 0x000000008c400000| Untracked 
| 197|0x000000008c500000, 0x000000008c600000, 0x000000008c600000|100%| O|  |TAMS 0x000000008c500000| PB 0x000000008c500000| Untracked 
| 198|0x000000008c600000, 0x000000008c600000, 0x000000008c700000|  0%| F|  |TAMS 0x000000008c600000| PB 0x000000008c600000| Untracked 
| 199|0x000000008c700000, 0x000000008c800000, 0x000000008c800000|100%| O|  |TAMS 0x000000008c700000| PB 0x000000008c700000| Untracked 
| 200|0x000000008c800000, 0x000000008c900000, 0x000000008c900000|100%| O|  |TAMS 0x000000008c800000| PB 0x000000008c800000| Untracked 
| 201|0x000000008c900000, 0x000000008ca00000, 0x000000008ca00000|100%| O|  |TAMS 0x000000008c900000| PB 0x000000008c900000| Untracked 
| 202|0x000000008ca00000, 0x000000008cb00000, 0x000000008cb00000|100%| O|  |TAMS 0x000000008ca00000| PB 0x000000008ca00000| Untracked 
| 203|0x000000008cb00000, 0x000000008cb00000, 0x000000008cc00000|  0%| F|  |TAMS 0x000000008cb00000| PB 0x000000008cb00000| Untracked 
| 204|0x000000008cc00000, 0x000000008cd00000, 0x000000008cd00000|100%| O|  |TAMS 0x000000008cc00000| PB 0x000000008cc00000| Untracked 
| 205|0x000000008cd00000, 0x000000008ce00000, 0x000000008ce00000|100%| O|  |TAMS 0x000000008cd00000| PB 0x000000008cd00000| Untracked 
| 206|0x000000008ce00000, 0x000000008cf00000, 0x000000008cf00000|100%| O|  |TAMS 0x000000008ce00000| PB 0x000000008ce00000| Untracked 
| 207|0x000000008cf00000, 0x000000008cf00000, 0x000000008d000000|  0%| F|  |TAMS 0x000000008cf00000| PB 0x000000008cf00000| Untracked 
| 208|0x000000008d000000, 0x000000008d100000, 0x000000008d100000|100%| O|  |TAMS 0x000000008d000000| PB 0x000000008d000000| Untracked 
| 209|0x000000008d100000, 0x000000008d200000, 0x000000008d200000|100%| O|  |TAMS 0x000000008d100000| PB 0x000000008d100000| Untracked 
| 210|0x000000008d200000, 0x000000008d300000, 0x000000008d300000|100%| O|  |TAMS 0x000000008d200000| PB 0x000000008d200000| Untracked 
| 211|0x000000008d300000, 0x000000008d400000, 0x000000008d400000|100%| O|  |TAMS 0x000000008d300000| PB 0x000000008d300000| Untracked 
| 212|0x000000008d400000, 0x000000008d500000, 0x000000008d500000|100%| O|  |TAMS 0x000000008d400000| PB 0x000000008d400000| Untracked 
| 213|0x000000008d500000, 0x000000008d600000, 0x000000008d600000|100%| O|  |TAMS 0x000000008d500000| PB 0x000000008d500000| Untracked 
| 214|0x000000008d600000, 0x000000008d700000, 0x000000008d700000|100%| O|  |TAMS 0x000000008d600000| PB 0x000000008d600000| Untracked 
| 215|0x000000008d700000, 0x000000008d800000, 0x000000008d800000|100%| O|Cm|TAMS 0x000000008d700000| PB 0x000000008d700000| Complete 
| 216|0x000000008d800000, 0x000000008d800000, 0x000000008d900000|  0%| F|  |TAMS 0x000000008d800000| PB 0x000000008d800000| Untracked 
| 217|0x000000008d900000, 0x000000008da00000, 0x000000008da00000|100%| O|Cm|TAMS 0x000000008d900000| PB 0x000000008d900000| Complete 
| 218|0x000000008da00000, 0x000000008db00000, 0x000000008db00000|100%| O|Cm|TAMS 0x000000008da00000| PB 0x000000008da00000| Complete 
| 219|0x000000008db00000, 0x000000008dc00000, 0x000000008dc00000|100%| O|  |TAMS 0x000000008db00000| PB 0x000000008db00000| Untracked 
| 220|0x000000008dc00000, 0x000000008dd00000, 0x000000008dd00000|100%|HS|  |TAMS 0x000000008dc00000| PB 0x000000008dc00000| Complete 
| 221|0x000000008dd00000, 0x000000008de00000, 0x000000008de00000|100%|HC|  |TAMS 0x000000008dd00000| PB 0x000000008dd00000| Complete 
| 222|0x000000008de00000, 0x000000008df00000, 0x000000008df00000|100%| O|Cm|TAMS 0x000000008de00000| PB 0x000000008de00000| Complete 
| 223|0x000000008df00000, 0x000000008e000000, 0x000000008e000000|100%| O|  |TAMS 0x000000008df00000| PB 0x000000008df00000| Untracked 
| 224|0x000000008e000000, 0x000000008e100000, 0x000000008e100000|100%| O|Cm|TAMS 0x000000008e000000| PB 0x000000008e000000| Complete 
| 225|0x000000008e100000, 0x000000008e100000, 0x000000008e200000|  0%| F|  |TAMS 0x000000008e100000| PB 0x000000008e100000| Untracked 
| 226|0x000000008e200000, 0x000000008e300000, 0x000000008e300000|100%| O|  |TAMS 0x000000008e200000| PB 0x000000008e200000| Untracked 
| 227|0x000000008e300000, 0x000000008e400000, 0x000000008e400000|100%| O|  |TAMS 0x000000008e300000| PB 0x000000008e300000| Untracked 
| 228|0x000000008e400000, 0x000000008e500000, 0x000000008e500000|100%| O|  |TAMS 0x000000008e400000| PB 0x000000008e400000| Untracked 
| 229|0x000000008e500000, 0x000000008e600000, 0x000000008e600000|100%| O|Cm|TAMS 0x000000008e500000| PB 0x000000008e500000| Complete 
| 230|0x000000008e600000, 0x000000008e700000, 0x000000008e700000|100%| O|  |TAMS 0x000000008e600000| PB 0x000000008e600000| Untracked 
| 231|0x000000008e700000, 0x000000008e700000, 0x000000008e800000|  0%| F|  |TAMS 0x000000008e700000| PB 0x000000008e700000| Untracked 
| 232|0x000000008e800000, 0x000000008e900000, 0x000000008e900000|100%| O|  |TAMS 0x000000008e800000| PB 0x000000008e800000| Untracked 
| 233|0x000000008e900000, 0x000000008e900000, 0x000000008ea00000|  0%| F|  |TAMS 0x000000008e900000| PB 0x000000008e900000| Untracked 
| 234|0x000000008ea00000, 0x000000008eb00000, 0x000000008eb00000|100%| O|  |TAMS 0x000000008ea00000| PB 0x000000008ea00000| Untracked 
| 235|0x000000008eb00000, 0x000000008ec00000, 0x000000008ec00000|100%| O|Cm|TAMS 0x000000008eb00000| PB 0x000000008eb00000| Complete 
| 236|0x000000008ec00000, 0x000000008ed00000, 0x000000008ed00000|100%| O|  |TAMS 0x000000008ec00000| PB 0x000000008ec00000| Untracked 
| 237|0x000000008ed00000, 0x000000008ee00000, 0x000000008ee00000|100%| O|  |TAMS 0x000000008ed00000| PB 0x000000008ed00000| Untracked 
| 238|0x000000008ee00000, 0x000000008ef00000, 0x000000008ef00000|100%| O|Cm|TAMS 0x000000008ee00000| PB 0x000000008ee00000| Complete 
| 239|0x000000008ef00000, 0x000000008f000000, 0x000000008f000000|100%| O|  |TAMS 0x000000008ef00000| PB 0x000000008ef00000| Untracked 
| 240|0x000000008f000000, 0x000000008f100000, 0x000000008f100000|100%| O|Cm|TAMS 0x000000008f000000| PB 0x000000008f000000| Complete 
| 241|0x000000008f100000, 0x000000008f200000, 0x000000008f200000|100%| O|Cm|TAMS 0x000000008f100000| PB 0x000000008f100000| Complete 
| 242|0x000000008f200000, 0x000000008f200000, 0x000000008f300000|  0%| F|  |TAMS 0x000000008f200000| PB 0x000000008f200000| Untracked 
| 243|0x000000008f300000, 0x000000008f400000, 0x000000008f400000|100%| O|Cm|TAMS 0x000000008f300000| PB 0x000000008f300000| Complete 
| 244|0x000000008f400000, 0x000000008f500000, 0x000000008f500000|100%| O|Cm|TAMS 0x000000008f400000| PB 0x000000008f400000| Complete 
| 245|0x000000008f500000, 0x000000008f600000, 0x000000008f600000|100%| O|  |TAMS 0x000000008f500000| PB 0x000000008f500000| Untracked 
| 246|0x000000008f600000, 0x000000008f700000, 0x000000008f700000|100%| O|Cm|TAMS 0x000000008f600000| PB 0x000000008f600000| Complete 
| 247|0x000000008f700000, 0x000000008f800000, 0x000000008f800000|100%| O|  |TAMS 0x000000008f700000| PB 0x000000008f700000| Untracked 
| 248|0x000000008f800000, 0x000000008f900000, 0x000000008f900000|100%| O|  |TAMS 0x000000008f800000| PB 0x000000008f800000| Untracked 
| 249|0x000000008f900000, 0x000000008fa00000, 0x000000008fa00000|100%| O|  |TAMS 0x000000008f900000| PB 0x000000008f900000| Untracked 
| 250|0x000000008fa00000, 0x000000008fb00000, 0x000000008fb00000|100%| O|  |TAMS 0x000000008fa00000| PB 0x000000008fa00000| Untracked 
| 251|0x000000008fb00000, 0x000000008fc00000, 0x000000008fc00000|100%| O|Cm|TAMS 0x000000008fb00000| PB 0x000000008fb00000| Complete 
| 252|0x000000008fc00000, 0x000000008fc00000, 0x000000008fd00000|  0%| F|  |TAMS 0x000000008fc00000| PB 0x000000008fc00000| Untracked 
| 253|0x000000008fd00000, 0x000000008fe00000, 0x000000008fe00000|100%| O|Cm|TAMS 0x000000008fd00000| PB 0x000000008fd00000| Complete 
| 254|0x000000008fe00000, 0x000000008ff00000, 0x000000008ff00000|100%| O|Cm|TAMS 0x000000008fe00000| PB 0x000000008fe00000| Complete 
| 255|0x000000008ff00000, 0x0000000090000000, 0x0000000090000000|100%| O|Cm|TAMS 0x000000008ff00000| PB 0x000000008ff00000| Complete 
| 256|0x0000000090000000, 0x0000000090100000, 0x0000000090100000|100%| O|  |TAMS 0x0000000090000000| PB 0x0000000090000000| Untracked 
| 257|0x0000000090100000, 0x0000000090200000, 0x0000000090200000|100%| O|Cm|TAMS 0x0000000090100000| PB 0x0000000090100000| Complete 
| 258|0x0000000090200000, 0x0000000090300000, 0x0000000090300000|100%| O|Cm|TAMS 0x0000000090200000| PB 0x0000000090200000| Complete 
| 259|0x0000000090300000, 0x0000000090400000, 0x0000000090400000|100%| O|  |TAMS 0x0000000090300000| PB 0x0000000090300000| Untracked 
| 260|0x0000000090400000, 0x0000000090400000, 0x0000000090500000|  0%| F|  |TAMS 0x0000000090400000| PB 0x0000000090400000| Untracked 
| 261|0x0000000090500000, 0x0000000090500000, 0x0000000090600000|  0%| F|  |TAMS 0x0000000090500000| PB 0x0000000090500000| Untracked 
| 262|0x0000000090600000, 0x0000000090600000, 0x0000000090700000|  0%| F|  |TAMS 0x0000000090600000| PB 0x0000000090600000| Untracked 
| 263|0x0000000090700000, 0x0000000090800000, 0x0000000090800000|100%| O|  |TAMS 0x0000000090700000| PB 0x0000000090700000| Untracked 
| 264|0x0000000090800000, 0x0000000090900000, 0x0000000090900000|100%| O|  |TAMS 0x0000000090800000| PB 0x0000000090800000| Untracked 
| 265|0x0000000090900000, 0x0000000090a00000, 0x0000000090a00000|100%| O|Cm|TAMS 0x0000000090900000| PB 0x0000000090900000| Complete 
| 266|0x0000000090a00000, 0x0000000090b00000, 0x0000000090b00000|100%| O|  |TAMS 0x0000000090a00000| PB 0x0000000090a00000| Untracked 
| 267|0x0000000090b00000, 0x0000000090b00000, 0x0000000090c00000|  0%| F|  |TAMS 0x0000000090b00000| PB 0x0000000090b00000| Untracked 
| 268|0x0000000090c00000, 0x0000000090c00000, 0x0000000090d00000|  0%| F|  |TAMS 0x0000000090c00000| PB 0x0000000090c00000| Untracked 
| 269|0x0000000090d00000, 0x0000000090e00000, 0x0000000090e00000|100%| O|Cm|TAMS 0x0000000090d00000| PB 0x0000000090d00000| Complete 
| 270|0x0000000090e00000, 0x0000000090f00000, 0x0000000090f00000|100%| O|  |TAMS 0x0000000090e00000| PB 0x0000000090e00000| Untracked 
| 271|0x0000000090f00000, 0x0000000091000000, 0x0000000091000000|100%| O|  |TAMS 0x0000000090f00000| PB 0x0000000090f00000| Untracked 
| 272|0x0000000091000000, 0x0000000091100000, 0x0000000091100000|100%| O|Cm|TAMS 0x0000000091000000| PB 0x0000000091000000| Complete 
| 273|0x0000000091100000, 0x0000000091200000, 0x0000000091200000|100%| O|  |TAMS 0x0000000091100000| PB 0x0000000091100000| Untracked 
| 274|0x0000000091200000, 0x0000000091300000, 0x0000000091300000|100%| O|Cm|TAMS 0x0000000091200000| PB 0x0000000091200000| Complete 
| 275|0x0000000091300000, 0x0000000091400000, 0x0000000091400000|100%| O|Cm|TAMS 0x0000000091300000| PB 0x0000000091300000| Complete 
| 276|0x0000000091400000, 0x0000000091500000, 0x0000000091500000|100%| O|Cm|TAMS 0x0000000091400000| PB 0x0000000091400000| Complete 
| 277|0x0000000091500000, 0x0000000091600000, 0x0000000091600000|100%| O|  |TAMS 0x0000000091500000| PB 0x0000000091500000| Untracked 
| 278|0x0000000091600000, 0x0000000091700000, 0x0000000091700000|100%| O|Cm|TAMS 0x0000000091600000| PB 0x0000000091600000| Complete 
| 279|0x0000000091700000, 0x0000000091800000, 0x0000000091800000|100%| O|Cm|TAMS 0x0000000091700000| PB 0x0000000091700000| Complete 
| 280|0x0000000091800000, 0x0000000091800000, 0x0000000091900000|  0%| F|  |TAMS 0x0000000091800000| PB 0x0000000091800000| Untracked 
| 281|0x0000000091900000, 0x0000000091900000, 0x0000000091a00000|  0%| F|  |TAMS 0x0000000091900000| PB 0x0000000091900000| Untracked 
| 282|0x0000000091a00000, 0x0000000091a00000, 0x0000000091b00000|  0%| F|  |TAMS 0x0000000091a00000| PB 0x0000000091a00000| Untracked 
| 283|0x0000000091b00000, 0x0000000091c00000, 0x0000000091c00000|100%| O|Cm|TAMS 0x0000000091b00000| PB 0x0000000091b00000| Complete 
| 284|0x0000000091c00000, 0x0000000091c00000, 0x0000000091d00000|  0%| F|  |TAMS 0x0000000091c00000| PB 0x0000000091c00000| Untracked 
| 285|0x0000000091d00000, 0x0000000091d00000, 0x0000000091e00000|  0%| F|  |TAMS 0x0000000091d00000| PB 0x0000000091d00000| Untracked 
| 286|0x0000000091e00000, 0x0000000091e00000, 0x0000000091f00000|  0%| F|  |TAMS 0x0000000091e00000| PB 0x0000000091e00000| Untracked 
| 287|0x0000000091f00000, 0x0000000092000000, 0x0000000092000000|100%| O|  |TAMS 0x0000000091f00000| PB 0x0000000091f00000| Untracked 
| 288|0x0000000092000000, 0x0000000092000000, 0x0000000092100000|  0%| F|  |TAMS 0x0000000092000000| PB 0x0000000092000000| Untracked 
| 289|0x0000000092100000, 0x0000000092100000, 0x0000000092200000|  0%| F|  |TAMS 0x0000000092100000| PB 0x0000000092100000| Untracked 
| 290|0x0000000092200000, 0x0000000092300000, 0x0000000092300000|100%| O|  |TAMS 0x0000000092200000| PB 0x0000000092200000| Untracked 
| 291|0x0000000092300000, 0x0000000092400000, 0x0000000092400000|100%| O|  |TAMS 0x0000000092300000| PB 0x0000000092300000| Untracked 
| 292|0x0000000092400000, 0x0000000092500000, 0x0000000092500000|100%| O|  |TAMS 0x0000000092400000| PB 0x0000000092400000| Untracked 
| 293|0x0000000092500000, 0x0000000092500000, 0x0000000092600000|  0%| F|  |TAMS 0x0000000092500000| PB 0x0000000092500000| Untracked 
| 294|0x0000000092600000, 0x0000000092700000, 0x0000000092700000|100%| O|  |TAMS 0x0000000092600000| PB 0x0000000092600000| Untracked 
| 295|0x0000000092700000, 0x0000000092800000, 0x0000000092800000|100%| O|  |TAMS 0x0000000092700000| PB 0x0000000092700000| Untracked 
| 296|0x0000000092800000, 0x0000000092900000, 0x0000000092900000|100%| O|  |TAMS 0x0000000092800000| PB 0x0000000092800000| Untracked 
| 297|0x0000000092900000, 0x0000000092a00000, 0x0000000092a00000|100%| O|  |TAMS 0x0000000092900000| PB 0x0000000092900000| Untracked 
| 298|0x0000000092a00000, 0x0000000092a00000, 0x0000000092b00000|  0%| F|  |TAMS 0x0000000092a00000| PB 0x0000000092a00000| Untracked 
| 299|0x0000000092b00000, 0x0000000092b00000, 0x0000000092c00000|  0%| F|  |TAMS 0x0000000092b00000| PB 0x0000000092b00000| Untracked 
| 300|0x0000000092c00000, 0x0000000092c00000, 0x0000000092d00000|  0%| F|  |TAMS 0x0000000092c00000| PB 0x0000000092c00000| Untracked 
| 301|0x0000000092d00000, 0x0000000092e00000, 0x0000000092e00000|100%| O|  |TAMS 0x0000000092d00000| PB 0x0000000092d00000| Untracked 
| 302|0x0000000092e00000, 0x0000000092e00000, 0x0000000092f00000|  0%| F|  |TAMS 0x0000000092e00000| PB 0x0000000092e00000| Untracked 
| 303|0x0000000092f00000, 0x0000000093000000, 0x0000000093000000|100%| O|Cm|TAMS 0x0000000092f00000| PB 0x0000000092f00000| Complete 
| 304|0x0000000093000000, 0x0000000093000000, 0x0000000093100000|  0%| F|  |TAMS 0x0000000093000000| PB 0x0000000093000000| Untracked 
| 305|0x0000000093100000, 0x0000000093100000, 0x0000000093200000|  0%| F|  |TAMS 0x0000000093100000| PB 0x0000000093100000| Untracked 
| 306|0x0000000093200000, 0x0000000093200000, 0x0000000093300000|  0%| F|  |TAMS 0x0000000093200000| PB 0x0000000093200000| Untracked 
| 307|0x0000000093300000, 0x0000000093400000, 0x0000000093400000|100%| O|  |TAMS 0x0000000093300000| PB 0x0000000093300000| Untracked 
| 308|0x0000000093400000, 0x0000000093400000, 0x0000000093500000|  0%| F|  |TAMS 0x0000000093400000| PB 0x0000000093400000| Untracked 
| 309|0x0000000093500000, 0x0000000093500000, 0x0000000093600000|  0%| F|  |TAMS 0x0000000093500000| PB 0x0000000093500000| Untracked 
| 310|0x0000000093600000, 0x0000000093700000, 0x0000000093700000|100%| O|  |TAMS 0x0000000093600000| PB 0x0000000093600000| Untracked 
| 311|0x0000000093700000, 0x0000000093700000, 0x0000000093800000|  0%| F|  |TAMS 0x0000000093700000| PB 0x0000000093700000| Untracked 
| 312|0x0000000093800000, 0x0000000093900000, 0x0000000093900000|100%| O|  |TAMS 0x0000000093800000| PB 0x0000000093800000| Untracked 
| 313|0x0000000093900000, 0x0000000093900000, 0x0000000093a00000|  0%| F|  |TAMS 0x0000000093900000| PB 0x0000000093900000| Untracked 
| 314|0x0000000093a00000, 0x0000000093a00000, 0x0000000093b00000|  0%| F|  |TAMS 0x0000000093a00000| PB 0x0000000093a00000| Untracked 
| 315|0x0000000093b00000, 0x0000000093c00000, 0x0000000093c00000|100%| O|  |TAMS 0x0000000093b00000| PB 0x0000000093b00000| Untracked 
| 316|0x0000000093c00000, 0x0000000093d00000, 0x0000000093d00000|100%| O|  |TAMS 0x0000000093c00000| PB 0x0000000093c00000| Untracked 
| 317|0x0000000093d00000, 0x0000000093e00000, 0x0000000093e00000|100%| O|  |TAMS 0x0000000093d00000| PB 0x0000000093d00000| Untracked 
| 318|0x0000000093e00000, 0x0000000093f00000, 0x0000000093f00000|100%| O|  |TAMS 0x0000000093e00000| PB 0x0000000093e00000| Untracked 
| 319|0x0000000093f00000, 0x0000000094000000, 0x0000000094000000|100%| O|  |TAMS 0x0000000093f00000| PB 0x0000000093f00000| Untracked 
| 320|0x0000000094000000, 0x0000000094100000, 0x0000000094100000|100%| O|Cm|TAMS 0x0000000094000000| PB 0x0000000094000000| Complete 
| 321|0x0000000094100000, 0x0000000094100000, 0x0000000094200000|  0%| F|  |TAMS 0x0000000094100000| PB 0x0000000094100000| Untracked 
| 322|0x0000000094200000, 0x0000000094200000, 0x0000000094300000|  0%| F|  |TAMS 0x0000000094200000| PB 0x0000000094200000| Untracked 
| 323|0x0000000094300000, 0x0000000094300000, 0x0000000094400000|  0%| F|  |TAMS 0x0000000094300000| PB 0x0000000094300000| Untracked 
| 324|0x0000000094400000, 0x0000000094400000, 0x0000000094500000|  0%| F|  |TAMS 0x0000000094400000| PB 0x0000000094400000| Untracked 
| 325|0x0000000094500000, 0x0000000094600000, 0x0000000094600000|100%| O|  |TAMS 0x0000000094500000| PB 0x0000000094500000| Untracked 
| 326|0x0000000094600000, 0x0000000094700000, 0x0000000094700000|100%| O|  |TAMS 0x0000000094600000| PB 0x0000000094600000| Untracked 
| 327|0x0000000094700000, 0x0000000094800000, 0x0000000094800000|100%| O|  |TAMS 0x0000000094700000| PB 0x0000000094700000| Untracked 
| 328|0x0000000094800000, 0x0000000094900000, 0x0000000094900000|100%| O|  |TAMS 0x0000000094800000| PB 0x0000000094800000| Untracked 
| 329|0x0000000094900000, 0x0000000094a00000, 0x0000000094a00000|100%| O|  |TAMS 0x0000000094900000| PB 0x0000000094900000| Untracked 
| 330|0x0000000094a00000, 0x0000000094b00000, 0x0000000094b00000|100%| O|  |TAMS 0x0000000094a00000| PB 0x0000000094a00000| Untracked 
| 331|0x0000000094b00000, 0x0000000094c00000, 0x0000000094c00000|100%| O|  |TAMS 0x0000000094b00000| PB 0x0000000094b00000| Untracked 
| 332|0x0000000094c00000, 0x0000000094c00000, 0x0000000094d00000|  0%| F|  |TAMS 0x0000000094c00000| PB 0x0000000094c00000| Untracked 
| 333|0x0000000094d00000, 0x0000000094d00000, 0x0000000094e00000|  0%| F|  |TAMS 0x0000000094d00000| PB 0x0000000094d00000| Untracked 
| 334|0x0000000094e00000, 0x0000000094f00000, 0x0000000094f00000|100%| O|  |TAMS 0x0000000094e00000| PB 0x0000000094e00000| Untracked 
| 335|0x0000000094f00000, 0x0000000095000000, 0x0000000095000000|100%| O|  |TAMS 0x0000000094f00000| PB 0x0000000094f00000| Untracked 
| 336|0x0000000095000000, 0x0000000095100000, 0x0000000095100000|100%| O|  |TAMS 0x0000000095000000| PB 0x0000000095000000| Untracked 
| 337|0x0000000095100000, 0x0000000095200000, 0x0000000095200000|100%| O|Cm|TAMS 0x0000000095100000| PB 0x0000000095100000| Complete 
| 338|0x0000000095200000, 0x0000000095300000, 0x0000000095300000|100%| O|  |TAMS 0x0000000095200000| PB 0x0000000095200000| Untracked 
| 339|0x0000000095300000, 0x0000000095400000, 0x0000000095400000|100%| O|  |TAMS 0x0000000095300000| PB 0x0000000095300000| Untracked 
| 340|0x0000000095400000, 0x0000000095500000, 0x0000000095500000|100%| O|  |TAMS 0x0000000095400000| PB 0x0000000095400000| Untracked 
| 341|0x0000000095500000, 0x0000000095500000, 0x0000000095600000|  0%| F|  |TAMS 0x0000000095500000| PB 0x0000000095500000| Untracked 
| 342|0x0000000095600000, 0x0000000095600000, 0x0000000095700000|  0%| F|  |TAMS 0x0000000095600000| PB 0x0000000095600000| Untracked 
| 343|0x0000000095700000, 0x0000000095700000, 0x0000000095800000|  0%| F|  |TAMS 0x0000000095700000| PB 0x0000000095700000| Untracked 
| 344|0x0000000095800000, 0x0000000095800000, 0x0000000095900000|  0%| F|  |TAMS 0x0000000095800000| PB 0x0000000095800000| Untracked 
| 345|0x0000000095900000, 0x0000000095a00000, 0x0000000095a00000|100%| O|  |TAMS 0x0000000095900000| PB 0x0000000095900000| Untracked 
| 346|0x0000000095a00000, 0x0000000095b00000, 0x0000000095b00000|100%| O|Cm|TAMS 0x0000000095a00000| PB 0x0000000095a00000| Complete 
| 347|0x0000000095b00000, 0x0000000095c00000, 0x0000000095c00000|100%| O|Cm|TAMS 0x0000000095b00000| PB 0x0000000095b00000| Complete 
| 348|0x0000000095c00000, 0x0000000095d00000, 0x0000000095d00000|100%| O|  |TAMS 0x0000000095c00000| PB 0x0000000095c00000| Untracked 
| 349|0x0000000095d00000, 0x0000000095e00000, 0x0000000095e00000|100%| O|  |TAMS 0x0000000095d00000| PB 0x0000000095d00000| Untracked 
| 350|0x0000000095e00000, 0x0000000095e00000, 0x0000000095f00000|  0%| F|  |TAMS 0x0000000095e00000| PB 0x0000000095e00000| Untracked 
| 351|0x0000000095f00000, 0x0000000095f00000, 0x0000000096000000|  0%| F|  |TAMS 0x0000000095f00000| PB 0x0000000095f00000| Untracked 
| 352|0x0000000096000000, 0x0000000096000000, 0x0000000096100000|  0%| F|  |TAMS 0x0000000096000000| PB 0x0000000096000000| Untracked 
| 353|0x0000000096100000, 0x0000000096100000, 0x0000000096200000|  0%| F|  |TAMS 0x0000000096100000| PB 0x0000000096100000| Untracked 
| 354|0x0000000096200000, 0x0000000096200000, 0x0000000096300000|  0%| F|  |TAMS 0x0000000096200000| PB 0x0000000096200000| Untracked 
| 355|0x0000000096300000, 0x0000000096400000, 0x0000000096400000|100%| O|  |TAMS 0x0000000096300000| PB 0x0000000096300000| Untracked 
| 356|0x0000000096400000, 0x0000000096500000, 0x0000000096500000|100%| O|  |TAMS 0x0000000096400000| PB 0x0000000096400000| Untracked 
| 357|0x0000000096500000, 0x0000000096600000, 0x0000000096600000|100%| O|  |TAMS 0x0000000096500000| PB 0x0000000096500000| Untracked 
| 358|0x0000000096600000, 0x0000000096700000, 0x0000000096700000|100%| O|  |TAMS 0x0000000096600000| PB 0x0000000096600000| Untracked 
| 359|0x0000000096700000, 0x0000000096700000, 0x0000000096800000|  0%| F|  |TAMS 0x0000000096700000| PB 0x0000000096700000| Untracked 
| 360|0x0000000096800000, 0x0000000096800000, 0x0000000096900000|  0%| F|  |TAMS 0x0000000096800000| PB 0x0000000096800000| Untracked 
| 361|0x0000000096900000, 0x0000000096900000, 0x0000000096a00000|  0%| F|  |TAMS 0x0000000096900000| PB 0x0000000096900000| Untracked 
| 362|0x0000000096a00000, 0x0000000096a00000, 0x0000000096b00000|  0%| F|  |TAMS 0x0000000096a00000| PB 0x0000000096a00000| Untracked 
| 363|0x0000000096b00000, 0x0000000096c00000, 0x0000000096c00000|100%| O|  |TAMS 0x0000000096b00000| PB 0x0000000096b00000| Untracked 
| 364|0x0000000096c00000, 0x0000000096d00000, 0x0000000096d00000|100%| O|  |TAMS 0x0000000096c00000| PB 0x0000000096c00000| Untracked 
| 365|0x0000000096d00000, 0x0000000096e00000, 0x0000000096e00000|100%| O|  |TAMS 0x0000000096d00000| PB 0x0000000096d00000| Untracked 
| 366|0x0000000096e00000, 0x0000000096f00000, 0x0000000096f00000|100%| O|  |TAMS 0x0000000096e00000| PB 0x0000000096e00000| Untracked 
| 367|0x0000000096f00000, 0x0000000096f00000, 0x0000000097000000|  0%| F|  |TAMS 0x0000000096f00000| PB 0x0000000096f00000| Untracked 
| 368|0x0000000097000000, 0x0000000097100000, 0x0000000097100000|100%| O|  |TAMS 0x0000000097000000| PB 0x0000000097000000| Untracked 
| 369|0x0000000097100000, 0x0000000097100000, 0x0000000097200000|  0%| F|  |TAMS 0x0000000097100000| PB 0x0000000097100000| Untracked 
| 370|0x0000000097200000, 0x0000000097200000, 0x0000000097300000|  0%| F|  |TAMS 0x0000000097200000| PB 0x0000000097200000| Untracked 
| 371|0x0000000097300000, 0x0000000097400000, 0x0000000097400000|100%| O|  |TAMS 0x0000000097300000| PB 0x0000000097300000| Untracked 
| 372|0x0000000097400000, 0x0000000097400000, 0x0000000097500000|  0%| F|  |TAMS 0x0000000097400000| PB 0x0000000097400000| Untracked 
| 373|0x0000000097500000, 0x0000000097500000, 0x0000000097600000|  0%| F|  |TAMS 0x0000000097500000| PB 0x0000000097500000| Untracked 
| 374|0x0000000097600000, 0x0000000097700000, 0x0000000097700000|100%| O|  |TAMS 0x0000000097600000| PB 0x0000000097600000| Untracked 
| 375|0x0000000097700000, 0x0000000097800000, 0x0000000097800000|100%| O|  |TAMS 0x0000000097700000| PB 0x0000000097700000| Untracked 
| 376|0x0000000097800000, 0x0000000097900000, 0x0000000097900000|100%| O|  |TAMS 0x0000000097800000| PB 0x0000000097800000| Untracked 
| 377|0x0000000097900000, 0x0000000097a00000, 0x0000000097a00000|100%| O|  |TAMS 0x0000000097900000| PB 0x0000000097900000| Untracked 
| 378|0x0000000097a00000, 0x0000000097a00000, 0x0000000097b00000|  0%| F|  |TAMS 0x0000000097a00000| PB 0x0000000097a00000| Untracked 
| 379|0x0000000097b00000, 0x0000000097b00000, 0x0000000097c00000|  0%| F|  |TAMS 0x0000000097b00000| PB 0x0000000097b00000| Untracked 
| 380|0x0000000097c00000, 0x0000000097c00000, 0x0000000097d00000|  0%| F|  |TAMS 0x0000000097c00000| PB 0x0000000097c00000| Untracked 
| 381|0x0000000097d00000, 0x0000000097d00000, 0x0000000097e00000|  0%| F|  |TAMS 0x0000000097d00000| PB 0x0000000097d00000| Untracked 
| 382|0x0000000097e00000, 0x0000000097e00000, 0x0000000097f00000|  0%| F|  |TAMS 0x0000000097e00000| PB 0x0000000097e00000| Untracked 
| 383|0x0000000097f00000, 0x0000000097f00000, 0x0000000098000000|  0%| F|  |TAMS 0x0000000097f00000| PB 0x0000000097f00000| Untracked 
| 384|0x0000000098000000, 0x0000000098000000, 0x0000000098100000|  0%| F|  |TAMS 0x0000000098000000| PB 0x0000000098000000| Untracked 
| 385|0x0000000098100000, 0x0000000098100000, 0x0000000098200000|  0%| F|  |TAMS 0x0000000098100000| PB 0x0000000098100000| Untracked 
| 386|0x0000000098200000, 0x0000000098200000, 0x0000000098300000|  0%| F|  |TAMS 0x0000000098200000| PB 0x0000000098200000| Untracked 
| 387|0x0000000098300000, 0x0000000098400000, 0x0000000098400000|100%| O|Cm|TAMS 0x0000000098300000| PB 0x0000000098300000| Complete 
| 388|0x0000000098400000, 0x0000000098400000, 0x0000000098500000|  0%| F|  |TAMS 0x0000000098400000| PB 0x0000000098400000| Untracked 
| 389|0x0000000098500000, 0x0000000098500000, 0x0000000098600000|  0%| F|  |TAMS 0x0000000098500000| PB 0x0000000098500000| Untracked 
| 390|0x0000000098600000, 0x0000000098600000, 0x0000000098700000|  0%| F|  |TAMS 0x0000000098600000| PB 0x0000000098600000| Untracked 
| 391|0x0000000098700000, 0x0000000098700000, 0x0000000098800000|  0%| F|  |TAMS 0x0000000098700000| PB 0x0000000098700000| Untracked 
| 392|0x0000000098800000, 0x0000000098800000, 0x0000000098900000|  0%| F|  |TAMS 0x0000000098800000| PB 0x0000000098800000| Untracked 
| 393|0x0000000098900000, 0x0000000098900000, 0x0000000098a00000|  0%| F|  |TAMS 0x0000000098900000| PB 0x0000000098900000| Untracked 
| 394|0x0000000098a00000, 0x0000000098a00000, 0x0000000098b00000|  0%| F|  |TAMS 0x0000000098a00000| PB 0x0000000098a00000| Untracked 
| 395|0x0000000098b00000, 0x0000000098b00000, 0x0000000098c00000|  0%| F|  |TAMS 0x0000000098b00000| PB 0x0000000098b00000| Untracked 
| 396|0x0000000098c00000, 0x0000000098c00000, 0x0000000098d00000|  0%| F|  |TAMS 0x0000000098c00000| PB 0x0000000098c00000| Untracked 
| 397|0x0000000098d00000, 0x0000000098d00000, 0x0000000098e00000|  0%| F|  |TAMS 0x0000000098d00000| PB 0x0000000098d00000| Untracked 
| 398|0x0000000098e00000, 0x0000000098e00000, 0x0000000098f00000|  0%| F|  |TAMS 0x0000000098e00000| PB 0x0000000098e00000| Untracked 
| 399|0x0000000098f00000, 0x0000000098f00000, 0x0000000099000000|  0%| F|  |TAMS 0x0000000098f00000| PB 0x0000000098f00000| Untracked 
| 400|0x0000000099000000, 0x0000000099000000, 0x0000000099100000|  0%| F|  |TAMS 0x0000000099000000| PB 0x0000000099000000| Untracked 
| 401|0x0000000099100000, 0x0000000099100000, 0x0000000099200000|  0%| F|  |TAMS 0x0000000099100000| PB 0x0000000099100000| Untracked 
| 402|0x0000000099200000, 0x0000000099200000, 0x0000000099300000|  0%| F|  |TAMS 0x0000000099200000| PB 0x0000000099200000| Untracked 
| 403|0x0000000099300000, 0x0000000099300000, 0x0000000099400000|  0%| F|  |TAMS 0x0000000099300000| PB 0x0000000099300000| Untracked 
| 404|0x0000000099400000, 0x0000000099400000, 0x0000000099500000|  0%| F|  |TAMS 0x0000000099400000| PB 0x0000000099400000| Untracked 
| 405|0x0000000099500000, 0x0000000099500000, 0x0000000099600000|  0%| F|  |TAMS 0x0000000099500000| PB 0x0000000099500000| Untracked 
| 406|0x0000000099600000, 0x0000000099600000, 0x0000000099700000|  0%| F|  |TAMS 0x0000000099600000| PB 0x0000000099600000| Untracked 
| 407|0x0000000099700000, 0x0000000099700000, 0x0000000099800000|  0%| F|  |TAMS 0x0000000099700000| PB 0x0000000099700000| Untracked 
| 408|0x0000000099800000, 0x0000000099800000, 0x0000000099900000|  0%| F|  |TAMS 0x0000000099800000| PB 0x0000000099800000| Untracked 
| 409|0x0000000099900000, 0x0000000099900000, 0x0000000099a00000|  0%| F|  |TAMS 0x0000000099900000| PB 0x0000000099900000| Untracked 
| 410|0x0000000099a00000, 0x0000000099a00000, 0x0000000099b00000|  0%| F|  |TAMS 0x0000000099a00000| PB 0x0000000099a00000| Untracked 
| 411|0x0000000099b00000, 0x0000000099b00000, 0x0000000099c00000|  0%| F|  |TAMS 0x0000000099b00000| PB 0x0000000099b00000| Untracked 
| 412|0x0000000099c00000, 0x0000000099c00000, 0x0000000099d00000|  0%| F|  |TAMS 0x0000000099c00000| PB 0x0000000099c00000| Untracked 
| 413|0x0000000099d00000, 0x0000000099d00000, 0x0000000099e00000|  0%| F|  |TAMS 0x0000000099d00000| PB 0x0000000099d00000| Untracked 
| 414|0x0000000099e00000, 0x0000000099e00000, 0x0000000099f00000|  0%| F|  |TAMS 0x0000000099e00000| PB 0x0000000099e00000| Untracked 
| 415|0x0000000099f00000, 0x0000000099f00000, 0x000000009a000000|  0%| F|  |TAMS 0x0000000099f00000| PB 0x0000000099f00000| Untracked 
| 416|0x000000009a000000, 0x000000009a000000, 0x000000009a100000|  0%| F|  |TAMS 0x000000009a000000| PB 0x000000009a000000| Untracked 
| 417|0x000000009a100000, 0x000000009a100000, 0x000000009a200000|  0%| F|  |TAMS 0x000000009a100000| PB 0x000000009a100000| Untracked 
| 418|0x000000009a200000, 0x000000009a200000, 0x000000009a300000|  0%| F|  |TAMS 0x000000009a200000| PB 0x000000009a200000| Untracked 
| 419|0x000000009a300000, 0x000000009a300000, 0x000000009a400000|  0%| F|  |TAMS 0x000000009a300000| PB 0x000000009a300000| Untracked 
| 420|0x000000009a400000, 0x000000009a400000, 0x000000009a500000|  0%| F|  |TAMS 0x000000009a400000| PB 0x000000009a400000| Untracked 
| 421|0x000000009a500000, 0x000000009a500000, 0x000000009a600000|  0%| F|  |TAMS 0x000000009a500000| PB 0x000000009a500000| Untracked 
| 422|0x000000009a600000, 0x000000009a600000, 0x000000009a700000|  0%| F|  |TAMS 0x000000009a600000| PB 0x000000009a600000| Untracked 
| 423|0x000000009a700000, 0x000000009a700000, 0x000000009a800000|  0%| F|  |TAMS 0x000000009a700000| PB 0x000000009a700000| Untracked 
| 424|0x000000009a800000, 0x000000009a800000, 0x000000009a900000|  0%| F|  |TAMS 0x000000009a800000| PB 0x000000009a800000| Untracked 
| 425|0x000000009a900000, 0x000000009a900000, 0x000000009aa00000|  0%| F|  |TAMS 0x000000009a900000| PB 0x000000009a900000| Untracked 
| 426|0x000000009aa00000, 0x000000009aa00000, 0x000000009ab00000|  0%| F|  |TAMS 0x000000009aa00000| PB 0x000000009aa00000| Untracked 
| 427|0x000000009ab00000, 0x000000009ab00000, 0x000000009ac00000|  0%| F|  |TAMS 0x000000009ab00000| PB 0x000000009ab00000| Untracked 
| 428|0x000000009ac00000, 0x000000009ac00000, 0x000000009ad00000|  0%| F|  |TAMS 0x000000009ac00000| PB 0x000000009ac00000| Untracked 
| 429|0x000000009ad00000, 0x000000009ad00000, 0x000000009ae00000|  0%| F|  |TAMS 0x000000009ad00000| PB 0x000000009ad00000| Untracked 
| 430|0x000000009ae00000, 0x000000009ae00000, 0x000000009af00000|  0%| F|  |TAMS 0x000000009ae00000| PB 0x000000009ae00000| Untracked 
| 431|0x000000009af00000, 0x000000009b000000, 0x000000009b000000|100%| O|  |TAMS 0x000000009af00000| PB 0x000000009af00000| Untracked 
| 432|0x000000009b000000, 0x000000009b100000, 0x000000009b100000|100%| O|Cm|TAMS 0x000000009b000000| PB 0x000000009b000000| Complete 
| 433|0x000000009b100000, 0x000000009b100000, 0x000000009b200000|  0%| F|  |TAMS 0x000000009b100000| PB 0x000000009b100000| Untracked 
| 434|0x000000009b200000, 0x000000009b200000, 0x000000009b300000|  0%| F|  |TAMS 0x000000009b200000| PB 0x000000009b200000| Untracked 
| 435|0x000000009b300000, 0x000000009b300000, 0x000000009b400000|  0%| F|  |TAMS 0x000000009b300000| PB 0x000000009b300000| Untracked 
| 436|0x000000009b400000, 0x000000009b400000, 0x000000009b500000|  0%| F|  |TAMS 0x000000009b400000| PB 0x000000009b400000| Untracked 
| 437|0x000000009b500000, 0x000000009b500000, 0x000000009b600000|  0%| F|  |TAMS 0x000000009b500000| PB 0x000000009b500000| Untracked 
| 438|0x000000009b600000, 0x000000009b600000, 0x000000009b700000|  0%| F|  |TAMS 0x000000009b600000| PB 0x000000009b600000| Untracked 
| 439|0x000000009b700000, 0x000000009b700000, 0x000000009b800000|  0%| F|  |TAMS 0x000000009b700000| PB 0x000000009b700000| Untracked 
| 440|0x000000009b800000, 0x000000009b800000, 0x000000009b900000|  0%| F|  |TAMS 0x000000009b800000| PB 0x000000009b800000| Untracked 
| 441|0x000000009b900000, 0x000000009b900000, 0x000000009ba00000|  0%| F|  |TAMS 0x000000009b900000| PB 0x000000009b900000| Untracked 
| 442|0x000000009ba00000, 0x000000009ba00000, 0x000000009bb00000|  0%| F|  |TAMS 0x000000009ba00000| PB 0x000000009ba00000| Untracked 
| 443|0x000000009bb00000, 0x000000009bb00000, 0x000000009bc00000|  0%| F|  |TAMS 0x000000009bb00000| PB 0x000000009bb00000| Untracked 
| 444|0x000000009bc00000, 0x000000009bc00000, 0x000000009bd00000|  0%| F|  |TAMS 0x000000009bc00000| PB 0x000000009bc00000| Untracked 
| 445|0x000000009bd00000, 0x000000009bd00000, 0x000000009be00000|  0%| F|  |TAMS 0x000000009bd00000| PB 0x000000009bd00000| Untracked 
| 446|0x000000009be00000, 0x000000009be00000, 0x000000009bf00000|  0%| F|  |TAMS 0x000000009be00000| PB 0x000000009be00000| Untracked 
| 447|0x000000009bf00000, 0x000000009bf00000, 0x000000009c000000|  0%| F|  |TAMS 0x000000009bf00000| PB 0x000000009bf00000| Untracked 
| 448|0x000000009c000000, 0x000000009c000000, 0x000000009c100000|  0%| F|  |TAMS 0x000000009c000000| PB 0x000000009c000000| Untracked 
| 449|0x000000009c100000, 0x000000009c100000, 0x000000009c200000|  0%| F|  |TAMS 0x000000009c100000| PB 0x000000009c100000| Untracked 
| 450|0x000000009c200000, 0x000000009c200000, 0x000000009c300000|  0%| F|  |TAMS 0x000000009c200000| PB 0x000000009c200000| Untracked 
| 451|0x000000009c300000, 0x000000009c300000, 0x000000009c400000|  0%| F|  |TAMS 0x000000009c300000| PB 0x000000009c300000| Untracked 
| 452|0x000000009c400000, 0x000000009c400000, 0x000000009c500000|  0%| F|  |TAMS 0x000000009c400000| PB 0x000000009c400000| Untracked 
| 453|0x000000009c500000, 0x000000009c500000, 0x000000009c600000|  0%| F|  |TAMS 0x000000009c500000| PB 0x000000009c500000| Untracked 
| 454|0x000000009c600000, 0x000000009c600000, 0x000000009c700000|  0%| F|  |TAMS 0x000000009c600000| PB 0x000000009c600000| Untracked 
| 455|0x000000009c700000, 0x000000009c700000, 0x000000009c800000|  0%| F|  |TAMS 0x000000009c700000| PB 0x000000009c700000| Untracked 
| 456|0x000000009c800000, 0x000000009c800000, 0x000000009c900000|  0%| F|  |TAMS 0x000000009c800000| PB 0x000000009c800000| Untracked 
| 457|0x000000009c900000, 0x000000009c900000, 0x000000009ca00000|  0%| F|  |TAMS 0x000000009c900000| PB 0x000000009c900000| Untracked 
| 458|0x000000009ca00000, 0x000000009ca00000, 0x000000009cb00000|  0%| F|  |TAMS 0x000000009ca00000| PB 0x000000009ca00000| Untracked 
| 459|0x000000009cb00000, 0x000000009cb00000, 0x000000009cc00000|  0%| F|  |TAMS 0x000000009cb00000| PB 0x000000009cb00000| Untracked 
| 460|0x000000009cc00000, 0x000000009cc00000, 0x000000009cd00000|  0%| F|  |TAMS 0x000000009cc00000| PB 0x000000009cc00000| Untracked 
| 461|0x000000009cd00000, 0x000000009cd00000, 0x000000009ce00000|  0%| F|  |TAMS 0x000000009cd00000| PB 0x000000009cd00000| Untracked 
| 462|0x000000009ce00000, 0x000000009ce00000, 0x000000009cf00000|  0%| F|  |TAMS 0x000000009ce00000| PB 0x000000009ce00000| Untracked 
| 463|0x000000009cf00000, 0x000000009cf00000, 0x000000009d000000|  0%| F|  |TAMS 0x000000009cf00000| PB 0x000000009cf00000| Untracked 
| 464|0x000000009d000000, 0x000000009d000000, 0x000000009d100000|  0%| F|  |TAMS 0x000000009d000000| PB 0x000000009d000000| Untracked 
| 465|0x000000009d100000, 0x000000009d100000, 0x000000009d200000|  0%| F|  |TAMS 0x000000009d100000| PB 0x000000009d100000| Untracked 
| 466|0x000000009d200000, 0x000000009d200000, 0x000000009d300000|  0%| F|  |TAMS 0x000000009d200000| PB 0x000000009d200000| Untracked 
| 467|0x000000009d300000, 0x000000009d300000, 0x000000009d400000|  0%| F|  |TAMS 0x000000009d300000| PB 0x000000009d300000| Untracked 
| 468|0x000000009d400000, 0x000000009d400000, 0x000000009d500000|  0%| F|  |TAMS 0x000000009d400000| PB 0x000000009d400000| Untracked 
| 469|0x000000009d500000, 0x000000009d500000, 0x000000009d600000|  0%| F|  |TAMS 0x000000009d500000| PB 0x000000009d500000| Untracked 
| 470|0x000000009d600000, 0x000000009d600000, 0x000000009d700000|  0%| F|  |TAMS 0x000000009d600000| PB 0x000000009d600000| Untracked 
| 471|0x000000009d700000, 0x000000009d800000, 0x000000009d800000|100%| O|  |TAMS 0x000000009d700000| PB 0x000000009d700000| Untracked 
| 472|0x000000009d800000, 0x000000009d900000, 0x000000009d900000|100%| O|  |TAMS 0x000000009d800000| PB 0x000000009d800000| Untracked 
| 473|0x000000009d900000, 0x000000009da00000, 0x000000009da00000|100%| O|  |TAMS 0x000000009d900000| PB 0x000000009d900000| Untracked 
| 474|0x000000009da00000, 0x000000009db00000, 0x000000009db00000|100%| O|  |TAMS 0x000000009da00000| PB 0x000000009da00000| Untracked 
| 475|0x000000009db00000, 0x000000009dc00000, 0x000000009dc00000|100%| O|Cm|TAMS 0x000000009db00000| PB 0x000000009db00000| Complete 
| 476|0x000000009dc00000, 0x000000009dd00000, 0x000000009dd00000|100%| O|  |TAMS 0x000000009dc00000| PB 0x000000009dc00000| Untracked 
| 477|0x000000009dd00000, 0x000000009de00000, 0x000000009de00000|100%| O|Cm|TAMS 0x000000009dd00000| PB 0x000000009dd00000| Complete 
| 478|0x000000009de00000, 0x000000009df00000, 0x000000009df00000|100%| O|  |TAMS 0x000000009de00000| PB 0x000000009de00000| Untracked 
| 479|0x000000009df00000, 0x000000009e000000, 0x000000009e000000|100%| O|Cm|TAMS 0x000000009df00000| PB 0x000000009df00000| Complete 
| 480|0x000000009e000000, 0x000000009e100000, 0x000000009e100000|100%| O|Cm|TAMS 0x000000009e000000| PB 0x000000009e000000| Complete 
| 481|0x000000009e100000, 0x000000009e200000, 0x000000009e200000|100%| O|Cm|TAMS 0x000000009e100000| PB 0x000000009e100000| Complete 
| 482|0x000000009e200000, 0x000000009e300000, 0x000000009e300000|100%| O|Cm|TAMS 0x000000009e200000| PB 0x000000009e200000| Complete 
| 483|0x000000009e300000, 0x000000009e300000, 0x000000009e400000|  0%| F|  |TAMS 0x000000009e300000| PB 0x000000009e300000| Untracked 
| 484|0x000000009e400000, 0x000000009e400000, 0x000000009e500000|  0%| F|  |TAMS 0x000000009e400000| PB 0x000000009e400000| Untracked 
| 485|0x000000009e500000, 0x000000009e500000, 0x000000009e600000|  0%| F|  |TAMS 0x000000009e500000| PB 0x000000009e500000| Untracked 
| 486|0x000000009e600000, 0x000000009e600000, 0x000000009e700000|  0%| F|  |TAMS 0x000000009e600000| PB 0x000000009e600000| Untracked 
| 487|0x000000009e700000, 0x000000009e700000, 0x000000009e800000|  0%| F|  |TAMS 0x000000009e700000| PB 0x000000009e700000| Untracked 
| 488|0x000000009e800000, 0x000000009e800000, 0x000000009e900000|  0%| F|  |TAMS 0x000000009e800000| PB 0x000000009e800000| Untracked 
| 489|0x000000009e900000, 0x000000009e900000, 0x000000009ea00000|  0%| F|  |TAMS 0x000000009e900000| PB 0x000000009e900000| Untracked 
| 490|0x000000009ea00000, 0x000000009ea00000, 0x000000009eb00000|  0%| F|  |TAMS 0x000000009ea00000| PB 0x000000009ea00000| Untracked 
| 491|0x000000009eb00000, 0x000000009eb00000, 0x000000009ec00000|  0%| F|  |TAMS 0x000000009eb00000| PB 0x000000009eb00000| Untracked 
| 492|0x000000009ec00000, 0x000000009ec00000, 0x000000009ed00000|  0%| F|  |TAMS 0x000000009ec00000| PB 0x000000009ec00000| Untracked 
| 493|0x000000009ed00000, 0x000000009ed00000, 0x000000009ee00000|  0%| F|  |TAMS 0x000000009ed00000| PB 0x000000009ed00000| Untracked 
| 494|0x000000009ee00000, 0x000000009ee00000, 0x000000009ef00000|  0%| F|  |TAMS 0x000000009ee00000| PB 0x000000009ee00000| Untracked 
| 495|0x000000009ef00000, 0x000000009ef00000, 0x000000009f000000|  0%| F|  |TAMS 0x000000009ef00000| PB 0x000000009ef00000| Untracked 
| 496|0x000000009f000000, 0x000000009f000000, 0x000000009f100000|  0%| F|  |TAMS 0x000000009f000000| PB 0x000000009f000000| Untracked 
| 497|0x000000009f100000, 0x000000009f100000, 0x000000009f200000|  0%| F|  |TAMS 0x000000009f100000| PB 0x000000009f100000| Untracked 
| 498|0x000000009f200000, 0x000000009f200000, 0x000000009f300000|  0%| F|  |TAMS 0x000000009f200000| PB 0x000000009f200000| Untracked 
| 499|0x000000009f300000, 0x000000009f380000, 0x000000009f400000| 50%| S|CS|TAMS 0x000000009f300000| PB 0x000000009f300000| Complete 
| 500|0x000000009f400000, 0x000000009f500000, 0x000000009f500000|100%| S|CS|TAMS 0x000000009f400000| PB 0x000000009f400000| Complete 
| 501|0x000000009f500000, 0x000000009f600000, 0x000000009f600000|100%| S|CS|TAMS 0x000000009f500000| PB 0x000000009f500000| Complete 
| 502|0x000000009f600000, 0x000000009f700000, 0x000000009f700000|100%| S|CS|TAMS 0x000000009f600000| PB 0x000000009f600000| Complete 
| 503|0x000000009f700000, 0x000000009f800000, 0x000000009f800000|100%| S|CS|TAMS 0x000000009f700000| PB 0x000000009f700000| Complete 
| 504|0x000000009f800000, 0x000000009f900000, 0x000000009f900000|100%| S|CS|TAMS 0x000000009f800000| PB 0x000000009f800000| Complete 
| 505|0x000000009f900000, 0x000000009fa00000, 0x000000009fa00000|100%| S|CS|TAMS 0x000000009f900000| PB 0x000000009f900000| Complete 
| 506|0x000000009fa00000, 0x000000009fb00000, 0x000000009fb00000|100%| S|CS|TAMS 0x000000009fa00000| PB 0x000000009fa00000| Complete 
| 507|0x000000009fb00000, 0x000000009fc00000, 0x000000009fc00000|100%| S|CS|TAMS 0x000000009fb00000| PB 0x000000009fb00000| Complete 
| 508|0x000000009fc00000, 0x000000009fd00000, 0x000000009fd00000|100%| S|CS|TAMS 0x000000009fc00000| PB 0x000000009fc00000| Complete 
| 509|0x000000009fd00000, 0x000000009fe00000, 0x000000009fe00000|100%| S|CS|TAMS 0x000000009fd00000| PB 0x000000009fd00000| Complete 
| 510|0x000000009fe00000, 0x000000009ff00000, 0x000000009ff00000|100%| S|CS|TAMS 0x000000009fe00000| PB 0x000000009fe00000| Complete 
| 511|0x000000009ff00000, 0x00000000a0000000, 0x00000000a0000000|100%| S|CS|TAMS 0x000000009ff00000| PB 0x000000009ff00000| Complete 
| 512|0x00000000a0000000, 0x00000000a0100000, 0x00000000a0100000|100%| S|CS|TAMS 0x00000000a0000000| PB 0x00000000a0000000| Complete 
| 513|0x00000000a0100000, 0x00000000a0200000, 0x00000000a0200000|100%| S|CS|TAMS 0x00000000a0100000| PB 0x00000000a0100000| Complete 
| 514|0x00000000a0200000, 0x00000000a0300000, 0x00000000a0300000|100%| S|CS|TAMS 0x00000000a0200000| PB 0x00000000a0200000| Complete 
| 515|0x00000000a0300000, 0x00000000a0400000, 0x00000000a0400000|100%| S|CS|TAMS 0x00000000a0300000| PB 0x00000000a0300000| Complete 
| 516|0x00000000a0400000, 0x00000000a0500000, 0x00000000a0500000|100%| S|CS|TAMS 0x00000000a0400000| PB 0x00000000a0400000| Complete 
| 517|0x00000000a0500000, 0x00000000a0600000, 0x00000000a0600000|100%| S|CS|TAMS 0x00000000a0500000| PB 0x00000000a0500000| Complete 
| 518|0x00000000a0600000, 0x00000000a0700000, 0x00000000a0700000|100%| S|CS|TAMS 0x00000000a0600000| PB 0x00000000a0600000| Complete 
| 519|0x00000000a0700000, 0x00000000a0800000, 0x00000000a0800000|100%| S|CS|TAMS 0x00000000a0700000| PB 0x00000000a0700000| Complete 
| 520|0x00000000a0800000, 0x00000000a0900000, 0x00000000a0900000|100%| S|CS|TAMS 0x00000000a0800000| PB 0x00000000a0800000| Complete 
| 521|0x00000000a0900000, 0x00000000a0a00000, 0x00000000a0a00000|100%| S|CS|TAMS 0x00000000a0900000| PB 0x00000000a0900000| Complete 
| 522|0x00000000a0a00000, 0x00000000a0b00000, 0x00000000a0b00000|100%| S|CS|TAMS 0x00000000a0a00000| PB 0x00000000a0a00000| Complete 
| 523|0x00000000a0b00000, 0x00000000a0c00000, 0x00000000a0c00000|100%| S|CS|TAMS 0x00000000a0b00000| PB 0x00000000a0b00000| Complete 
| 524|0x00000000a0c00000, 0x00000000a0d00000, 0x00000000a0d00000|100%| S|CS|TAMS 0x00000000a0c00000| PB 0x00000000a0c00000| Complete 
| 525|0x00000000a0d00000, 0x00000000a0e00000, 0x00000000a0e00000|100%| S|CS|TAMS 0x00000000a0d00000| PB 0x00000000a0d00000| Complete 
| 526|0x00000000a0e00000, 0x00000000a0f00000, 0x00000000a0f00000|100%| S|CS|TAMS 0x00000000a0e00000| PB 0x00000000a0e00000| Complete 
| 527|0x00000000a0f00000, 0x00000000a1000000, 0x00000000a1000000|100%| S|CS|TAMS 0x00000000a0f00000| PB 0x00000000a0f00000| Complete 
| 528|0x00000000a1000000, 0x00000000a1100000, 0x00000000a1100000|100%| S|CS|TAMS 0x00000000a1000000| PB 0x00000000a1000000| Complete 
| 529|0x00000000a1100000, 0x00000000a1200000, 0x00000000a1200000|100%| S|CS|TAMS 0x00000000a1100000| PB 0x00000000a1100000| Complete 
| 530|0x00000000a1200000, 0x00000000a1300000, 0x00000000a1300000|100%| S|CS|TAMS 0x00000000a1200000| PB 0x00000000a1200000| Complete 
| 531|0x00000000a1300000, 0x00000000a1400000, 0x00000000a1400000|100%| S|CS|TAMS 0x00000000a1300000| PB 0x00000000a1300000| Complete 
| 532|0x00000000a1400000, 0x00000000a1500000, 0x00000000a1500000|100%| S|CS|TAMS 0x00000000a1400000| PB 0x00000000a1400000| Complete 
| 533|0x00000000a1500000, 0x00000000a1500000, 0x00000000a1600000|  0%| F|  |TAMS 0x00000000a1500000| PB 0x00000000a1500000| Untracked 
| 534|0x00000000a1600000, 0x00000000a1600000, 0x00000000a1700000|  0%| F|  |TAMS 0x00000000a1600000| PB 0x00000000a1600000| Untracked 
| 535|0x00000000a1700000, 0x00000000a1700000, 0x00000000a1800000|  0%| F|  |TAMS 0x00000000a1700000| PB 0x00000000a1700000| Untracked 
| 536|0x00000000a1800000, 0x00000000a1800000, 0x00000000a1900000|  0%| F|  |TAMS 0x00000000a1800000| PB 0x00000000a1800000| Untracked 
| 537|0x00000000a1900000, 0x00000000a1900000, 0x00000000a1a00000|  0%| F|  |TAMS 0x00000000a1900000| PB 0x00000000a1900000| Untracked 
| 538|0x00000000a1a00000, 0x00000000a1a00000, 0x00000000a1b00000|  0%| F|  |TAMS 0x00000000a1a00000| PB 0x00000000a1a00000| Untracked 
| 539|0x00000000a1b00000, 0x00000000a1b00000, 0x00000000a1c00000|  0%| F|  |TAMS 0x00000000a1b00000| PB 0x00000000a1b00000| Untracked 
| 540|0x00000000a1c00000, 0x00000000a1c00000, 0x00000000a1d00000|  0%| F|  |TAMS 0x00000000a1c00000| PB 0x00000000a1c00000| Untracked 
| 541|0x00000000a1d00000, 0x00000000a1d00000, 0x00000000a1e00000|  0%| F|  |TAMS 0x00000000a1d00000| PB 0x00000000a1d00000| Untracked 
| 542|0x00000000a1e00000, 0x00000000a1e00000, 0x00000000a1f00000|  0%| F|  |TAMS 0x00000000a1e00000| PB 0x00000000a1e00000| Untracked 
| 543|0x00000000a1f00000, 0x00000000a1f00000, 0x00000000a2000000|  0%| F|  |TAMS 0x00000000a1f00000| PB 0x00000000a1f00000| Untracked 
| 544|0x00000000a2000000, 0x00000000a2000000, 0x00000000a2100000|  0%| F|  |TAMS 0x00000000a2000000| PB 0x00000000a2000000| Untracked 
| 545|0x00000000a2100000, 0x00000000a2100000, 0x00000000a2200000|  0%| F|  |TAMS 0x00000000a2100000| PB 0x00000000a2100000| Untracked 
| 546|0x00000000a2200000, 0x00000000a2200000, 0x00000000a2300000|  0%| F|  |TAMS 0x00000000a2200000| PB 0x00000000a2200000| Untracked 
| 547|0x00000000a2300000, 0x00000000a2300000, 0x00000000a2400000|  0%| F|  |TAMS 0x00000000a2300000| PB 0x00000000a2300000| Untracked 
| 548|0x00000000a2400000, 0x00000000a2400000, 0x00000000a2500000|  0%| F|  |TAMS 0x00000000a2400000| PB 0x00000000a2400000| Untracked 
| 549|0x00000000a2500000, 0x00000000a2500000, 0x00000000a2600000|  0%| F|  |TAMS 0x00000000a2500000| PB 0x00000000a2500000| Untracked 
| 550|0x00000000a2600000, 0x00000000a2600000, 0x00000000a2700000|  0%| F|  |TAMS 0x00000000a2600000| PB 0x00000000a2600000| Untracked 
| 551|0x00000000a2700000, 0x00000000a2700000, 0x00000000a2800000|  0%| F|  |TAMS 0x00000000a2700000| PB 0x00000000a2700000| Untracked 
| 552|0x00000000a2800000, 0x00000000a2800000, 0x00000000a2900000|  0%| F|  |TAMS 0x00000000a2800000| PB 0x00000000a2800000| Untracked 
| 553|0x00000000a2900000, 0x00000000a2900000, 0x00000000a2a00000|  0%| F|  |TAMS 0x00000000a2900000| PB 0x00000000a2900000| Untracked 
| 554|0x00000000a2a00000, 0x00000000a2a00000, 0x00000000a2b00000|  0%| F|  |TAMS 0x00000000a2a00000| PB 0x00000000a2a00000| Untracked 
| 555|0x00000000a2b00000, 0x00000000a2b00000, 0x00000000a2c00000|  0%| F|  |TAMS 0x00000000a2b00000| PB 0x00000000a2b00000| Untracked 
| 556|0x00000000a2c00000, 0x00000000a2c00000, 0x00000000a2d00000|  0%| F|  |TAMS 0x00000000a2c00000| PB 0x00000000a2c00000| Untracked 
| 557|0x00000000a2d00000, 0x00000000a2d00000, 0x00000000a2e00000|  0%| F|  |TAMS 0x00000000a2d00000| PB 0x00000000a2d00000| Untracked 
| 558|0x00000000a2e00000, 0x00000000a2e00000, 0x00000000a2f00000|  0%| F|  |TAMS 0x00000000a2e00000| PB 0x00000000a2e00000| Untracked 
| 559|0x00000000a2f00000, 0x00000000a2f00000, 0x00000000a3000000|  0%| F|  |TAMS 0x00000000a2f00000| PB 0x00000000a2f00000| Untracked 
| 560|0x00000000a3000000, 0x00000000a3000000, 0x00000000a3100000|  0%| F|  |TAMS 0x00000000a3000000| PB 0x00000000a3000000| Untracked 
| 561|0x00000000a3100000, 0x00000000a3100000, 0x00000000a3200000|  0%| F|  |TAMS 0x00000000a3100000| PB 0x00000000a3100000| Untracked 
| 562|0x00000000a3200000, 0x00000000a3200000, 0x00000000a3300000|  0%| F|  |TAMS 0x00000000a3200000| PB 0x00000000a3200000| Untracked 
| 563|0x00000000a3300000, 0x00000000a3300000, 0x00000000a3400000|  0%| F|  |TAMS 0x00000000a3300000| PB 0x00000000a3300000| Untracked 
| 564|0x00000000a3400000, 0x00000000a3400000, 0x00000000a3500000|  0%| F|  |TAMS 0x00000000a3400000| PB 0x00000000a3400000| Untracked 
| 565|0x00000000a3500000, 0x00000000a3500000, 0x00000000a3600000|  0%| F|  |TAMS 0x00000000a3500000| PB 0x00000000a3500000| Untracked 
| 566|0x00000000a3600000, 0x00000000a3600000, 0x00000000a3700000|  0%| F|  |TAMS 0x00000000a3600000| PB 0x00000000a3600000| Untracked 
| 567|0x00000000a3700000, 0x00000000a3700000, 0x00000000a3800000|  0%| F|  |TAMS 0x00000000a3700000| PB 0x00000000a3700000| Untracked 
| 568|0x00000000a3800000, 0x00000000a3800000, 0x00000000a3900000|  0%| F|  |TAMS 0x00000000a3800000| PB 0x00000000a3800000| Untracked 
| 569|0x00000000a3900000, 0x00000000a3900000, 0x00000000a3a00000|  0%| F|  |TAMS 0x00000000a3900000| PB 0x00000000a3900000| Untracked 
| 570|0x00000000a3a00000, 0x00000000a3a00000, 0x00000000a3b00000|  0%| F|  |TAMS 0x00000000a3a00000| PB 0x00000000a3a00000| Untracked 
| 571|0x00000000a3b00000, 0x00000000a3b00000, 0x00000000a3c00000|  0%| F|  |TAMS 0x00000000a3b00000| PB 0x00000000a3b00000| Untracked 
| 572|0x00000000a3c00000, 0x00000000a3c00000, 0x00000000a3d00000|  0%| F|  |TAMS 0x00000000a3c00000| PB 0x00000000a3c00000| Untracked 
| 573|0x00000000a3d00000, 0x00000000a3d00000, 0x00000000a3e00000|  0%| F|  |TAMS 0x00000000a3d00000| PB 0x00000000a3d00000| Untracked 
| 574|0x00000000a3e00000, 0x00000000a3e00000, 0x00000000a3f00000|  0%| F|  |TAMS 0x00000000a3e00000| PB 0x00000000a3e00000| Untracked 
| 575|0x00000000a3f00000, 0x00000000a3f00000, 0x00000000a4000000|  0%| F|  |TAMS 0x00000000a3f00000| PB 0x00000000a3f00000| Untracked 
| 576|0x00000000a4000000, 0x00000000a4000000, 0x00000000a4100000|  0%| F|  |TAMS 0x00000000a4000000| PB 0x00000000a4000000| Untracked 
| 577|0x00000000a4100000, 0x00000000a4100000, 0x00000000a4200000|  0%| F|  |TAMS 0x00000000a4100000| PB 0x00000000a4100000| Untracked 
| 578|0x00000000a4200000, 0x00000000a4200000, 0x00000000a4300000|  0%| F|  |TAMS 0x00000000a4200000| PB 0x00000000a4200000| Untracked 
| 579|0x00000000a4300000, 0x00000000a4300000, 0x00000000a4400000|  0%| F|  |TAMS 0x00000000a4300000| PB 0x00000000a4300000| Untracked 
| 580|0x00000000a4400000, 0x00000000a4400000, 0x00000000a4500000|  0%| F|  |TAMS 0x00000000a4400000| PB 0x00000000a4400000| Untracked 
| 581|0x00000000a4500000, 0x00000000a4500000, 0x00000000a4600000|  0%| F|  |TAMS 0x00000000a4500000| PB 0x00000000a4500000| Untracked 
| 582|0x00000000a4600000, 0x00000000a4600000, 0x00000000a4700000|  0%| F|  |TAMS 0x00000000a4600000| PB 0x00000000a4600000| Untracked 
| 583|0x00000000a4700000, 0x00000000a4700000, 0x00000000a4800000|  0%| F|  |TAMS 0x00000000a4700000| PB 0x00000000a4700000| Untracked 
| 584|0x00000000a4800000, 0x00000000a4800000, 0x00000000a4900000|  0%| F|  |TAMS 0x00000000a4800000| PB 0x00000000a4800000| Untracked 
| 585|0x00000000a4900000, 0x00000000a4900000, 0x00000000a4a00000|  0%| F|  |TAMS 0x00000000a4900000| PB 0x00000000a4900000| Untracked 
| 586|0x00000000a4a00000, 0x00000000a4a00000, 0x00000000a4b00000|  0%| F|  |TAMS 0x00000000a4a00000| PB 0x00000000a4a00000| Untracked 
| 587|0x00000000a4b00000, 0x00000000a4b00000, 0x00000000a4c00000|  0%| F|  |TAMS 0x00000000a4b00000| PB 0x00000000a4b00000| Untracked 
| 588|0x00000000a4c00000, 0x00000000a4c00000, 0x00000000a4d00000|  0%| F|  |TAMS 0x00000000a4c00000| PB 0x00000000a4c00000| Untracked 
| 589|0x00000000a4d00000, 0x00000000a4d00000, 0x00000000a4e00000|  0%| F|  |TAMS 0x00000000a4d00000| PB 0x00000000a4d00000| Untracked 
| 590|0x00000000a4e00000, 0x00000000a4e00000, 0x00000000a4f00000|  0%| F|  |TAMS 0x00000000a4e00000| PB 0x00000000a4e00000| Untracked 
| 591|0x00000000a4f00000, 0x00000000a4f00000, 0x00000000a5000000|  0%| F|  |TAMS 0x00000000a4f00000| PB 0x00000000a4f00000| Untracked 
| 592|0x00000000a5000000, 0x00000000a5000000, 0x00000000a5100000|  0%| F|  |TAMS 0x00000000a5000000| PB 0x00000000a5000000| Untracked 
| 593|0x00000000a5100000, 0x00000000a5100000, 0x00000000a5200000|  0%| F|  |TAMS 0x00000000a5100000| PB 0x00000000a5100000| Untracked 
| 594|0x00000000a5200000, 0x00000000a5200000, 0x00000000a5300000|  0%| F|  |TAMS 0x00000000a5200000| PB 0x00000000a5200000| Untracked 
| 595|0x00000000a5300000, 0x00000000a5300000, 0x00000000a5400000|  0%| F|  |TAMS 0x00000000a5300000| PB 0x00000000a5300000| Untracked 
| 596|0x00000000a5400000, 0x00000000a5400000, 0x00000000a5500000|  0%| F|  |TAMS 0x00000000a5400000| PB 0x00000000a5400000| Untracked 
| 597|0x00000000a5500000, 0x00000000a5500000, 0x00000000a5600000|  0%| F|  |TAMS 0x00000000a5500000| PB 0x00000000a5500000| Untracked 
| 598|0x00000000a5600000, 0x00000000a5600000, 0x00000000a5700000|  0%| F|  |TAMS 0x00000000a5600000| PB 0x00000000a5600000| Untracked 
| 599|0x00000000a5700000, 0x00000000a5700000, 0x00000000a5800000|  0%| F|  |TAMS 0x00000000a5700000| PB 0x00000000a5700000| Untracked 
| 600|0x00000000a5800000, 0x00000000a5800000, 0x00000000a5900000|  0%| F|  |TAMS 0x00000000a5800000| PB 0x00000000a5800000| Untracked 
| 601|0x00000000a5900000, 0x00000000a5900000, 0x00000000a5a00000|  0%| F|  |TAMS 0x00000000a5900000| PB 0x00000000a5900000| Untracked 
| 602|0x00000000a5a00000, 0x00000000a5a00000, 0x00000000a5b00000|  0%| F|  |TAMS 0x00000000a5a00000| PB 0x00000000a5a00000| Untracked 
| 603|0x00000000a5b00000, 0x00000000a5b00000, 0x00000000a5c00000|  0%| F|  |TAMS 0x00000000a5b00000| PB 0x00000000a5b00000| Untracked 
| 604|0x00000000a5c00000, 0x00000000a5c00000, 0x00000000a5d00000|  0%| F|  |TAMS 0x00000000a5c00000| PB 0x00000000a5c00000| Untracked 
| 605|0x00000000a5d00000, 0x00000000a5d00000, 0x00000000a5e00000|  0%| F|  |TAMS 0x00000000a5d00000| PB 0x00000000a5d00000| Untracked 
| 606|0x00000000a5e00000, 0x00000000a5e00000, 0x00000000a5f00000|  0%| F|  |TAMS 0x00000000a5e00000| PB 0x00000000a5e00000| Untracked 
| 607|0x00000000a5f00000, 0x00000000a5f00000, 0x00000000a6000000|  0%| F|  |TAMS 0x00000000a5f00000| PB 0x00000000a5f00000| Untracked 
| 608|0x00000000a6000000, 0x00000000a6000000, 0x00000000a6100000|  0%| F|  |TAMS 0x00000000a6000000| PB 0x00000000a6000000| Untracked 
| 609|0x00000000a6100000, 0x00000000a6100000, 0x00000000a6200000|  0%| F|  |TAMS 0x00000000a6100000| PB 0x00000000a6100000| Untracked 
| 610|0x00000000a6200000, 0x00000000a6200000, 0x00000000a6300000|  0%| F|  |TAMS 0x00000000a6200000| PB 0x00000000a6200000| Untracked 
| 611|0x00000000a6300000, 0x00000000a6300000, 0x00000000a6400000|  0%| F|  |TAMS 0x00000000a6300000| PB 0x00000000a6300000| Untracked 
| 612|0x00000000a6400000, 0x00000000a6400000, 0x00000000a6500000|  0%| F|  |TAMS 0x00000000a6400000| PB 0x00000000a6400000| Untracked 
| 613|0x00000000a6500000, 0x00000000a6500000, 0x00000000a6600000|  0%| F|  |TAMS 0x00000000a6500000| PB 0x00000000a6500000| Untracked 
| 614|0x00000000a6600000, 0x00000000a6600000, 0x00000000a6700000|  0%| F|  |TAMS 0x00000000a6600000| PB 0x00000000a6600000| Untracked 
| 615|0x00000000a6700000, 0x00000000a6700000, 0x00000000a6800000|  0%| F|  |TAMS 0x00000000a6700000| PB 0x00000000a6700000| Untracked 
| 616|0x00000000a6800000, 0x00000000a6800000, 0x00000000a6900000|  0%| F|  |TAMS 0x00000000a6800000| PB 0x00000000a6800000| Untracked 
| 617|0x00000000a6900000, 0x00000000a6900000, 0x00000000a6a00000|  0%| F|  |TAMS 0x00000000a6900000| PB 0x00000000a6900000| Untracked 
| 618|0x00000000a6a00000, 0x00000000a6a00000, 0x00000000a6b00000|  0%| F|  |TAMS 0x00000000a6a00000| PB 0x00000000a6a00000| Untracked 
| 619|0x00000000a6b00000, 0x00000000a6b00000, 0x00000000a6c00000|  0%| F|  |TAMS 0x00000000a6b00000| PB 0x00000000a6b00000| Untracked 
| 620|0x00000000a6c00000, 0x00000000a6c00000, 0x00000000a6d00000|  0%| F|  |TAMS 0x00000000a6c00000| PB 0x00000000a6c00000| Untracked 
| 621|0x00000000a6d00000, 0x00000000a6d00000, 0x00000000a6e00000|  0%| F|  |TAMS 0x00000000a6d00000| PB 0x00000000a6d00000| Untracked 
| 622|0x00000000a6e00000, 0x00000000a6e00000, 0x00000000a6f00000|  0%| F|  |TAMS 0x00000000a6e00000| PB 0x00000000a6e00000| Untracked 
| 623|0x00000000a6f00000, 0x00000000a6f00000, 0x00000000a7000000|  0%| F|  |TAMS 0x00000000a6f00000| PB 0x00000000a6f00000| Untracked 
| 624|0x00000000a7000000, 0x00000000a7000000, 0x00000000a7100000|  0%| F|  |TAMS 0x00000000a7000000| PB 0x00000000a7000000| Untracked 
| 625|0x00000000a7100000, 0x00000000a7100000, 0x00000000a7200000|  0%| F|  |TAMS 0x00000000a7100000| PB 0x00000000a7100000| Untracked 
| 626|0x00000000a7200000, 0x00000000a7200000, 0x00000000a7300000|  0%| F|  |TAMS 0x00000000a7200000| PB 0x00000000a7200000| Untracked 
| 627|0x00000000a7300000, 0x00000000a7300000, 0x00000000a7400000|  0%| F|  |TAMS 0x00000000a7300000| PB 0x00000000a7300000| Untracked 
| 628|0x00000000a7400000, 0x00000000a7400000, 0x00000000a7500000|  0%| F|  |TAMS 0x00000000a7400000| PB 0x00000000a7400000| Untracked 
| 629|0x00000000a7500000, 0x00000000a7500000, 0x00000000a7600000|  0%| F|  |TAMS 0x00000000a7500000| PB 0x00000000a7500000| Untracked 
| 630|0x00000000a7600000, 0x00000000a7600000, 0x00000000a7700000|  0%| F|  |TAMS 0x00000000a7600000| PB 0x00000000a7600000| Untracked 
| 631|0x00000000a7700000, 0x00000000a7700000, 0x00000000a7800000|  0%| F|  |TAMS 0x00000000a7700000| PB 0x00000000a7700000| Untracked 
| 632|0x00000000a7800000, 0x00000000a7800000, 0x00000000a7900000|  0%| F|  |TAMS 0x00000000a7800000| PB 0x00000000a7800000| Untracked 
| 633|0x00000000a7900000, 0x00000000a7900000, 0x00000000a7a00000|  0%| F|  |TAMS 0x00000000a7900000| PB 0x00000000a7900000| Untracked 
| 634|0x00000000a7a00000, 0x00000000a7a00000, 0x00000000a7b00000|  0%| F|  |TAMS 0x00000000a7a00000| PB 0x00000000a7a00000| Untracked 
| 635|0x00000000a7b00000, 0x00000000a7b00000, 0x00000000a7c00000|  0%| F|  |TAMS 0x00000000a7b00000| PB 0x00000000a7b00000| Untracked 
| 636|0x00000000a7c00000, 0x00000000a7c00000, 0x00000000a7d00000|  0%| F|  |TAMS 0x00000000a7c00000| PB 0x00000000a7c00000| Untracked 
| 637|0x00000000a7d00000, 0x00000000a7d00000, 0x00000000a7e00000|  0%| F|  |TAMS 0x00000000a7d00000| PB 0x00000000a7d00000| Untracked 
| 638|0x00000000a7e00000, 0x00000000a7e00000, 0x00000000a7f00000|  0%| F|  |TAMS 0x00000000a7e00000| PB 0x00000000a7e00000| Untracked 
| 639|0x00000000a7f00000, 0x00000000a7f00000, 0x00000000a8000000|  0%| F|  |TAMS 0x00000000a7f00000| PB 0x00000000a7f00000| Untracked 
| 640|0x00000000a8000000, 0x00000000a8000000, 0x00000000a8100000|  0%| F|  |TAMS 0x00000000a8000000| PB 0x00000000a8000000| Untracked 
| 641|0x00000000a8100000, 0x00000000a8100000, 0x00000000a8200000|  0%| F|  |TAMS 0x00000000a8100000| PB 0x00000000a8100000| Untracked 
| 642|0x00000000a8200000, 0x00000000a8200000, 0x00000000a8300000|  0%| F|  |TAMS 0x00000000a8200000| PB 0x00000000a8200000| Untracked 
| 643|0x00000000a8300000, 0x00000000a8300000, 0x00000000a8400000|  0%| F|  |TAMS 0x00000000a8300000| PB 0x00000000a8300000| Untracked 
| 644|0x00000000a8400000, 0x00000000a8400000, 0x00000000a8500000|  0%| F|  |TAMS 0x00000000a8400000| PB 0x00000000a8400000| Untracked 
| 645|0x00000000a8500000, 0x00000000a8500000, 0x00000000a8600000|  0%| F|  |TAMS 0x00000000a8500000| PB 0x00000000a8500000| Untracked 
| 646|0x00000000a8600000, 0x00000000a8600000, 0x00000000a8700000|  0%| F|  |TAMS 0x00000000a8600000| PB 0x00000000a8600000| Untracked 
| 647|0x00000000a8700000, 0x00000000a8700000, 0x00000000a8800000|  0%| F|  |TAMS 0x00000000a8700000| PB 0x00000000a8700000| Untracked 
| 648|0x00000000a8800000, 0x00000000a8800000, 0x00000000a8900000|  0%| F|  |TAMS 0x00000000a8800000| PB 0x00000000a8800000| Untracked 
| 649|0x00000000a8900000, 0x00000000a8900000, 0x00000000a8a00000|  0%| F|  |TAMS 0x00000000a8900000| PB 0x00000000a8900000| Untracked 
| 650|0x00000000a8a00000, 0x00000000a8a00000, 0x00000000a8b00000|  0%| F|  |TAMS 0x00000000a8a00000| PB 0x00000000a8a00000| Untracked 
| 651|0x00000000a8b00000, 0x00000000a8b00000, 0x00000000a8c00000|  0%| F|  |TAMS 0x00000000a8b00000| PB 0x00000000a8b00000| Untracked 
| 652|0x00000000a8c00000, 0x00000000a8c00000, 0x00000000a8d00000|  0%| F|  |TAMS 0x00000000a8c00000| PB 0x00000000a8c00000| Untracked 
| 653|0x00000000a8d00000, 0x00000000a8d00000, 0x00000000a8e00000|  0%| F|  |TAMS 0x00000000a8d00000| PB 0x00000000a8d00000| Untracked 
| 654|0x00000000a8e00000, 0x00000000a8e00000, 0x00000000a8f00000|  0%| F|  |TAMS 0x00000000a8e00000| PB 0x00000000a8e00000| Untracked 
| 655|0x00000000a8f00000, 0x00000000a8f00000, 0x00000000a9000000|  0%| F|  |TAMS 0x00000000a8f00000| PB 0x00000000a8f00000| Untracked 
| 656|0x00000000a9000000, 0x00000000a9000000, 0x00000000a9100000|  0%| F|  |TAMS 0x00000000a9000000| PB 0x00000000a9000000| Untracked 
| 657|0x00000000a9100000, 0x00000000a9100000, 0x00000000a9200000|  0%| F|  |TAMS 0x00000000a9100000| PB 0x00000000a9100000| Untracked 
| 658|0x00000000a9200000, 0x00000000a9200000, 0x00000000a9300000|  0%| F|  |TAMS 0x00000000a9200000| PB 0x00000000a9200000| Untracked 
| 659|0x00000000a9300000, 0x00000000a9300000, 0x00000000a9400000|  0%| F|  |TAMS 0x00000000a9300000| PB 0x00000000a9300000| Untracked 
| 660|0x00000000a9400000, 0x00000000a9400000, 0x00000000a9500000|  0%| F|  |TAMS 0x00000000a9400000| PB 0x00000000a9400000| Untracked 
| 661|0x00000000a9500000, 0x00000000a9500000, 0x00000000a9600000|  0%| F|  |TAMS 0x00000000a9500000| PB 0x00000000a9500000| Untracked 
| 662|0x00000000a9600000, 0x00000000a9600000, 0x00000000a9700000|  0%| F|  |TAMS 0x00000000a9600000| PB 0x00000000a9600000| Untracked 
| 663|0x00000000a9700000, 0x00000000a9700000, 0x00000000a9800000|  0%| F|  |TAMS 0x00000000a9700000| PB 0x00000000a9700000| Untracked 
| 664|0x00000000a9800000, 0x00000000a9800000, 0x00000000a9900000|  0%| F|  |TAMS 0x00000000a9800000| PB 0x00000000a9800000| Untracked 
| 665|0x00000000a9900000, 0x00000000a9900000, 0x00000000a9a00000|  0%| F|  |TAMS 0x00000000a9900000| PB 0x00000000a9900000| Untracked 
| 666|0x00000000a9a00000, 0x00000000a9a00000, 0x00000000a9b00000|  0%| F|  |TAMS 0x00000000a9a00000| PB 0x00000000a9a00000| Untracked 
| 667|0x00000000a9b00000, 0x00000000a9b00000, 0x00000000a9c00000|  0%| F|  |TAMS 0x00000000a9b00000| PB 0x00000000a9b00000| Untracked 
| 668|0x00000000a9c00000, 0x00000000a9c00000, 0x00000000a9d00000|  0%| F|  |TAMS 0x00000000a9c00000| PB 0x00000000a9c00000| Untracked 
| 669|0x00000000a9d00000, 0x00000000a9d00000, 0x00000000a9e00000|  0%| F|  |TAMS 0x00000000a9d00000| PB 0x00000000a9d00000| Untracked 
| 670|0x00000000a9e00000, 0x00000000a9e00000, 0x00000000a9f00000|  0%| F|  |TAMS 0x00000000a9e00000| PB 0x00000000a9e00000| Untracked 
| 671|0x00000000a9f00000, 0x00000000a9f00000, 0x00000000aa000000|  0%| F|  |TAMS 0x00000000a9f00000| PB 0x00000000a9f00000| Untracked 
| 672|0x00000000aa000000, 0x00000000aa000000, 0x00000000aa100000|  0%| F|  |TAMS 0x00000000aa000000| PB 0x00000000aa000000| Untracked 
| 673|0x00000000aa100000, 0x00000000aa100000, 0x00000000aa200000|  0%| F|  |TAMS 0x00000000aa100000| PB 0x00000000aa100000| Untracked 
| 674|0x00000000aa200000, 0x00000000aa200000, 0x00000000aa300000|  0%| F|  |TAMS 0x00000000aa200000| PB 0x00000000aa200000| Untracked 
| 675|0x00000000aa300000, 0x00000000aa300000, 0x00000000aa400000|  0%| F|  |TAMS 0x00000000aa300000| PB 0x00000000aa300000| Untracked 
| 676|0x00000000aa400000, 0x00000000aa400000, 0x00000000aa500000|  0%| F|  |TAMS 0x00000000aa400000| PB 0x00000000aa400000| Untracked 
| 677|0x00000000aa500000, 0x00000000aa500000, 0x00000000aa600000|  0%| F|  |TAMS 0x00000000aa500000| PB 0x00000000aa500000| Untracked 
| 678|0x00000000aa600000, 0x00000000aa600000, 0x00000000aa700000|  0%| F|  |TAMS 0x00000000aa600000| PB 0x00000000aa600000| Untracked 
| 679|0x00000000aa700000, 0x00000000aa700000, 0x00000000aa800000|  0%| F|  |TAMS 0x00000000aa700000| PB 0x00000000aa700000| Untracked 
| 680|0x00000000aa800000, 0x00000000aa800000, 0x00000000aa900000|  0%| F|  |TAMS 0x00000000aa800000| PB 0x00000000aa800000| Untracked 
| 681|0x00000000aa900000, 0x00000000aa900000, 0x00000000aaa00000|  0%| F|  |TAMS 0x00000000aa900000| PB 0x00000000aa900000| Untracked 
| 682|0x00000000aaa00000, 0x00000000aaa00000, 0x00000000aab00000|  0%| F|  |TAMS 0x00000000aaa00000| PB 0x00000000aaa00000| Untracked 
| 683|0x00000000aab00000, 0x00000000aab00000, 0x00000000aac00000|  0%| F|  |TAMS 0x00000000aab00000| PB 0x00000000aab00000| Untracked 
| 684|0x00000000aac00000, 0x00000000aac00000, 0x00000000aad00000|  0%| F|  |TAMS 0x00000000aac00000| PB 0x00000000aac00000| Untracked 
| 685|0x00000000aad00000, 0x00000000aad00000, 0x00000000aae00000|  0%| F|  |TAMS 0x00000000aad00000| PB 0x00000000aad00000| Untracked 
| 686|0x00000000aae00000, 0x00000000aae00000, 0x00000000aaf00000|  0%| F|  |TAMS 0x00000000aae00000| PB 0x00000000aae00000| Untracked 
| 687|0x00000000aaf00000, 0x00000000aaf00000, 0x00000000ab000000|  0%| F|  |TAMS 0x00000000aaf00000| PB 0x00000000aaf00000| Untracked 
| 688|0x00000000ab000000, 0x00000000ab000000, 0x00000000ab100000|  0%| F|  |TAMS 0x00000000ab000000| PB 0x00000000ab000000| Untracked 
| 689|0x00000000ab100000, 0x00000000ab100000, 0x00000000ab200000|  0%| F|  |TAMS 0x00000000ab100000| PB 0x00000000ab100000| Untracked 
| 690|0x00000000ab200000, 0x00000000ab200000, 0x00000000ab300000|  0%| F|  |TAMS 0x00000000ab200000| PB 0x00000000ab200000| Untracked 
| 691|0x00000000ab300000, 0x00000000ab300000, 0x00000000ab400000|  0%| F|  |TAMS 0x00000000ab300000| PB 0x00000000ab300000| Untracked 
| 692|0x00000000ab400000, 0x00000000ab400000, 0x00000000ab500000|  0%| F|  |TAMS 0x00000000ab400000| PB 0x00000000ab400000| Untracked 
| 693|0x00000000ab500000, 0x00000000ab500000, 0x00000000ab600000|  0%| F|  |TAMS 0x00000000ab500000| PB 0x00000000ab500000| Untracked 
| 694|0x00000000ab600000, 0x00000000ab600000, 0x00000000ab700000|  0%| F|  |TAMS 0x00000000ab600000| PB 0x00000000ab600000| Untracked 
| 695|0x00000000ab700000, 0x00000000ab700000, 0x00000000ab800000|  0%| F|  |TAMS 0x00000000ab700000| PB 0x00000000ab700000| Untracked 
| 696|0x00000000ab800000, 0x00000000ab800000, 0x00000000ab900000|  0%| F|  |TAMS 0x00000000ab800000| PB 0x00000000ab800000| Untracked 
| 697|0x00000000ab900000, 0x00000000ab900000, 0x00000000aba00000|  0%| F|  |TAMS 0x00000000ab900000| PB 0x00000000ab900000| Untracked 
| 698|0x00000000aba00000, 0x00000000aba00000, 0x00000000abb00000|  0%| F|  |TAMS 0x00000000aba00000| PB 0x00000000aba00000| Untracked 
| 699|0x00000000abb00000, 0x00000000abb00000, 0x00000000abc00000|  0%| F|  |TAMS 0x00000000abb00000| PB 0x00000000abb00000| Untracked 
| 700|0x00000000abc00000, 0x00000000abc00000, 0x00000000abd00000|  0%| F|  |TAMS 0x00000000abc00000| PB 0x00000000abc00000| Untracked 
| 701|0x00000000abd00000, 0x00000000abd00000, 0x00000000abe00000|  0%| F|  |TAMS 0x00000000abd00000| PB 0x00000000abd00000| Untracked 
| 702|0x00000000abe00000, 0x00000000abe00000, 0x00000000abf00000|  0%| F|  |TAMS 0x00000000abe00000| PB 0x00000000abe00000| Untracked 
| 703|0x00000000abf00000, 0x00000000abf00000, 0x00000000ac000000|  0%| F|  |TAMS 0x00000000abf00000| PB 0x00000000abf00000| Untracked 
| 704|0x00000000ac000000, 0x00000000ac000000, 0x00000000ac100000|  0%| F|  |TAMS 0x00000000ac000000| PB 0x00000000ac000000| Untracked 
| 705|0x00000000ac100000, 0x00000000ac100000, 0x00000000ac200000|  0%| F|  |TAMS 0x00000000ac100000| PB 0x00000000ac100000| Untracked 
| 706|0x00000000ac200000, 0x00000000ac200000, 0x00000000ac300000|  0%| F|  |TAMS 0x00000000ac200000| PB 0x00000000ac200000| Untracked 
| 707|0x00000000ac300000, 0x00000000ac300000, 0x00000000ac400000|  0%| F|  |TAMS 0x00000000ac300000| PB 0x00000000ac300000| Untracked 
| 708|0x00000000ac400000, 0x00000000ac400000, 0x00000000ac500000|  0%| F|  |TAMS 0x00000000ac400000| PB 0x00000000ac400000| Untracked 
| 709|0x00000000ac500000, 0x00000000ac500000, 0x00000000ac600000|  0%| F|  |TAMS 0x00000000ac500000| PB 0x00000000ac500000| Untracked 
| 710|0x00000000ac600000, 0x00000000ac600000, 0x00000000ac700000|  0%| F|  |TAMS 0x00000000ac600000| PB 0x00000000ac600000| Untracked 
| 711|0x00000000ac700000, 0x00000000ac700000, 0x00000000ac800000|  0%| F|  |TAMS 0x00000000ac700000| PB 0x00000000ac700000| Untracked 
| 712|0x00000000ac800000, 0x00000000ac800000, 0x00000000ac900000|  0%| F|  |TAMS 0x00000000ac800000| PB 0x00000000ac800000| Untracked 
| 713|0x00000000ac900000, 0x00000000ac900000, 0x00000000aca00000|  0%| F|  |TAMS 0x00000000ac900000| PB 0x00000000ac900000| Untracked 
| 714|0x00000000aca00000, 0x00000000aca00000, 0x00000000acb00000|  0%| F|  |TAMS 0x00000000aca00000| PB 0x00000000aca00000| Untracked 
| 715|0x00000000acb00000, 0x00000000acb00000, 0x00000000acc00000|  0%| F|  |TAMS 0x00000000acb00000| PB 0x00000000acb00000| Untracked 
| 716|0x00000000acc00000, 0x00000000acc00000, 0x00000000acd00000|  0%| F|  |TAMS 0x00000000acc00000| PB 0x00000000acc00000| Untracked 
| 717|0x00000000acd00000, 0x00000000acd00000, 0x00000000ace00000|  0%| F|  |TAMS 0x00000000acd00000| PB 0x00000000acd00000| Untracked 
| 718|0x00000000ace00000, 0x00000000ace00000, 0x00000000acf00000|  0%| F|  |TAMS 0x00000000ace00000| PB 0x00000000ace00000| Untracked 
| 719|0x00000000acf00000, 0x00000000acf00000, 0x00000000ad000000|  0%| F|  |TAMS 0x00000000acf00000| PB 0x00000000acf00000| Untracked 
| 720|0x00000000ad000000, 0x00000000ad000000, 0x00000000ad100000|  0%| F|  |TAMS 0x00000000ad000000| PB 0x00000000ad000000| Untracked 
| 721|0x00000000ad100000, 0x00000000ad16d7a8, 0x00000000ad200000| 42%| E|  |TAMS 0x00000000ad100000| PB 0x00000000ad100000| Complete 
| 722|0x00000000ad200000, 0x00000000ad2ed1b0, 0x00000000ad300000| 92%| E|  |TAMS 0x00000000ad200000| PB 0x00000000ad200000| Complete 
| 723|0x00000000ad300000, 0x00000000ad400000, 0x00000000ad400000|100%| E|CS|TAMS 0x00000000ad300000| PB 0x00000000ad300000| Complete 
| 724|0x00000000ad400000, 0x00000000ad500000, 0x00000000ad500000|100%| E|CS|TAMS 0x00000000ad400000| PB 0x00000000ad400000| Complete 
| 725|0x00000000ad500000, 0x00000000ad600000, 0x00000000ad600000|100%| E|CS|TAMS 0x00000000ad500000| PB 0x00000000ad500000| Complete 
| 726|0x00000000ad600000, 0x00000000ad700000, 0x00000000ad700000|100%| E|CS|TAMS 0x00000000ad600000| PB 0x00000000ad600000| Complete 
| 727|0x00000000ad700000, 0x00000000ad800000, 0x00000000ad800000|100%| E|CS|TAMS 0x00000000ad700000| PB 0x00000000ad700000| Complete 
| 728|0x00000000ad800000, 0x00000000ad900000, 0x00000000ad900000|100%| E|CS|TAMS 0x00000000ad800000| PB 0x00000000ad800000| Complete 
| 729|0x00000000ad900000, 0x00000000ada00000, 0x00000000ada00000|100%| E|CS|TAMS 0x00000000ad900000| PB 0x00000000ad900000| Complete 
| 730|0x00000000ada00000, 0x00000000adb00000, 0x00000000adb00000|100%| E|CS|TAMS 0x00000000ada00000| PB 0x00000000ada00000| Complete 
| 731|0x00000000adb00000, 0x00000000adc00000, 0x00000000adc00000|100%| E|CS|TAMS 0x00000000adb00000| PB 0x00000000adb00000| Complete 
| 732|0x00000000adc00000, 0x00000000add00000, 0x00000000add00000|100%| E|CS|TAMS 0x00000000adc00000| PB 0x00000000adc00000| Complete 
| 733|0x00000000add00000, 0x00000000ade00000, 0x00000000ade00000|100%| E|CS|TAMS 0x00000000add00000| PB 0x00000000add00000| Complete 
| 734|0x00000000ade00000, 0x00000000adf00000, 0x00000000adf00000|100%| E|CS|TAMS 0x00000000ade00000| PB 0x00000000ade00000| Complete 
| 735|0x00000000adf00000, 0x00000000ae000000, 0x00000000ae000000|100%| E|CS|TAMS 0x00000000adf00000| PB 0x00000000adf00000| Complete 
| 736|0x00000000ae000000, 0x00000000ae100000, 0x00000000ae100000|100%| E|CS|TAMS 0x00000000ae000000| PB 0x00000000ae000000| Complete 
| 737|0x00000000ae100000, 0x00000000ae200000, 0x00000000ae200000|100%| E|CS|TAMS 0x00000000ae100000| PB 0x00000000ae100000| Complete 
| 738|0x00000000ae200000, 0x00000000ae300000, 0x00000000ae300000|100%| E|CS|TAMS 0x00000000ae200000| PB 0x00000000ae200000| Complete 
| 739|0x00000000ae300000, 0x00000000ae400000, 0x00000000ae400000|100%| E|CS|TAMS 0x00000000ae300000| PB 0x00000000ae300000| Complete 
| 740|0x00000000ae400000, 0x00000000ae500000, 0x00000000ae500000|100%| E|CS|TAMS 0x00000000ae400000| PB 0x00000000ae400000| Complete 
| 741|0x00000000ae500000, 0x00000000ae600000, 0x00000000ae600000|100%| E|CS|TAMS 0x00000000ae500000| PB 0x00000000ae500000| Complete 
| 742|0x00000000ae600000, 0x00000000ae700000, 0x00000000ae700000|100%| E|CS|TAMS 0x00000000ae600000| PB 0x00000000ae600000| Complete 
| 743|0x00000000ae700000, 0x00000000ae800000, 0x00000000ae800000|100%| E|CS|TAMS 0x00000000ae700000| PB 0x00000000ae700000| Complete 
| 744|0x00000000ae800000, 0x00000000ae900000, 0x00000000ae900000|100%| E|CS|TAMS 0x00000000ae800000| PB 0x00000000ae800000| Complete 
| 745|0x00000000ae900000, 0x00000000aea00000, 0x00000000aea00000|100%| E|CS|TAMS 0x00000000ae900000| PB 0x00000000ae900000| Complete 
| 746|0x00000000aea00000, 0x00000000aeb00000, 0x00000000aeb00000|100%| E|CS|TAMS 0x00000000aea00000| PB 0x00000000aea00000| Complete 
| 747|0x00000000aeb00000, 0x00000000aec00000, 0x00000000aec00000|100%| E|CS|TAMS 0x00000000aeb00000| PB 0x00000000aeb00000| Complete 
| 748|0x00000000aec00000, 0x00000000aed00000, 0x00000000aed00000|100%| E|CS|TAMS 0x00000000aec00000| PB 0x00000000aec00000| Complete 
| 749|0x00000000aed00000, 0x00000000aee00000, 0x00000000aee00000|100%| E|CS|TAMS 0x00000000aed00000| PB 0x00000000aed00000| Complete 
| 750|0x00000000aee00000, 0x00000000aef00000, 0x00000000aef00000|100%| E|CS|TAMS 0x00000000aee00000| PB 0x00000000aee00000| Complete 
| 751|0x00000000aef00000, 0x00000000af000000, 0x00000000af000000|100%| E|CS|TAMS 0x00000000aef00000| PB 0x00000000aef00000| Complete 
| 752|0x00000000af000000, 0x00000000af100000, 0x00000000af100000|100%| E|CS|TAMS 0x00000000af000000| PB 0x00000000af000000| Complete 
| 753|0x00000000af100000, 0x00000000af200000, 0x00000000af200000|100%| E|CS|TAMS 0x00000000af100000| PB 0x00000000af100000| Complete 
| 754|0x00000000af200000, 0x00000000af300000, 0x00000000af300000|100%| E|CS|TAMS 0x00000000af200000| PB 0x00000000af200000| Complete 
| 755|0x00000000af300000, 0x00000000af400000, 0x00000000af400000|100%| E|CS|TAMS 0x00000000af300000| PB 0x00000000af300000| Complete 
| 756|0x00000000af400000, 0x00000000af500000, 0x00000000af500000|100%| E|CS|TAMS 0x00000000af400000| PB 0x00000000af400000| Complete 
| 757|0x00000000af500000, 0x00000000af600000, 0x00000000af600000|100%| E|CS|TAMS 0x00000000af500000| PB 0x00000000af500000| Complete 
| 758|0x00000000af600000, 0x00000000af700000, 0x00000000af700000|100%| E|CS|TAMS 0x00000000af600000| PB 0x00000000af600000| Complete 
| 759|0x00000000af700000, 0x00000000af800000, 0x00000000af800000|100%| E|CS|TAMS 0x00000000af700000| PB 0x00000000af700000| Complete 
| 760|0x00000000af800000, 0x00000000af900000, 0x00000000af900000|100%| E|CS|TAMS 0x00000000af800000| PB 0x00000000af800000| Complete 
| 761|0x00000000af900000, 0x00000000afa00000, 0x00000000afa00000|100%| E|CS|TAMS 0x00000000af900000| PB 0x00000000af900000| Complete 
| 762|0x00000000afa00000, 0x00000000afb00000, 0x00000000afb00000|100%| E|CS|TAMS 0x00000000afa00000| PB 0x00000000afa00000| Complete 
| 763|0x00000000afb00000, 0x00000000afc00000, 0x00000000afc00000|100%| E|CS|TAMS 0x00000000afb00000| PB 0x00000000afb00000| Complete 
| 764|0x00000000afc00000, 0x00000000afd00000, 0x00000000afd00000|100%| E|CS|TAMS 0x00000000afc00000| PB 0x00000000afc00000| Complete 
| 765|0x00000000afd00000, 0x00000000afe00000, 0x00000000afe00000|100%| E|CS|TAMS 0x00000000afd00000| PB 0x00000000afd00000| Complete 
| 766|0x00000000afe00000, 0x00000000aff00000, 0x00000000aff00000|100%| E|CS|TAMS 0x00000000afe00000| PB 0x00000000afe00000| Complete 
| 767|0x00000000aff00000, 0x00000000b0000000, 0x00000000b0000000|100%| E|CS|TAMS 0x00000000aff00000| PB 0x00000000aff00000| Complete 
| 768|0x00000000b0000000, 0x00000000b0100000, 0x00000000b0100000|100%| E|CS|TAMS 0x00000000b0000000| PB 0x00000000b0000000| Complete 
| 769|0x00000000b0100000, 0x00000000b0200000, 0x00000000b0200000|100%| E|CS|TAMS 0x00000000b0100000| PB 0x00000000b0100000| Complete 
| 770|0x00000000b0200000, 0x00000000b0300000, 0x00000000b0300000|100%| E|CS|TAMS 0x00000000b0200000| PB 0x00000000b0200000| Complete 
| 771|0x00000000b0300000, 0x00000000b0400000, 0x00000000b0400000|100%| E|CS|TAMS 0x00000000b0300000| PB 0x00000000b0300000| Complete 
| 772|0x00000000b0400000, 0x00000000b0500000, 0x00000000b0500000|100%| E|CS|TAMS 0x00000000b0400000| PB 0x00000000b0400000| Complete 
| 773|0x00000000b0500000, 0x00000000b0600000, 0x00000000b0600000|100%| E|CS|TAMS 0x00000000b0500000| PB 0x00000000b0500000| Complete 
| 774|0x00000000b0600000, 0x00000000b0700000, 0x00000000b0700000|100%| E|CS|TAMS 0x00000000b0600000| PB 0x00000000b0600000| Complete 
| 775|0x00000000b0700000, 0x00000000b0800000, 0x00000000b0800000|100%| E|CS|TAMS 0x00000000b0700000| PB 0x00000000b0700000| Complete 
| 776|0x00000000b0800000, 0x00000000b0900000, 0x00000000b0900000|100%| E|CS|TAMS 0x00000000b0800000| PB 0x00000000b0800000| Complete 
| 777|0x00000000b0900000, 0x00000000b0a00000, 0x00000000b0a00000|100%| E|CS|TAMS 0x00000000b0900000| PB 0x00000000b0900000| Complete 
| 778|0x00000000b0a00000, 0x00000000b0b00000, 0x00000000b0b00000|100%| E|CS|TAMS 0x00000000b0a00000| PB 0x00000000b0a00000| Complete 
| 779|0x00000000b0b00000, 0x00000000b0c00000, 0x00000000b0c00000|100%| E|CS|TAMS 0x00000000b0b00000| PB 0x00000000b0b00000| Complete 
| 780|0x00000000b0c00000, 0x00000000b0d00000, 0x00000000b0d00000|100%| E|CS|TAMS 0x00000000b0c00000| PB 0x00000000b0c00000| Complete 
| 781|0x00000000b0d00000, 0x00000000b0e00000, 0x00000000b0e00000|100%| E|CS|TAMS 0x00000000b0d00000| PB 0x00000000b0d00000| Complete 
| 782|0x00000000b0e00000, 0x00000000b0f00000, 0x00000000b0f00000|100%| E|CS|TAMS 0x00000000b0e00000| PB 0x00000000b0e00000| Complete 
| 783|0x00000000b0f00000, 0x00000000b1000000, 0x00000000b1000000|100%| E|CS|TAMS 0x00000000b0f00000| PB 0x00000000b0f00000| Complete 
| 784|0x00000000b1000000, 0x00000000b1100000, 0x00000000b1100000|100%| E|CS|TAMS 0x00000000b1000000| PB 0x00000000b1000000| Complete 
| 785|0x00000000b1100000, 0x00000000b1200000, 0x00000000b1200000|100%| E|CS|TAMS 0x00000000b1100000| PB 0x00000000b1100000| Complete 
| 786|0x00000000b1200000, 0x00000000b1300000, 0x00000000b1300000|100%| E|CS|TAMS 0x00000000b1200000| PB 0x00000000b1200000| Complete 
| 787|0x00000000b1300000, 0x00000000b1400000, 0x00000000b1400000|100%| E|CS|TAMS 0x00000000b1300000| PB 0x00000000b1300000| Complete 
| 788|0x00000000b1400000, 0x00000000b1500000, 0x00000000b1500000|100%| E|CS|TAMS 0x00000000b1400000| PB 0x00000000b1400000| Complete 
| 789|0x00000000b1500000, 0x00000000b1600000, 0x00000000b1600000|100%| E|CS|TAMS 0x00000000b1500000| PB 0x00000000b1500000| Complete 
| 790|0x00000000b1600000, 0x00000000b1700000, 0x00000000b1700000|100%| E|CS|TAMS 0x00000000b1600000| PB 0x00000000b1600000| Complete 
| 791|0x00000000b1700000, 0x00000000b1800000, 0x00000000b1800000|100%| E|CS|TAMS 0x00000000b1700000| PB 0x00000000b1700000| Complete 
| 792|0x00000000b1800000, 0x00000000b1900000, 0x00000000b1900000|100%| E|CS|TAMS 0x00000000b1800000| PB 0x00000000b1800000| Complete 
| 793|0x00000000b1900000, 0x00000000b1a00000, 0x00000000b1a00000|100%| E|CS|TAMS 0x00000000b1900000| PB 0x00000000b1900000| Complete 
| 794|0x00000000b1a00000, 0x00000000b1b00000, 0x00000000b1b00000|100%| E|CS|TAMS 0x00000000b1a00000| PB 0x00000000b1a00000| Complete 
| 795|0x00000000b1b00000, 0x00000000b1c00000, 0x00000000b1c00000|100%| E|CS|TAMS 0x00000000b1b00000| PB 0x00000000b1b00000| Complete 
| 796|0x00000000b1c00000, 0x00000000b1d00000, 0x00000000b1d00000|100%| E|CS|TAMS 0x00000000b1c00000| PB 0x00000000b1c00000| Complete 
| 797|0x00000000b1d00000, 0x00000000b1e00000, 0x00000000b1e00000|100%| E|CS|TAMS 0x00000000b1d00000| PB 0x00000000b1d00000| Complete 
| 798|0x00000000b1e00000, 0x00000000b1f00000, 0x00000000b1f00000|100%| E|CS|TAMS 0x00000000b1e00000| PB 0x00000000b1e00000| Complete 
| 799|0x00000000b1f00000, 0x00000000b2000000, 0x00000000b2000000|100%| E|CS|TAMS 0x00000000b1f00000| PB 0x00000000b1f00000| Complete 
| 800|0x00000000b2000000, 0x00000000b2100000, 0x00000000b2100000|100%| E|CS|TAMS 0x00000000b2000000| PB 0x00000000b2000000| Complete 
| 801|0x00000000b2100000, 0x00000000b2200000, 0x00000000b2200000|100%| E|CS|TAMS 0x00000000b2100000| PB 0x00000000b2100000| Complete 
| 802|0x00000000b2200000, 0x00000000b2300000, 0x00000000b2300000|100%| E|CS|TAMS 0x00000000b2200000| PB 0x00000000b2200000| Complete 
| 803|0x00000000b2300000, 0x00000000b2400000, 0x00000000b2400000|100%| E|CS|TAMS 0x00000000b2300000| PB 0x00000000b2300000| Complete 
| 804|0x00000000b2400000, 0x00000000b2500000, 0x00000000b2500000|100%| E|CS|TAMS 0x00000000b2400000| PB 0x00000000b2400000| Complete 
| 805|0x00000000b2500000, 0x00000000b2600000, 0x00000000b2600000|100%| E|CS|TAMS 0x00000000b2500000| PB 0x00000000b2500000| Complete 
| 806|0x00000000b2600000, 0x00000000b2700000, 0x00000000b2700000|100%| E|CS|TAMS 0x00000000b2600000| PB 0x00000000b2600000| Complete 
| 807|0x00000000b2700000, 0x00000000b2800000, 0x00000000b2800000|100%| E|CS|TAMS 0x00000000b2700000| PB 0x00000000b2700000| Complete 
| 808|0x00000000b2800000, 0x00000000b2900000, 0x00000000b2900000|100%| E|CS|TAMS 0x00000000b2800000| PB 0x00000000b2800000| Complete 
| 809|0x00000000b2900000, 0x00000000b2a00000, 0x00000000b2a00000|100%| E|CS|TAMS 0x00000000b2900000| PB 0x00000000b2900000| Complete 
| 810|0x00000000b2a00000, 0x00000000b2b00000, 0x00000000b2b00000|100%| E|CS|TAMS 0x00000000b2a00000| PB 0x00000000b2a00000| Complete 
| 811|0x00000000b2b00000, 0x00000000b2c00000, 0x00000000b2c00000|100%| E|CS|TAMS 0x00000000b2b00000| PB 0x00000000b2b00000| Complete 
| 812|0x00000000b2c00000, 0x00000000b2d00000, 0x00000000b2d00000|100%| E|CS|TAMS 0x00000000b2c00000| PB 0x00000000b2c00000| Complete 
| 813|0x00000000b2d00000, 0x00000000b2e00000, 0x00000000b2e00000|100%| E|CS|TAMS 0x00000000b2d00000| PB 0x00000000b2d00000| Complete 
| 814|0x00000000b2e00000, 0x00000000b2f00000, 0x00000000b2f00000|100%| E|CS|TAMS 0x00000000b2e00000| PB 0x00000000b2e00000| Complete 
| 815|0x00000000b2f00000, 0x00000000b3000000, 0x00000000b3000000|100%| E|CS|TAMS 0x00000000b2f00000| PB 0x00000000b2f00000| Complete 
| 816|0x00000000b3000000, 0x00000000b3100000, 0x00000000b3100000|100%| E|CS|TAMS 0x00000000b3000000| PB 0x00000000b3000000| Complete 
| 817|0x00000000b3100000, 0x00000000b3200000, 0x00000000b3200000|100%| E|CS|TAMS 0x00000000b3100000| PB 0x00000000b3100000| Complete 
| 818|0x00000000b3200000, 0x00000000b3300000, 0x00000000b3300000|100%| E|CS|TAMS 0x00000000b3200000| PB 0x00000000b3200000| Complete 
| 819|0x00000000b3300000, 0x00000000b3400000, 0x00000000b3400000|100%| E|CS|TAMS 0x00000000b3300000| PB 0x00000000b3300000| Complete 
| 820|0x00000000b3400000, 0x00000000b3500000, 0x00000000b3500000|100%| E|CS|TAMS 0x00000000b3400000| PB 0x00000000b3400000| Complete 
| 821|0x00000000b3500000, 0x00000000b3600000, 0x00000000b3600000|100%| E|CS|TAMS 0x00000000b3500000| PB 0x00000000b3500000| Complete 
| 822|0x00000000b3600000, 0x00000000b3700000, 0x00000000b3700000|100%| E|CS|TAMS 0x00000000b3600000| PB 0x00000000b3600000| Complete 
|1986|0x00000000fc200000, 0x00000000fc300000, 0x00000000fc300000|100%| E|CS|TAMS 0x00000000fc200000| PB 0x00000000fc200000| Complete 
|1987|0x00000000fc300000, 0x00000000fc400000, 0x00000000fc400000|100%| E|CS|TAMS 0x00000000fc300000| PB 0x00000000fc300000| Complete 
|1988|0x00000000fc400000, 0x00000000fc500000, 0x00000000fc500000|100%| E|CS|TAMS 0x00000000fc400000| PB 0x00000000fc400000| Complete 
|1989|0x00000000fc500000, 0x00000000fc600000, 0x00000000fc600000|100%| E|CS|TAMS 0x00000000fc500000| PB 0x00000000fc500000| Complete 
|1990|0x00000000fc600000, 0x00000000fc700000, 0x00000000fc700000|100%| E|CS|TAMS 0x00000000fc600000| PB 0x00000000fc600000| Complete 
|1991|0x00000000fc700000, 0x00000000fc800000, 0x00000000fc800000|100%| E|CS|TAMS 0x00000000fc700000| PB 0x00000000fc700000| Complete 
|1992|0x00000000fc800000, 0x00000000fc900000, 0x00000000fc900000|100%| E|CS|TAMS 0x00000000fc800000| PB 0x00000000fc800000| Complete 
|1993|0x00000000fc900000, 0x00000000fca00000, 0x00000000fca00000|100%| E|CS|TAMS 0x00000000fc900000| PB 0x00000000fc900000| Complete 
|1994|0x00000000fca00000, 0x00000000fcb00000, 0x00000000fcb00000|100%| E|CS|TAMS 0x00000000fca00000| PB 0x00000000fca00000| Complete 
|1995|0x00000000fcb00000, 0x00000000fcc00000, 0x00000000fcc00000|100%| E|CS|TAMS 0x00000000fcb00000| PB 0x00000000fcb00000| Complete 
|1996|0x00000000fcc00000, 0x00000000fcd00000, 0x00000000fcd00000|100%| E|CS|TAMS 0x00000000fcc00000| PB 0x00000000fcc00000| Complete 
|1997|0x00000000fcd00000, 0x00000000fce00000, 0x00000000fce00000|100%| E|CS|TAMS 0x00000000fcd00000| PB 0x00000000fcd00000| Complete 
|1998|0x00000000fce00000, 0x00000000fcf00000, 0x00000000fcf00000|100%| E|CS|TAMS 0x00000000fce00000| PB 0x00000000fce00000| Complete 
|1999|0x00000000fcf00000, 0x00000000fd000000, 0x00000000fd000000|100%| E|CS|TAMS 0x00000000fcf00000| PB 0x00000000fcf00000| Complete 
|2000|0x00000000fd000000, 0x00000000fd100000, 0x00000000fd100000|100%| E|CS|TAMS 0x00000000fd000000| PB 0x00000000fd000000| Complete 
|2001|0x00000000fd100000, 0x00000000fd200000, 0x00000000fd200000|100%| E|CS|TAMS 0x00000000fd100000| PB 0x00000000fd100000| Complete 
|2002|0x00000000fd200000, 0x00000000fd300000, 0x00000000fd300000|100%| O|  |TAMS 0x00000000fd200000| PB 0x00000000fd200000| Untracked 
|2003|0x00000000fd300000, 0x00000000fd400000, 0x00000000fd400000|100%| E|CS|TAMS 0x00000000fd300000| PB 0x00000000fd300000| Complete 
|2004|0x00000000fd400000, 0x00000000fd500000, 0x00000000fd500000|100%| E|CS|TAMS 0x00000000fd400000| PB 0x00000000fd400000| Complete 
|2005|0x00000000fd500000, 0x00000000fd600000, 0x00000000fd600000|100%| E|CS|TAMS 0x00000000fd500000| PB 0x00000000fd500000| Complete 
|2006|0x00000000fd600000, 0x00000000fd700000, 0x00000000fd700000|100%| E|CS|TAMS 0x00000000fd600000| PB 0x00000000fd600000| Complete 
|2007|0x00000000fd700000, 0x00000000fd800000, 0x00000000fd800000|100%| E|CS|TAMS 0x00000000fd700000| PB 0x00000000fd700000| Complete 
|2008|0x00000000fd800000, 0x00000000fd900000, 0x00000000fd900000|100%| E|CS|TAMS 0x00000000fd800000| PB 0x00000000fd800000| Complete 
|2009|0x00000000fd900000, 0x00000000fda00000, 0x00000000fda00000|100%| E|CS|TAMS 0x00000000fd900000| PB 0x00000000fd900000| Complete 
|2010|0x00000000fda00000, 0x00000000fdb00000, 0x00000000fdb00000|100%| E|CS|TAMS 0x00000000fda00000| PB 0x00000000fda00000| Complete 
|2011|0x00000000fdb00000, 0x00000000fdc00000, 0x00000000fdc00000|100%| E|CS|TAMS 0x00000000fdb00000| PB 0x00000000fdb00000| Complete 
|2012|0x00000000fdc00000, 0x00000000fdd00000, 0x00000000fdd00000|100%| O|  |TAMS 0x00000000fdc00000| PB 0x00000000fdc00000| Untracked 
|2013|0x00000000fdd00000, 0x00000000fde00000, 0x00000000fde00000|100%| E|CS|TAMS 0x00000000fdd00000| PB 0x00000000fdd00000| Complete 
|2014|0x00000000fde00000, 0x00000000fdf00000, 0x00000000fdf00000|100%| O|  |TAMS 0x00000000fde00000| PB 0x00000000fde00000| Untracked 
|2015|0x00000000fdf00000, 0x00000000fe000000, 0x00000000fe000000|100%| E|CS|TAMS 0x00000000fdf00000| PB 0x00000000fdf00000| Complete 
|2016|0x00000000fe000000, 0x00000000fe100000, 0x00000000fe100000|100%| O|  |TAMS 0x00000000fe000000| PB 0x00000000fe000000| Untracked 
|2017|0x00000000fe100000, 0x00000000fe200000, 0x00000000fe200000|100%| E|CS|TAMS 0x00000000fe100000| PB 0x00000000fe100000| Complete 
|2018|0x00000000fe200000, 0x00000000fe300000, 0x00000000fe300000|100%| E|CS|TAMS 0x00000000fe200000| PB 0x00000000fe200000| Complete 
|2019|0x00000000fe300000, 0x00000000fe400000, 0x00000000fe400000|100%| E|CS|TAMS 0x00000000fe300000| PB 0x00000000fe300000| Complete 
|2020|0x00000000fe400000, 0x00000000fe500000, 0x00000000fe500000|100%| E|CS|TAMS 0x00000000fe400000| PB 0x00000000fe400000| Complete 
|2021|0x00000000fe500000, 0x00000000fe600000, 0x00000000fe600000|100%| O|  |TAMS 0x00000000fe500000| PB 0x00000000fe500000| Untracked 
|2022|0x00000000fe600000, 0x00000000fe700000, 0x00000000fe700000|100%| O|  |TAMS 0x00000000fe600000| PB 0x00000000fe600000| Untracked 
|2023|0x00000000fe700000, 0x00000000fe800000, 0x00000000fe800000|100%| E|CS|TAMS 0x00000000fe700000| PB 0x00000000fe700000| Complete 
|2024|0x00000000fe800000, 0x00000000fe900000, 0x00000000fe900000|100%| O|  |TAMS 0x00000000fe800000| PB 0x00000000fe800000| Untracked 
|2025|0x00000000fe900000, 0x00000000fea00000, 0x00000000fea00000|100%| O|  |TAMS 0x00000000fe900000| PB 0x00000000fe900000| Untracked 
|2026|0x00000000fea00000, 0x00000000feb00000, 0x00000000feb00000|100%| O|  |TAMS 0x00000000fea00000| PB 0x00000000fea00000| Untracked 
|2027|0x00000000feb00000, 0x00000000fec00000, 0x00000000fec00000|100%| E|CS|TAMS 0x00000000feb00000| PB 0x00000000feb00000| Complete 
|2028|0x00000000fec00000, 0x00000000fed00000, 0x00000000fed00000|100%| E|CS|TAMS 0x00000000fec00000| PB 0x00000000fec00000| Complete 
|2029|0x00000000fed00000, 0x00000000fee00000, 0x00000000fee00000|100%| E|CS|TAMS 0x00000000fed00000| PB 0x00000000fed00000| Complete 
|2030|0x00000000fee00000, 0x00000000fef00000, 0x00000000fef00000|100%| E|CS|TAMS 0x00000000fee00000| PB 0x00000000fee00000| Complete 
|2031|0x00000000fef00000, 0x00000000ff000000, 0x00000000ff000000|100%| E|CS|TAMS 0x00000000fef00000| PB 0x00000000fef00000| Complete 
|2032|0x00000000ff000000, 0x00000000ff100000, 0x00000000ff100000|100%| E|CS|TAMS 0x00000000ff000000| PB 0x00000000ff000000| Complete 
|2033|0x00000000ff100000, 0x00000000ff200000, 0x00000000ff200000|100%| E|CS|TAMS 0x00000000ff100000| PB 0x00000000ff100000| Complete 
|2034|0x00000000ff200000, 0x00000000ff300000, 0x00000000ff300000|100%| E|CS|TAMS 0x00000000ff200000| PB 0x00000000ff200000| Complete 
|2035|0x00000000ff300000, 0x00000000ff400000, 0x00000000ff400000|100%| E|CS|TAMS 0x00000000ff300000| PB 0x00000000ff300000| Complete 
|2036|0x00000000ff400000, 0x00000000ff500000, 0x00000000ff500000|100%| E|CS|TAMS 0x00000000ff400000| PB 0x00000000ff400000| Complete 
|2037|0x00000000ff500000, 0x00000000ff600000, 0x00000000ff600000|100%| E|CS|TAMS 0x00000000ff500000| PB 0x00000000ff500000| Complete 
|2038|0x00000000ff600000, 0x00000000ff700000, 0x00000000ff700000|100%| E|CS|TAMS 0x00000000ff600000| PB 0x00000000ff600000| Complete 
|2039|0x00000000ff700000, 0x00000000ff800000, 0x00000000ff800000|100%| E|CS|TAMS 0x00000000ff700000| PB 0x00000000ff700000| Complete 
|2040|0x00000000ff800000, 0x00000000ff900000, 0x00000000ff900000|100%| O|  |TAMS 0x00000000ff800000| PB 0x00000000ff800000| Untracked 
|2041|0x00000000ff900000, 0x00000000ffa00000, 0x00000000ffa00000|100%| E|CS|TAMS 0x00000000ff900000| PB 0x00000000ff900000| Complete 
|2042|0x00000000ffa00000, 0x00000000ffb00000, 0x00000000ffb00000|100%| E|CS|TAMS 0x00000000ffa00000| PB 0x00000000ffa00000| Complete 
|2043|0x00000000ffb00000, 0x00000000ffc00000, 0x00000000ffc00000|100%| E|CS|TAMS 0x00000000ffb00000| PB 0x00000000ffb00000| Complete 
|2044|0x00000000ffc00000, 0x00000000ffd00000, 0x00000000ffd00000|100%| E|CS|TAMS 0x00000000ffc00000| PB 0x00000000ffc00000| Complete 
|2045|0x00000000ffd00000, 0x00000000ffe00000, 0x00000000ffe00000|100%| E|CS|TAMS 0x00000000ffd00000| PB 0x00000000ffd00000| Complete 
|2046|0x00000000ffe00000, 0x00000000fff00000, 0x00000000fff00000|100%| O|  |TAMS 0x00000000ffe00000| PB 0x00000000ffe00000| Untracked 
|2047|0x00000000fff00000, 0x0000000100000000, 0x0000000100000000|100%| O|  |TAMS 0x00000000fff00000| PB 0x00000000fff00000| Untracked 

Card table byte_map: [0x0000023144520000,0x0000023144920000] _byte_map_base: 0x0000023144120000

Marking Bits: (CMBitMap*) 0x0000023131ce7ff0
 Bits: [0x0000023144920000, 0x0000023146920000)

Polling page: 0x000002312fb10000

Metaspace:

Usage:
  Non-class:    221.38 MB used.
      Class:     32.36 MB used.
       Both:    253.74 MB used.

Virtual space:
  Non-class space:      256.00 MB reserved,     227.50 MB ( 89%) committed,  4 nodes.
      Class space:        1.00 GB reserved,      36.12 MB (  4%) committed,  1 nodes.
             Both:        1.25 GB reserved,     263.62 MB ( 21%) committed. 

Chunk freelists:
   Non-Class:  16.71 MB
       Class:  13.90 MB
        Both:  30.61 MB

MaxMetaspaceSize: unlimited
CompressedClassSpaceSize: 1.00 GB
Initial GC threshold: 21.00 MB
Current GC threshold: 439.62 MB
CDS: off
 - commit_granule_bytes: 65536.
 - commit_granule_words: 8192.
 - virtual_space_node_default_size: 8388608.
 - enlarge_chunks_in_place: 1.
 - use_allocation_guard: 0.


Internal statistics:

num_allocs_failed_limit: 9.
num_arena_births: 10468.
num_arena_deaths: 3716.
num_vsnodes_births: 5.
num_vsnodes_deaths: 0.
num_space_committed: 4226.
num_space_uncommitted: 7.
num_chunks_returned_to_freelist: 4644.
num_chunks_taken_from_freelist: 24167.
num_chunk_merges: 1618.
num_chunk_splits: 15200.
num_chunks_enlarged: 8621.
num_inconsistent_stats: 0.

CodeHeap 'non-profiled nmethods': size=120000Kb used=27120Kb max_used=28487Kb free=92879Kb
 bounds [0x000002313c8c0000, 0x000002313e4a0000, 0x0000023143df0000]
CodeHeap 'profiled nmethods': size=120000Kb used=41926Kb max_used=54073Kb free=78074Kb
 bounds [0x0000023134df0000, 0x00000231382c0000, 0x000002313c320000]
CodeHeap 'non-nmethods': size=5760Kb used=3190Kb max_used=3261Kb free=2570Kb
 bounds [0x000002313c320000, 0x000002313c660000, 0x000002313c8c0000]
 total_blobs=21468 nmethods=20258 adapters=1110
 compilation: enabled
              stopped_count=0, restarted_count=0
 full_count=0

Compilation events (20 events):
Event: 2007.533 Thread 0x000002314952ed70 62813       2       java.io.BufferedInputStream::implAvailable (35 bytes)
Event: 2007.533 Thread 0x000002314952ed70 nmethod 62813 0x0000023134e0d310 code [0x0000023134e0d4e0, 0x0000023134e0d720]
Event: 2007.535 Thread 0x000002314952ed70 62814       3       org.jetbrains.org.objectweb.asm.ClassReader::readElementValues (88 bytes)
Event: 2007.536 Thread 0x000002314952ed70 nmethod 62814 0x0000023134e56790 code [0x0000023134e569c0, 0x0000023134e56fc0]
Event: 2007.536 Thread 0x000002314952ed70 62815       2       org.jetbrains.org.objectweb.asm.ClassVisitor::visitOuterClass (18 bytes)
Event: 2007.536 Thread 0x000002314952ed70 nmethod 62815 0x0000023134e24590 code [0x0000023134e24740, 0x0000023134e24880]
Event: 2007.536 Thread 0x000002314952ed70 62816       2       org.jetbrains.org.objectweb.asm.AnnotationWriter::computeParameterAnnotationsSize (51 bytes)
Event: 2007.536 Thread 0x000002314952ed70 nmethod 62816 0x0000023134ea5a90 code [0x0000023134ea5c40, 0x0000023134ea5e40]
Event: 2007.536 Thread 0x000002314952ed70 62817       3       org.jetbrains.kotlin.gradle.internal.kapt.incremental.ClassTypeExtractorVisitor::visitMethod (159 bytes)
Event: 2007.538 Thread 0x000002314952ed70 nmethod 62817 0x0000023135c5a910 code [0x0000023135c5acc0, 0x0000023135c5bf98]
Event: 2007.538 Thread 0x000002314952ed70 62822       3       org.jetbrains.org.objectweb.asm.ClassReader::<init> (339 bytes)
Event: 2007.539 Thread 0x000002314952ed70 nmethod 62822 0x000002313558b190 code [0x000002313558b400, 0x000002313558c128]
Event: 2007.539 Thread 0x000002314952ed70 62818       3       org.jetbrains.org.objectweb.asm.ClassReader::readMethod (1061 bytes)
Event: 2007.548 Thread 0x000002314952ed70 nmethod 62818 0x0000023135fb8290 code [0x0000023135fb8a20, 0x0000023135fbcf10]
Event: 2007.548 Thread 0x000002314952ed70 62819       3       org.jetbrains.kotlin.gradle.internal.kapt.incremental.ClassAbiExtractor::visitMethod (24 bytes)
Event: 2007.548 Thread 0x000002314952ed70 nmethod 62819 0x0000023134fd7810 code [0x0000023134fd79e0, 0x0000023134fd7c48]
Event: 2007.548 Thread 0x000002314952ed70 62820       3       org.jetbrains.org.objectweb.asm.MethodVisitor::visitEnd (15 bytes)
Event: 2007.548 Thread 0x000002314952ed70 nmethod 62820 0x0000023134ed3a10 code [0x0000023134ed3bc0, 0x0000023134ed3dc0]
Event: 2007.548 Thread 0x000002314952ed70 62821       3       org.jetbrains.org.objectweb.asm.ByteVector::putByteArray (49 bytes)
Event: 2007.549 Thread 0x000002314952ed70 nmethod 62821 0x00000231350ddf90 code [0x00000231350de160, 0x00000231350de428]

GC Heap History (20 events):
Event: 1403.846 GC heap before
{Heap before GC invocations=119 (full 0):
 garbage-first heap   total 903168K, used 745472K [0x0000000080000000, 0x0000000100000000)
  region size 1024K, 346 young (354304K), 11 survivors (11264K)
 Metaspace       used 246771K, committed 251584K, reserved 1310720K
  class space    used 32122K, committed 34624K, reserved 1048576K
}
Event: 1403.882 GC heap after
{Heap after GC invocations=120 (full 0):
 garbage-first heap   total 903168K, used 429568K [0x0000000080000000, 0x0000000100000000)
  region size 1024K, 35 young (35840K), 35 survivors (35840K)
 Metaspace       used 246771K, committed 251584K, reserved 1310720K
  class space    used 32122K, committed 34624K, reserved 1048576K
}
Event: 1649.596 GC heap before
{Heap before GC invocations=121 (full 0):
 garbage-first heap   total 903168K, used 851456K [0x0000000080000000, 0x0000000100000000)
  region size 1024K, 415 young (424960K), 35 survivors (35840K)
 Metaspace       used 247199K, committed 252096K, reserved 1310720K
  class space    used 32190K, committed 34752K, reserved 1048576K
}
Event: 1649.619 GC heap after
{Heap after GC invocations=122 (full 0):
 garbage-first heap   total 903168K, used 390115K [0x0000000080000000, 0x0000000100000000)
  region size 1024K, 23 young (23552K), 23 survivors (23552K)
 Metaspace       used 247199K, committed 252096K, reserved 1310720K
  class space    used 32190K, committed 34752K, reserved 1048576K
}
Event: 1655.558 GC heap before
{Heap before GC invocations=122 (full 0):
 garbage-first heap   total 903168K, used 833507K [0x0000000080000000, 0x0000000100000000)
  region size 1024K, 446 young (456704K), 23 survivors (23552K)
 Metaspace       used 247673K, committed 252672K, reserved 1310720K
  class space    used 32227K, committed 34816K, reserved 1048576K
}
Event: 1655.602 GC heap after
{Heap after GC invocations=123 (full 0):
 garbage-first heap   total 903168K, used 387551K [0x0000000080000000, 0x0000000100000000)
  region size 1024K, 45 young (46080K), 45 survivors (46080K)
 Metaspace       used 247673K, committed 252672K, reserved 1310720K
  class space    used 32227K, committed 34816K, reserved 1048576K
}
Event: 1655.933 GC heap before
{Heap before GC invocations=123 (full 0):
 garbage-first heap   total 903168K, used 414175K [0x0000000080000000, 0x0000000100000000)
  region size 1024K, 73 young (74752K), 45 survivors (46080K)
 Metaspace       used 247691K, committed 252672K, reserved 1310720K
  class space    used 32227K, committed 34816K, reserved 1048576K
}
Event: 1655.967 GC heap after
{Heap after GC invocations=124 (full 0):
 garbage-first heap   total 903168K, used 391926K [0x0000000080000000, 0x0000000100000000)
  region size 1024K, 33 young (33792K), 33 survivors (33792K)
 Metaspace       used 247691K, committed 252672K, reserved 1310720K
  class space    used 32227K, committed 34816K, reserved 1048576K
}
Event: 1661.095 GC heap before
{Heap before GC invocations=125 (full 0):
 garbage-first heap   total 903168K, used 849654K [0x0000000080000000, 0x0000000100000000)
  region size 1024K, 430 young (440320K), 33 survivors (33792K)
 Metaspace       used 264865K, committed 269952K, reserved 1310720K
  class space    used 34295K, committed 36928K, reserved 1048576K
}
Event: 1661.125 GC heap after
{Heap after GC invocations=126 (full 0):
 garbage-first heap   total 903168K, used 384373K [0x0000000080000000, 0x0000000100000000)
  region size 1024K, 18 young (18432K), 18 survivors (18432K)
 Metaspace       used 264865K, committed 269952K, reserved 1310720K
  class space    used 34295K, committed 36928K, reserved 1048576K
}
Event: 1748.074 GC heap before
{Heap before GC invocations=126 (full 0):
 garbage-first heap   total 903168K, used 810357K [0x0000000080000000, 0x0000000100000000)
  region size 1024K, 435 young (445440K), 18 survivors (18432K)
 Metaspace       used 265222K, committed 270336K, reserved 1310720K
  class space    used 34347K, committed 36992K, reserved 1048576K
}
Event: 1748.124 GC heap after
{Heap after GC invocations=127 (full 0):
 garbage-first heap   total 903168K, used 396154K [0x0000000080000000, 0x0000000100000000)
  region size 1024K, 43 young (44032K), 43 survivors (44032K)
 Metaspace       used 265222K, committed 270336K, reserved 1310720K
  class space    used 34347K, committed 36992K, reserved 1048576K
}
Event: 1748.519 GC heap before
{Heap before GC invocations=127 (full 0):
 garbage-first heap   total 903168K, used 443258K [0x0000000080000000, 0x0000000100000000)
  region size 1024K, 91 young (93184K), 43 survivors (44032K)
 Metaspace       used 265226K, committed 270336K, reserved 1310720K
  class space    used 34347K, committed 36992K, reserved 1048576K
}
Event: 1748.558 GC heap after
{Heap after GC invocations=128 (full 0):
 garbage-first heap   total 903168K, used 407040K [0x0000000080000000, 0x0000000100000000)
  region size 1024K, 12 young (12288K), 12 survivors (12288K)
 Metaspace       used 265226K, committed 270336K, reserved 1310720K
  class space    used 34347K, committed 36992K, reserved 1048576K
}
Event: 1965.250 GC heap before
{Heap before GC invocations=129 (full 0):
 garbage-first heap   total 903168K, used 854528K [0x0000000080000000, 0x0000000100000000)
  region size 1024K, 397 young (406528K), 12 survivors (12288K)
 Metaspace       used 261116K, committed 270080K, reserved 1310720K
  class space    used 33415K, committed 36992K, reserved 1048576K
}
Event: 1965.284 GC heap after
{Heap after GC invocations=130 (full 0):
 garbage-first heap   total 903168K, used 423424K [0x0000000080000000, 0x0000000100000000)
  region size 1024K, 36 young (36864K), 36 survivors (36864K)
 Metaspace       used 261116K, committed 270080K, reserved 1310720K
  class space    used 33415K, committed 36992K, reserved 1048576K
}
Event: 2003.793 GC heap before
{Heap before GC invocations=130 (full 0):
 garbage-first heap   total 903168K, used 870912K [0x0000000080000000, 0x0000000100000000)
  region size 1024K, 412 young (421888K), 36 survivors (36864K)
 Metaspace       used 261244K, committed 270080K, reserved 1310720K
  class space    used 33421K, committed 36992K, reserved 1048576K
}
Event: 2003.819 GC heap after
{Heap after GC invocations=131 (full 0):
 garbage-first heap   total 906240K, used 379392K [0x0000000080000000, 0x0000000100000000)
  region size 1024K, 8 young (8192K), 8 survivors (8192K)
 Metaspace       used 261244K, committed 270080K, reserved 1310720K
  class space    used 33421K, committed 36992K, reserved 1048576K
}
Event: 2006.795 GC heap before
{Heap before GC invocations=131 (full 0):
 garbage-first heap   total 906240K, used 722432K [0x0000000080000000, 0x0000000100000000)
  region size 1024K, 345 young (353280K), 8 survivors (8192K)
 Metaspace       used 261389K, committed 270144K, reserved 1310720K
  class space    used 33422K, committed 36992K, reserved 1048576K
}
Event: 2006.830 GC heap after
{Heap after GC invocations=132 (full 0):
 garbage-first heap   total 906240K, used 405504K [0x0000000080000000, 0x0000000100000000)
  region size 1024K, 34 young (34816K), 34 survivors (34816K)
 Metaspace       used 261389K, committed 270144K, reserved 1310720K
  class space    used 33422K, committed 36992K, reserved 1048576K
}

Dll operation events (3 events):
Event: 0.006 Loaded shared library F:\Android\jbr\bin\java.dll
Event: 0.012 Loaded shared library F:\Android\jbr\bin\zip.dll
Event: 0.697 Loaded shared library F:\Android\jbr\bin\verify.dll

Deoptimization events (20 events):
Event: 2007.389 Thread 0x0000023155144790 DEOPT PACKING pc=0x000002313d373e94 sp=0x000000bac19f97a0
Event: 2007.389 Thread 0x0000023155144790 DEOPT UNPACKING pc=0x000002313c3746a2 sp=0x000000bac19f9738 mode 2
Event: 2007.426 Thread 0x0000023155144790 Uncommon trap: trap_request=0xffffffde fr.pc=0x000002313d373e94 relative=0x0000000000000b94
Event: 2007.426 Thread 0x0000023155144790 Uncommon trap: reason=class_check action=maybe_recompile pc=0x000002313d373e94 method=com.android.tools.r8.internal.po0.a(Ljava/util/Set;Ljava/util/Set;Ljava/util/Set;Lcom/android/tools/r8/internal/oo0;)Z @ 165 c2
Event: 2007.426 Thread 0x0000023155144790 DEOPT PACKING pc=0x000002313d373e94 sp=0x000000bac19f9550
Event: 2007.426 Thread 0x0000023155144790 DEOPT UNPACKING pc=0x000002313c3746a2 sp=0x000000bac19f94e8 mode 2
Event: 2007.428 Thread 0x0000023155144790 Uncommon trap: trap_request=0xffffffc6 fr.pc=0x000002313e33f4a0 relative=0x0000000000000d80
Event: 2007.428 Thread 0x0000023155144790 Uncommon trap: reason=bimorphic_or_optimized_type_check action=maybe_recompile pc=0x000002313e33f4a0 method=com.android.tools.r8.ir.optimize.f0.a(Lcom/android/tools/r8/internal/Y5;Lcom/android/tools/r8/internal/VS;Ljava/util/Set;Lcom/android/tools/r8/ir/o
Event: 2007.428 Thread 0x0000023155144790 DEOPT PACKING pc=0x000002313e33f4a0 sp=0x000000bac19f9d10
Event: 2007.428 Thread 0x0000023155144790 DEOPT UNPACKING pc=0x000002313c3746a2 sp=0x000000bac19f9cd8 mode 2
Event: 2007.428 Thread 0x0000023155144790 Uncommon trap: trap_request=0xffffffc6 fr.pc=0x000002313e33f4a0 relative=0x0000000000000d80
Event: 2007.428 Thread 0x0000023155144790 Uncommon trap: reason=bimorphic_or_optimized_type_check action=maybe_recompile pc=0x000002313e33f4a0 method=com.android.tools.r8.ir.optimize.f0.a(Lcom/android/tools/r8/internal/Y5;Lcom/android/tools/r8/internal/VS;Ljava/util/Set;Lcom/android/tools/r8/ir/o
Event: 2007.428 Thread 0x0000023155144790 DEOPT PACKING pc=0x000002313e33f4a0 sp=0x000000bac19f9d10
Event: 2007.428 Thread 0x0000023155144790 DEOPT UNPACKING pc=0x000002313c3746a2 sp=0x000000bac19f9cd8 mode 2
Event: 2007.438 Thread 0x0000023155144790 Uncommon trap: trap_request=0xffffff45 fr.pc=0x000002313e3e6c00 relative=0x0000000000004ac0
Event: 2007.438 Thread 0x0000023155144790 Uncommon trap: reason=unstable_if action=reinterpret pc=0x000002313e3e6c00 method=com.android.tools.r8.internal.VS.b()V @ 697 c2
Event: 2007.438 Thread 0x0000023155144790 DEOPT PACKING pc=0x000002313e3e6c00 sp=0x000000bac19f9f80
Event: 2007.438 Thread 0x0000023155144790 DEOPT UNPACKING pc=0x000002313c3746a2 sp=0x000000bac19f9f48 mode 2
Event: 2007.537 Thread 0x00000231553fabb0 DEOPT PACKING pc=0x0000023136762f6c sp=0x000000bac36fbe00
Event: 2007.537 Thread 0x00000231553fabb0 DEOPT UNPACKING pc=0x000002313c374e42 sp=0x000000bac36fb2b0 mode 0

Classes loaded (20 events):
Event: 1052.220 Loading class java/io/FilterWriter
Event: 1052.220 Loading class java/io/FilterWriter done
Event: 1052.221 Loading class java/util/Collections$UnmodifiableList$1
Event: 1052.221 Loading class java/util/Collections$UnmodifiableList$1 done
Event: 1052.290 Loading class java/lang/annotation/Repeatable
Event: 1052.290 Loading class java/lang/annotation/Repeatable done
Event: 1052.498 Loading class java/util/regex/Matcher$ImmutableMatchResult
Event: 1052.498 Loading class java/util/regex/Matcher$ImmutableMatchResult done
Event: 1053.700 Loading class java/util/AbstractList$RandomAccessSpliterator
Event: 1053.700 Loading class java/util/AbstractList$RandomAccessSpliterator done
Event: 1054.427 Loading class java/text/BreakIterator
Event: 1054.427 Loading class java/text/BreakIterator done
Event: 1054.571 Loading class java/util/function/ToIntBiFunction
Event: 1054.571 Loading class java/util/function/ToIntBiFunction done
Event: 1054.867 Loading class java/util/EnumMap$Values
Event: 1054.868 Loading class java/util/EnumMap$Values done
Event: 1054.868 Loading class java/util/EnumMap$ValueIterator
Event: 1054.868 Loading class java/util/EnumMap$ValueIterator done
Event: 1659.259 Loading class sun/nio/fs/WindowsSecurity$Privilege
Event: 1659.259 Loading class sun/nio/fs/WindowsSecurity$Privilege done

Classes unloaded (20 events):
Event: 2007.112 Thread 0x000002314946fb80 Unloading class 0x0000000100868000 'ijInit6_1i7zdbapqw9282rcqlmvzxo9g$_run_closure1'
Event: 2007.112 Thread 0x000002314946fb80 Unloading class 0x0000000100867800 'ijInit6_1i7zdbapqw9282rcqlmvzxo9g'
Event: 2007.112 Thread 0x000002314946fb80 Unloading class 0x0000000100866000 'java/lang/invoke/LambdaForm$MH+0x0000000100866000'
Event: 2007.112 Thread 0x000002314946fb80 Unloading class 0x0000000100865000 'org/gradle/util/GradleVersion$version$0'
Event: 2007.112 Thread 0x000002314946fb80 Unloading class 0x0000000100864800 'org/gradle/util/GradleVersion$current'
Event: 2007.112 Thread 0x000002314946fb80 Unloading class 0x0000000100866800 'sync_studio_tooling3856_e2sa3alorqy4i0pipf854r68b$_run_closure2'
Event: 2007.112 Thread 0x000002314946fb80 Unloading class 0x0000000100864000 'sync_studio_tooling3856_e2sa3alorqy4i0pipf854r68b'
Event: 2007.112 Thread 0x000002314946fb80 Unloading class 0x00000001006b2000 'ijMapper1_1lt1sh0i6u2q8d0bebaj62k44$_run_closure1'
Event: 2007.113 Thread 0x000002314946fb80 Unloading class 0x00000001005d6800 'ijMapper1_1lt1sh0i6u2q8d0bebaj62k44'
Event: 2007.113 Thread 0x000002314946fb80 Unloading class 0x0000000100430400 'java/lang/invoke/LambdaForm$MH+0x0000000100430400'
Event: 2007.113 Thread 0x000002314946fb80 Unloading class 0x0000000100430000 'java/lang/invoke/LambdaForm$MH+0x0000000100430000'
Event: 2007.113 Thread 0x000002314946fb80 Unloading class 0x000000010034a800 'java/lang/invoke/LambdaForm$MH+0x000000010034a800'
Event: 2007.113 Thread 0x000002314946fb80 Unloading class 0x0000000100340400 'java/lang/invoke/LambdaForm$MH+0x0000000100340400'
Event: 2007.113 Thread 0x000002314946fb80 Unloading class 0x0000000100328000 'java/lang/invoke/LambdaForm$MH+0x0000000100328000'
Event: 2007.113 Thread 0x000002314946fb80 Unloading class 0x00000001002b7000 'java/lang/invoke/LambdaForm$MH+0x00000001002b7000'
Event: 2007.113 Thread 0x000002314946fb80 Unloading class 0x000000010029b400 'jdk/internal/reflect/GeneratedSerializationConstructorAccessor11'
Event: 2007.113 Thread 0x000002314946fb80 Unloading class 0x00000001001b4400 'java/lang/invoke/LambdaForm$MH+0x00000001001b4400'
Event: 2007.113 Thread 0x000002314946fb80 Unloading class 0x000000010010c000 'java/lang/invoke/LambdaForm$DMH+0x000000010010c000'
Event: 2007.113 Thread 0x000002314946fb80 Unloading class 0x0000000100104000 'java/lang/invoke/LambdaForm$MH+0x0000000100104000'
Event: 2007.113 Thread 0x000002314946fb80 Unloading class 0x00000001000c1800 'java/lang/invoke/LambdaForm$MH+0x00000001000c1800'

Classes redefined (0 events):
No events

Internal exceptions (20 events):
Event: 2006.998 Thread 0x0000023155144100 Exception <a 'sun/nio/fs/WindowsException'{0x00000000ffafcfc0}> (0x00000000ffafcfc0) 
thrown [s\src\hotspot\share\prims\jni.cpp, line 537]
Event: 2006.999 Thread 0x00000231545f7c70 Exception <a 'sun/nio/fs/WindowsException'{0x00000000ffa3e800}> (0x00000000ffa3e800) 
thrown [s\src\hotspot\share\prims\jni.cpp, line 537]
Event: 2007.000 Thread 0x00000231545f7c70 Exception <a 'sun/nio/fs/WindowsException'{0x00000000ffa3ea98}> (0x00000000ffa3ea98) 
thrown [s\src\hotspot\share\prims\jni.cpp, line 537]
Event: 2007.000 Thread 0x00000231545f7c70 Exception <a 'sun/nio/fs/WindowsException'{0x00000000ffa3eca0}> (0x00000000ffa3eca0) 
thrown [s\src\hotspot\share\prims\jni.cpp, line 537]
Event: 2007.000 Thread 0x00000231551454b0 Exception <a 'sun/nio/fs/WindowsException'{0x00000000ff52b900}> (0x00000000ff52b900) 
thrown [s\src\hotspot\share\prims\jni.cpp, line 537]
Event: 2007.001 Thread 0x0000023155146ef0 Exception <a 'sun/nio/fs/WindowsException'{0x00000000ff408858}> (0x00000000ff408858) 
thrown [s\src\hotspot\share\prims\jni.cpp, line 537]
Event: 2007.001 Thread 0x000002315566bc90 Exception <a 'sun/nio/fs/WindowsException'{0x00000000ff4a0020}> (0x00000000ff4a0020) 
thrown [s\src\hotspot\share\prims\jni.cpp, line 537]
Event: 2007.002 Thread 0x0000023155146ef0 Exception <a 'sun/nio/fs/WindowsException'{0x00000000ff40a660}> (0x00000000ff40a660) 
thrown [s\src\hotspot\share\prims\jni.cpp, line 537]
Event: 2007.002 Thread 0x000002315566bc90 Exception <a 'sun/nio/fs/WindowsException'{0x00000000ff4a02d8}> (0x00000000ff4a02d8) 
thrown [s\src\hotspot\share\prims\jni.cpp, line 537]
Event: 2007.002 Thread 0x000002315566bc90 Exception <a 'sun/nio/fs/WindowsException'{0x00000000ff4a04e0}> (0x00000000ff4a04e0) 
thrown [s\src\hotspot\share\prims\jni.cpp, line 537]
Event: 2007.002 Thread 0x0000023155146ef0 Exception <a 'sun/nio/fs/WindowsException'{0x00000000ff40bab8}> (0x00000000ff40bab8) 
thrown [s\src\hotspot\share\prims\jni.cpp, line 537]
Event: 2007.003 Thread 0x0000023155146ef0 Exception <a 'sun/nio/fs/WindowsException'{0x00000000ff40e0f8}> (0x00000000ff40e0f8) 
thrown [s\src\hotspot\share\prims\jni.cpp, line 537]
Event: 2007.006 Thread 0x0000023155146ef0 Exception <a 'sun/nio/fs/WindowsException'{0x00000000ff410800}> (0x00000000ff410800) 
thrown [s\src\hotspot\share\prims\jni.cpp, line 537]
Event: 2007.008 Thread 0x0000023155146ef0 Exception <a 'sun/nio/fs/WindowsException'{0x00000000ff411f40}> (0x00000000ff411f40) 
thrown [s\src\hotspot\share\prims\jni.cpp, line 537]
Event: 2007.034 Thread 0x0000023155144100 Exception <a 'sun/nio/fs/WindowsException'{0x00000000ff45a360}> (0x00000000ff45a360) 
thrown [s\src\hotspot\share\prims\jni.cpp, line 537]
Event: 2007.040 Thread 0x0000023155144100 Exception <a 'sun/nio/fs/WindowsException'{0x00000000ff45b668}> (0x00000000ff45b668) 
thrown [s\src\hotspot\share\prims\jni.cpp, line 537]
Event: 2007.040 Thread 0x0000023155144100 Exception <a 'sun/nio/fs/WindowsException'{0x00000000ff45b830}> (0x00000000ff45b830) 
thrown [s\src\hotspot\share\prims\jni.cpp, line 537]
Event: 2007.453 Thread 0x0000023155144790 Exception <a 'sun/nio/fs/WindowsException'{0x00000000b280b620}> (0x00000000b280b620) 
thrown [s\src\hotspot\share\prims\jni.cpp, line 537]
Event: 2007.455 Thread 0x0000023155144790 Exception <a 'sun/nio/fs/WindowsException'{0x00000000b2853dd8}> (0x00000000b2853dd8) 
thrown [s\src\hotspot\share\prims\jni.cpp, line 537]
Event: 2007.458 Thread 0x0000023155144790 Exception <a 'sun/nio/fs/WindowsException'{0x00000000b285f2d0}> (0x00000000b285f2d0) 
thrown [s\src\hotspot\share\prims\jni.cpp, line 537]

ZGC Phase Switch (0 events):
No events

VM Operations (20 events):
Event: 1970.287 Executing VM operation: Cleanup
Event: 1970.287 Executing VM operation: Cleanup done
Event: 1971.288 Executing VM operation: Cleanup
Event: 1971.288 Executing VM operation: Cleanup done
Event: 1984.284 Executing VM operation: HandshakeAllThreads (HandshakeForDeflation)
Event: 1984.284 Executing VM operation: HandshakeAllThreads (HandshakeForDeflation) done
Event: 1984.284 Executing VM operation: RendezvousGCThreads
Event: 1984.284 Executing VM operation: RendezvousGCThreads done
Event: 2003.793 Executing VM operation: G1CollectForAllocation (G1 Evacuation Pause)
Event: 2003.819 Executing VM operation: G1CollectForAllocation (G1 Evacuation Pause) done
Event: 2004.819 Executing VM operation: Cleanup
Event: 2004.819 Executing VM operation: Cleanup done
Event: 2005.819 Executing VM operation: Cleanup
Event: 2005.819 Executing VM operation: Cleanup done
Event: 2006.795 Executing VM operation: G1TryInitiateConcMark (G1 Humongous Allocation)
Event: 2006.830 Executing VM operation: G1TryInitiateConcMark (G1 Humongous Allocation) done
Event: 2007.108 Executing VM operation: G1PauseRemark
Event: 2007.139 Executing VM operation: G1PauseRemark done
Event: 2007.357 Executing VM operation: G1PauseCleanup
Event: 2007.358 Executing VM operation: G1PauseCleanup done

Memory protections (0 events):
No events

Nmethod flushes (20 events):
Event: 2007.135 Thread 0x000002314946fb80 flushing  nmethod 0x00000231379f3b90
Event: 2007.135 Thread 0x000002314946fb80 flushing  nmethod 0x0000023137af9910
Event: 2007.135 Thread 0x000002314946fb80 flushing osr nmethod 0x0000023137b29890
Event: 2007.135 Thread 0x000002314946fb80 flushing  nmethod 0x0000023137de5690
Event: 2007.135 Thread 0x000002314946fb80 flushing  nmethod 0x0000023137de6b10
Event: 2007.135 Thread 0x000002314946fb80 flushing  nmethod 0x0000023137e9fa90
Event: 2007.135 Thread 0x000002314946fb80 flushing  nmethod 0x0000023137e9ff10
Event: 2007.135 Thread 0x000002314946fb80 flushing  nmethod 0x0000023137ea3210
Event: 2007.135 Thread 0x000002314946fb80 flushing  nmethod 0x0000023138057290
Event: 2007.135 Thread 0x000002314946fb80 flushing  nmethod 0x000002313809ab90
Event: 2007.135 Thread 0x000002314946fb80 flushing  nmethod 0x00000231380a6810
Event: 2007.135 Thread 0x000002314946fb80 flushing  nmethod 0x00000231380edf90
Event: 2007.135 Thread 0x000002314946fb80 flushing  nmethod 0x000002313818d490
Event: 2007.135 Thread 0x000002314946fb80 flushing  nmethod 0x000002313820b790
Event: 2007.135 Thread 0x000002314946fb80 flushing  nmethod 0x0000023138228f10
Event: 2007.135 Thread 0x000002314946fb80 flushing  nmethod 0x000002313824e510
Event: 2007.135 Thread 0x000002314946fb80 flushing  nmethod 0x0000023138285710
Event: 2007.135 Thread 0x000002314946fb80 flushing  nmethod 0x0000023138285b10
Event: 2007.135 Thread 0x000002314946fb80 flushing  nmethod 0x000002313829ae90
Event: 2007.135 Thread 0x000002314946fb80 flushing  nmethod 0x000002313829b710

Events (20 events):
Event: 2003.954 Thread 0x000002315514aa00 Thread added: 0x00000231551454b0
Event: 2003.955 Thread 0x0000023155144790 Thread added: 0x000002315566d040
Event: 2004.017 Thread 0x0000023155669530 Thread added: 0x00000231545f6230
Event: 2004.520 Thread 0x0000023163216a20 Thread exited: 0x0000023163216a20
Event: 2004.878 Thread 0x00000231551454b0 Thread added: 0x0000023155146ef0
Event: 2004.882 Thread 0x0000023155146ef0 Thread added: 0x0000023155143a70
Event: 2005.538 Thread 0x00000231654d2830 Thread exited: 0x00000231654d2830
Event: 2005.600 Thread 0x00000231551454b0 Thread added: 0x00000231545f7c70
Event: 2005.604 Thread 0x0000023155146ef0 Thread added: 0x00000231551461d0
Event: 2006.733 Thread 0x00000231551454b0 Thread added: 0x00000231545fbe10
Event: 2006.832 Thread 0x0000023155143a70 Thread exited: 0x0000023155143a70
Event: 2006.832 Thread 0x00000231551461d0 Thread exited: 0x00000231551461d0
Event: 2006.998 Thread 0x0000023155144e20 Thread added: 0x000002315566bc90
Event: 2006.999 Thread 0x0000023155144100 Thread added: 0x0000023155149ce0
Event: 2007.001 Thread 0x00000231551454b0 Thread added: 0x0000023155147c10
Event: 2007.082 Thread 0x000002314952ed70 Thread added: 0x0000023163217e90
Event: 2007.082 Thread 0x000002314952ed70 Thread added: 0x0000023163219300
Event: 2007.209 Thread 0x00000231551454b0 Thread added: 0x0000023154276bb0
Event: 2007.522 Thread 0x0000023155144790 Thread added: 0x000002316273d9f0
Event: 2007.529 Thread 0x00000231551454b0 Thread added: 0x00000231553fabb0


Dynamic libraries:
0x00007ff662d50000 - 0x00007ff662d5a000 	F:\Android\jbr\bin\java.exe
0x00007ff805f30000 - 0x00007ff806128000 	C:\WINDOWS\SYSTEM32\ntdll.dll
0x00007ff804060000 - 0x00007ff804122000 	C:\WINDOWS\System32\KERNEL32.DLL
0x00007ff803c50000 - 0x00007ff803f46000 	C:\WINDOWS\System32\KERNELBASE.dll
0x00007ff8039d0000 - 0x00007ff803ad0000 	C:\WINDOWS\System32\ucrtbase.dll
0x00007fffbd3a0000 - 0x00007fffbd3b8000 	F:\Android\jbr\bin\jli.dll
0x00007fffcf790000 - 0x00007fffcf7ab000 	F:\Android\jbr\bin\VCRUNTIME140.dll
0x00007ff8055f0000 - 0x00007ff805791000 	C:\WINDOWS\System32\USER32.dll
0x00007fffed5c0000 - 0x00007fffed85b000 	C:\WINDOWS\WinSxS\amd64_microsoft.windows.common-controls_6595b64144ccf1df_6.0.19041.6456_none_60b8a6cb71f64256\COMCTL32.dll
0x00007ff803b00000 - 0x00007ff803b22000 	C:\WINDOWS\System32\win32u.dll
0x00007ff804e50000 - 0x00007ff804eee000 	C:\WINDOWS\System32\msvcrt.dll
0x00007ff805810000 - 0x00007ff80583b000 	C:\WINDOWS\System32\GDI32.dll
0x00007ff803610000 - 0x00007ff803729000 	C:\WINDOWS\System32\gdi32full.dll
0x00007ff803bb0000 - 0x00007ff803c4d000 	C:\WINDOWS\System32\msvcp_win.dll
0x00007ff805ba0000 - 0x00007ff805bcf000 	C:\WINDOWS\System32\IMM32.DLL
0x00007fffd03e0000 - 0x00007fffd03ec000 	F:\Android\jbr\bin\vcruntime140_1.dll
0x00007fff6d870000 - 0x00007fff6d8fd000 	F:\Android\jbr\bin\msvcp140.dll
0x00007fff77cd0000 - 0x00007fff7895e000 	F:\Android\jbr\bin\server\jvm.dll
0x00007ff805360000 - 0x00007ff805411000 	C:\WINDOWS\System32\ADVAPI32.dll
0x00007ff804b70000 - 0x00007ff804c0f000 	C:\WINDOWS\System32\sechost.dll
0x00007ff804cd0000 - 0x00007ff804df0000 	C:\WINDOWS\System32\RPCRT4.dll
0x00007ff803ad0000 - 0x00007ff803af7000 	C:\WINDOWS\System32\bcrypt.dll
0x00007ff8057a0000 - 0x00007ff80580b000 	C:\WINDOWS\System32\WS2_32.dll
0x00007ff802f00000 - 0x00007ff802f4b000 	C:\WINDOWS\SYSTEM32\POWRPROF.dll
0x00007ffff47a0000 - 0x00007ffff47c7000 	C:\WINDOWS\SYSTEM32\WINMM.dll
0x00007ffffccb0000 - 0x00007ffffccba000 	C:\WINDOWS\SYSTEM32\VERSION.dll
0x00007ff802ee0000 - 0x00007ff802ef2000 	C:\WINDOWS\SYSTEM32\UMPDC.dll
0x00007ff801db0000 - 0x00007ff801dc2000 	C:\WINDOWS\SYSTEM32\kernel.appcore.dll
0x00007fffcf780000 - 0x00007fffcf78a000 	F:\Android\jbr\bin\jimage.dll
0x00007ff801300000 - 0x00007ff801501000 	C:\WINDOWS\SYSTEM32\DBGHELP.DLL
0x00007fffe4820000 - 0x00007fffe4854000 	C:\WINDOWS\SYSTEM32\dbgcore.DLL
0x00007ff803890000 - 0x00007ff803912000 	C:\WINDOWS\System32\bcryptPrimitives.dll
0x00007fffbd390000 - 0x00007fffbd39e000 	F:\Android\jbr\bin\instrument.dll
0x00007fffcf760000 - 0x00007fffcf780000 	F:\Android\jbr\bin\java.dll
0x00007fffcf740000 - 0x00007fffcf758000 	F:\Android\jbr\bin\zip.dll
0x00007ff804400000 - 0x00007ff804b70000 	C:\WINDOWS\System32\SHELL32.dll
0x00007ff8015f0000 - 0x00007ff801d95000 	C:\WINDOWS\SYSTEM32\windows.storage.dll
0x00007ff805840000 - 0x00007ff805b94000 	C:\WINDOWS\System32\combase.dll
0x00007ff802ea0000 - 0x00007ff802ecb000 	C:\WINDOWS\SYSTEM32\Wldp.dll
0x00007ff805cf0000 - 0x00007ff805dbd000 	C:\WINDOWS\System32\OLEAUT32.dll
0x00007ff803fb0000 - 0x00007ff80405d000 	C:\WINDOWS\System32\SHCORE.dll
0x00007ff805c80000 - 0x00007ff805cdb000 	C:\WINDOWS\System32\shlwapi.dll
0x00007ff8034f0000 - 0x00007ff803514000 	C:\WINDOWS\SYSTEM32\profapi.dll
0x00007fffcf730000 - 0x00007fffcf740000 	F:\Android\jbr\bin\net.dll
0x00007ffffba30000 - 0x00007ffffbb3a000 	C:\WINDOWS\SYSTEM32\WINHTTP.dll
0x00007ff802c10000 - 0x00007ff802c7a000 	C:\WINDOWS\system32\mswsock.dll
0x00007fffcf710000 - 0x00007fffcf726000 	F:\Android\jbr\bin\nio.dll
0x00007fffc9200000 - 0x00007fffc9210000 	F:\Android\jbr\bin\verify.dll
0x00007fffc8e90000 - 0x00007fffc8eb7000 	C:\Users\razma\.gradle\native\1def1411415f61bf3af743bc5b6707747c0891f09f0c88961ee8f79bc544acac\windows-amd64\native-platform.dll
0x00007fff5f530000 - 0x00007fff5f5a8000 	C:\Users\razma\.gradle\native\0.2.7\x86_64-windows-gnu\gradle-fileevents.dll
0x00007fffc9180000 - 0x00007fffc9189000 	F:\Android\jbr\bin\management.dll
0x00007fffc9170000 - 0x00007fffc917b000 	F:\Android\jbr\bin\management_ext.dll
0x00007ff805ce0000 - 0x00007ff805ce8000 	C:\WINDOWS\System32\PSAPI.DLL
0x00007ff802910000 - 0x00007ff80294b000 	C:\WINDOWS\SYSTEM32\IPHLPAPI.DLL
0x00007ff805480000 - 0x00007ff805488000 	C:\WINDOWS\System32\NSI.dll
0x00007fffcddb0000 - 0x00007fffcddb9000 	F:\Android\jbr\bin\extnet.dll
0x00007ff802f50000 - 0x00007ff802f68000 	C:\WINDOWS\SYSTEM32\CRYPTSP.dll
0x00007ff802550000 - 0x00007ff802588000 	C:\WINDOWS\system32\rsaenh.dll
0x00007ff8034b0000 - 0x00007ff8034de000 	C:\WINDOWS\SYSTEM32\USERENV.dll
0x00007ff802da0000 - 0x00007ff802dac000 	C:\WINDOWS\SYSTEM32\CRYPTBASE.dll
0x00007fffcf480000 - 0x00007fffcf487000 	C:\WINDOWS\system32\wshunix.dll
0x00007fffb93b0000 - 0x00007fffb93c7000 	C:\WINDOWS\system32\napinsp.dll
0x00007fff8cf60000 - 0x00007fff8cf7b000 	C:\WINDOWS\system32\pnrpnsp.dll
0x00007fffe6040000 - 0x00007fffe605d000 	C:\WINDOWS\system32\wshbth.dll
0x00007ff800010000 - 0x00007ff80002d000 	C:\WINDOWS\system32\NLAapi.dll
0x00007ff802950000 - 0x00007ff802a1a000 	C:\WINDOWS\SYSTEM32\DNSAPI.dll
0x00007fff8cf40000 - 0x00007fff8cf52000 	C:\WINDOWS\System32\winrnr.dll
0x00007fffec350000 - 0x00007fffec35a000 	C:\Windows\System32\rasadhlp.dll
0x00007fffecf80000 - 0x00007fffed000000 	C:\WINDOWS\System32\fwpuclnt.dll
0x00007ff8027a0000 - 0x00007ff8027d3000 	C:\WINDOWS\SYSTEM32\ntmarta.dll
0x00007ffffe410000 - 0x00007ffffe417000 	F:\Android\jbr\bin\rmi.dll

dbghelp: loaded successfully - version: 4.0.5 - missing functions: none
symbol engine: initialized successfully - sym options: 0x614 - pdb path: .;F:\Android\jbr\bin;C:\WINDOWS\SYSTEM32;C:\WINDOWS\WinSxS\amd64_microsoft.windows.common-controls_6595b64144ccf1df_6.0.19041.6456_none_60b8a6cb71f64256;F:\Android\jbr\bin\server;C:\Users\razma\.gradle\native\1def1411415f61bf3af743bc5b6707747c0891f09f0c88961ee8f79bc544acac\windows-amd64;C:\Users\razma\.gradle\native\0.2.7\x86_64-windows-gnu

VM Arguments:
jvm_args: --add-opens=java.base/java.lang=ALL-UNNAMED --add-opens=java.base/java.lang.invoke=ALL-UNNAMED --add-opens=java.base/java.util=ALL-UNNAMED --add-opens=java.prefs/java.util.prefs=ALL-UNNAMED --add-exports=jdk.compiler/com.sun.tools.javac.api=ALL-UNNAMED --add-exports=jdk.compiler/com.sun.tools.javac.util=ALL-UNNAMED --add-opens=java.base/java.util=ALL-UNNAMED --add-opens=java.prefs/java.util.prefs=ALL-UNNAMED --add-opens=java.base/java.nio.charset=ALL-UNNAMED --add-opens=java.base/java.net=ALL-UNNAMED --add-opens=java.base/java.util.concurrent.atomic=ALL-UNNAMED --add-opens=java.xml/javax.xml.namespace=ALL-UNNAMED -Xmx2048m -Dfile.encoding=UTF-8 -Duser.country=US -Duser.language=en -Duser.variant -javaagent:C:\Users\razma\.gradle\wrapper\dists\gradle-8.13-bin\5xuhj0ry160q40clulazy9h7d\gradle-8.13\lib\agents\gradle-instrumentation-agent-8.13.jar 
java_command: org.gradle.launcher.daemon.bootstrap.GradleDaemon 8.13
java_class_path (initial): C:\Users\razma\.gradle\wrapper\dists\gradle-8.13-bin\5xuhj0ry160q40clulazy9h7d\gradle-8.13\lib\gradle-daemon-main-8.13.jar
Launcher Type: SUN_STANDARD

[Global flags]
     intx CICompilerCount                          = 4                                         {product} {ergonomic}
     uint ConcGCThreads                            = 2                                         {product} {ergonomic}
     uint G1ConcRefinementThreads                  = 8                                         {product} {ergonomic}
   size_t G1HeapRegionSize                         = 1048576                                   {product} {ergonomic}
    uintx GCDrainStackTargetSize                   = 64                                        {product} {ergonomic}
   size_t InitialHeapSize                          = 402653184                                 {product} {ergonomic}
   size_t MarkStackSize                            = 4194304                                   {product} {ergonomic}
   size_t MaxHeapSize                              = 2147483648                                {product} {command line}
   size_t MaxNewSize                               = 1287651328                                {product} {ergonomic}
   size_t MinHeapDeltaBytes                        = 1048576                                   {product} {ergonomic}
   size_t MinHeapSize                              = 8388608                                   {product} {ergonomic}
    uintx NonNMethodCodeHeapSize                   = 5839372                                {pd product} {ergonomic}
    uintx NonProfiledCodeHeapSize                  = 122909434                              {pd product} {ergonomic}
    uintx ProfiledCodeHeapSize                     = 122909434                              {pd product} {ergonomic}
    uintx ReservedCodeCacheSize                    = 251658240                              {pd product} {ergonomic}
     bool SegmentedCodeCache                       = true                                      {product} {ergonomic}
   size_t SoftMaxHeapSize                          = 2147483648                             {manageable} {ergonomic}
     bool UseCompressedOops                        = true                           {product lp64_product} {ergonomic}
     bool UseG1GC                                  = true                                      {product} {ergonomic}
     bool UseLargePagesIndividualAllocation        = false                                  {pd product} {ergonomic}

Logging:
Log output configuration:
 #0: stdout all=warning uptime,level,tags foldmultilines=false
 #1: stderr all=off uptime,level,tags foldmultilines=false

Environment Variables:
JAVA_HOME=F:\java
PATH=F:\java\bin;C:\Program Files\dotnet\;C:\Program Files (x86)\Common Files\Oracle\Java\javapath;C:\ProgramData\Oracle\Java\javapath;C:\WINDOWS\system32;C:\WINDOWS;C:\WINDOWS\System32\Wbem;C:\WINDOWS\System32\WindowsPowerShell\v1.0\;C:\WINDOWS\System32\OpenSSH\;C:\Program Files\Microsoft SQL Server\130\Tools\Binn\;C:\Program Files\Microsoft SQL Server\Client SDK\ODBC\170\Tools\Binn\;D:\Freetime\TBC\Git\cmd;C:\apache-maven-3.9.8\bin;C:\Program Files (x86)\Microsoft SQL Server\160\Tools\Binn\;C:\Program Files\Microsoft SQL Server\160\Tools\Binn\;C:\Program Files\Microsoft SQL Server\160\DTS\Binn\;C:\Program Files\Microsoft SQL Server\150\Tools\Binn\;C:\Program Files (x86)\Common Files\Oracle\Java\javapath;C:\ProgramData\Oracle\Java\javapath;C:\WINDOWS\system32;C:\WINDOWS;C:\WINDOWS\System32\Wbem;C:\WINDOWS\System32\WindowsPowerShell\v1.0\;C:\WINDOWS\System32\OpenSSH\;C:\Program Files\Microsoft SQL Server\130\Tools\Binn\;C:\Program Files\Microsoft SQL Server\Client SDK\ODBC\170\Tools\Binn\;D:\Freetime\TBC\Git\cmd;C:\apache-maven-3.9.8\bin;C:\Program Files (x86)\Microsoft SQL Server\160\Tools\Binn\;C:\Program Files\Microsoft SQL Server\160\Tools\Binn\;C:\Program Files\Microsoft SQL Server\160\DTS\Binn\;C:\Program Files (x86)\Microsoft SQL Server\160\DTS\Binn\;C:\Program Files\dotnet\;C:\Users\razma\scoop\shims;C:\Ruby23-x64\bin;C:\Users\razma\AppData\Local\Microsoft\WindowsApps;C:\Users\razma\AppData\Local\GitHubDesktop\bin;C:\Users\razma\.dotnet\tools;C:\Users\razma\.dotnet\tools;C:\Program Files\dotnet;C:\Users\razma\.dotnet\tools;C:\Program Files\swipl\bin
USERNAME=razma
OS=Windows_NT
PROCESSOR_IDENTIFIER=Intel64 Family 6 Model 60 Stepping 3, GenuineIntel
TMP=C:\Users\razma\AppData\Local\Temp
TEMP=C:\Users\razma\AppData\Local\Temp




Periodic native trim disabled

JNI global refs:
JNI global refs: 31, weak refs: 18

JNI global refs memory usage: 835, weak refs: 833

Process memory usage:
Resident Set Size: 1587464K (6% of 25057088K total physical memory with 5931608K free physical memory)

OOME stack traces (most recent first):
Classloader memory used:
Loader org.gradle.internal.classloader.VisitableURLClassLoader$InstrumentingVisitableURLClassLoader: 85488K
Loader org.gradle.internal.classloader.VisitableURLClassLoader                         : 55760K
Loader java.net.URLClassLoader                                                         : 37166K
Loader bootstrap                                                                       : 36761K
Loader org.gradle.initialization.MixInLegacyTypesClassLoader                           : 22292K
Loader org.gradle.internal.classloader.VisitableURLClassLoader                         : 9878K
Loader jdk.internal.loader.ClassLoaders$AppClassLoader                                 : 9712K
Loader jdk.internal.reflect.DelegatingClassLoader                                      : 1825K
Loader jdk.internal.loader.ClassLoaders$PlatformClassLoader                            : 917K
Loader org.gradle.groovy.scripts.internal.DefaultScriptCompilationHandler$ScriptClassLoader: 22936B
Loader org.codehaus.groovy.runtime.callsite.CallSiteClassLoader                        : 3584B
Loader sun.reflect.misc.MethodUtil                                                     : 2968B

Classes loaded by more than one classloader:
Class kotlin.jvm.KotlinReflectionNotSupportedError                                    : loaded 5 times (x 80B)
Class kotlin.collections.CollectionsKt__IteratorsKt                                   : loaded 5 times (x 69B)
Class com.google.common.collect.Iterables                                             : loaded 5 times (x 69B)
Class com.google.common.collect.Iterators$9                                           : loaded 5 times (x 79B)
Class com.google.common.collect.LexicographicalOrdering                               : loaded 5 times (x 113B)
Class com.google.common.collect.ImmutableAsList                                       : loaded 5 times (x 207B)
Class com.google.common.collect.AllEqualOrdering                                      : loaded 5 times (x 112B)
Class com.google.common.collect.RegularImmutableSet                                   : loaded 5 times (x 147B)
Class com.google.common.collect.Iterators$MergingIterator                             : loaded 5 times (x 79B)
Class kotlin.text.StringsKt                                                           : loaded 5 times (x 69B)
Class kotlin.sequences.SequencesKt                                                    : loaded 5 times (x 69B)
Class com.google.common.collect.ComparatorOrdering                                    : loaded 5 times (x 113B)
Class com.google.common.collect.RegularImmutableMap$KeySet                            : loaded 5 times (x 150B)
Class com.google.common.collect.UsingToStringOrdering                                 : loaded 5 times (x 112B)
Class kotlin.text.StringsKt__StringNumberConversionsKt                                : loaded 5 times (x 69B)
Class com.google.common.collect.Lists                                                 : loaded 5 times (x 69B)
Class kotlin.text.StringsKt__StringsKt                                                : loaded 5 times (x 69B)
Class kotlin.NotImplementedError                                                      : loaded 5 times (x 80B)
Class kotlin.collections.CollectionsKt__CollectionsJVMKt                              : loaded 5 times (x 69B)
Class kotlin.collections.CollectionsKt                                                : loaded 5 times (x 69B)
Class kotlin.text.StringsKt__RegexExtensionsJVMKt                                     : loaded 5 times (x 69B)
Class kotlin.text.StringsKt__AppendableKt                                             : loaded 5 times (x 69B)
Class com.google.common.collect.ImmutableList$SubList                                 : loaded 5 times (x 207B)
Class kotlin.collections.ArraysKt___ArraysJvmKt                                       : loaded 5 times (x 69B)
Class com.google.common.collect.ImmutableCollection                                   : loaded 5 times (x 123B)
Class com.google.common.base.CharMatcher$AnyOf                                        : loaded 5 times (x 110B)
Class com.google.common.collect.ForwardingObject                                      : loaded 5 times (x 70B)
Class com.google.common.collect.ImmutableSortedSet                                    : loaded 5 times (x 298B)
Class com.google.common.collect.ImmutableSet$SetBuilderImpl                           : loaded 5 times (x 74B)
Class kotlin.collections.CollectionsKt__CollectionsKt                                 : loaded 5 times (x 69B)
Class com.google.common.base.CharMatcher$ForPredicate                                 : loaded 5 times (x 110B)
Class com.google.common.base.CharMatcher$IsNot                                        : loaded 5 times (x 109B)
Class com.google.common.collect.ImmutableSortedAsList                                 : loaded 5 times (x 219B)
Class com.google.common.collect.RegularImmutableSortedSet                             : loaded 5 times (x 298B)
Class kotlin.jvm.internal.CallableReference                                           : loaded 5 times (x 104B)
Class com.google.common.collect.ImmutableList                                         : loaded 5 times (x 204B)
Class com.google.common.collect.ImmutableMapEntry                                     : loaded 5 times (x 83B)
Class com.google.common.collect.ImmutableMultimap                                     : loaded 5 times (x 145B)
Class com.google.common.collect.ImmutableMapEntry$NonTerminalImmutableMapEntry        : loaded 5 times (x 83B)
Class com.google.common.base.Function                                                 : loaded 5 times (x 68B)
Class kotlin.enums.EnumEntries                                                        : loaded 5 times (x 68B)
Class kotlin.sequences.SequencesKt__SequenceBuilderKt                                 : loaded 5 times (x 69B)
Class com.google.common.collect.Iterators$5                                           : loaded 5 times (x 80B)
Class com.google.common.collect.RegularImmutableList                                  : loaded 5 times (x 211B)
Class kotlin.jvm.internal.markers.KMappedMarker                                       : loaded 5 times (x 68B)
Class com.google.common.collect.Iterators$4                                           : loaded 5 times (x 80B)
Class com.google.common.collect.ImmutableBiMap                                        : loaded 5 times (x 141B)
Class com.google.common.collect.SortedIterable                                        : loaded 5 times (x 68B)
Class [Lcom.google.common.collect.ImmutableMapEntry;                                  : loaded 5 times (x 67B)
Class com.google.common.collect.ReverseOrdering                                       : loaded 5 times (x 113B)
Class kotlin.UninitializedPropertyAccessException                                     : loaded 5 times (x 80B)
Class com.google.common.base.CharMatcher$IsEither                                     : loaded 5 times (x 109B)
Class com.google.common.collect.SingletonImmutableSet                                 : loaded 5 times (x 144B)
Class kotlin.jvm.internal.FunctionReference                                           : loaded 5 times (x 120B)
Class com.google.common.collect.ImmutableSet$Builder                                  : loaded 5 times (x 83B)
Class com.google.common.collect.SetMultimap                                           : loaded 5 times (x 68B)
Class kotlin.jvm.internal.FunctionBase                                                : loaded 5 times (x 68B)
Class com.google.common.base.CharMatcher$InRange                                      : loaded 5 times (x 109B)
Class [Lcom.google.common.collect.ImmutableEntry;                                     : loaded 5 times (x 67B)
Class com.google.common.collect.Iterators$ArrayItr                                    : loaded 5 times (x 95B)
Class com.google.common.collect.ImmutableMap$IteratorBasedImmutableMap                : loaded 5 times (x 124B)
Class kotlin.collections.CollectionsKt__ReversedViewsKt                               : loaded 5 times (x 69B)
Class com.google.common.collect.ImmutableCollection$Builder                           : loaded 5 times (x 74B)
Class kotlin.enums.EnumEntriesList                                                    : loaded 5 times (x 221B)
Class com.google.common.collect.Iterators$1                                           : loaded 5 times (x 79B)
Class kotlin.NoWhenBranchMatchedException                                             : loaded 5 times (x 80B)
Class com.google.common.collect.Ordering                                              : loaded 5 times (x 112B)
Class kotlin.collections.MapsKt__MapsKt                                               : loaded 5 times (x 69B)
Class com.google.common.collect.ImmutableList$ReverseImmutableList                    : loaded 5 times (x 207B)
Class com.google.common.collect.BaseImmutableMultimap                                 : loaded 5 times (x 121B)
Class com.google.common.collect.ImmutableMapEntrySet$RegularEntrySet                  : loaded 5 times (x 150B)
Class kotlin.reflect.KFunction                                                        : loaded 5 times (x 68B)
Class kotlin.text.StringsKt__RegexExtensionsKt                                        : loaded 5 times (x 69B)
Class com.google.common.collect.CompoundOrdering                                      : loaded 5 times (x 113B)
Class com.google.common.base.Joiner                                                   : loaded 5 times (x 77B)
Class kotlin.text.StringsKt__StringBuilderKt                                          : loaded 5 times (x 69B)
Class kotlin.jvm.internal.CallableReference$NoReceiver                                : loaded 5 times (x 69B)
Class kotlin.collections.CollectionsKt__IteratorsJVMKt                                : loaded 5 times (x 69B)
Class kotlin.sequences.SequencesKt__SequencesJVMKt                                    : loaded 5 times (x 69B)
Class kotlin.collections.AbstractList                                                 : loaded 5 times (x 195B)
Class kotlin.collections.ArraysKt__ArraysJVMKt                                        : loaded 5 times (x 69B)
Class kotlin.collections.AbstractCollection                                           : loaded 5 times (x 115B)
Class com.google.common.base.Joiner$2                                                 : loaded 5 times (x 77B)
Class com.google.common.base.CharMatcher$1                                            : loaded 5 times (x 111B)
Class com.google.common.base.CharMatcher$NamedFastMatcher                             : loaded 5 times (x 110B)
Class com.google.common.collect.NaturalOrdering                                       : loaded 5 times (x 113B)
Class com.google.common.collect.Platform                                              : loaded 5 times (x 69B)
Class kotlin.collections.AbstractList$Companion                                       : loaded 5 times (x 69B)
Class kotlin.text.StringsKt__StringBuilderJVMKt                                       : loaded 5 times (x 69B)
Class kotlin.collections.SetsKt                                                       : loaded 5 times (x 69B)
Class kotlin.collections.SetsKt__SetsKt                                               : loaded 5 times (x 69B)
Class com.google.common.collect.PeekingIterator                                       : loaded 5 times (x 68B)
Class kotlin.text.StringsKt__IndentKt                                                 : loaded 5 times (x 69B)
Class com.google.common.collect.UnmodifiableIterator                                  : loaded 5 times (x 78B)
Class kotlin.sequences.SequencesKt___SequencesKt                                      : loaded 5 times (x 69B)
Class com.google.common.base.Joiner$1                                                 : loaded 5 times (x 78B)
Class com.google.common.base.CharMatcher                                              : loaded 5 times (x 109B)
Class com.google.common.collect.ImmutableSetMultimap                                  : loaded 5 times (x 178B)
Class com.google.common.collect.SingletonImmutableList                                : loaded 5 times (x 205B)
Class com.google.common.collect.ByFunctionOrdering                                    : loaded 5 times (x 113B)
Class com.google.common.collect.ReverseNaturalOrdering                                : loaded 5 times (x 112B)
Class kotlin.collections.ArraysKt                                                     : loaded 5 times (x 69B)
Class kotlin.sequences.SequencesKt__SequencesKt                                       : loaded 5 times (x 69B)
Class com.google.common.base.Preconditions                                            : loaded 5 times (x 69B)
Class kotlin.collections.SetsKt___SetsKt                                              : loaded 5 times (x 69B)
Class kotlin.ranges.RangesKt__RangesKt                                                : loaded 5 times (x 69B)
Class kotlin.sequences.Sequence                                                       : loaded 5 times (x 68B)
Class kotlin.text.StringsKt__StringNumberConversionsJVMKt                             : loaded 5 times (x 69B)
Class kotlin.text.StringsKt__StringsJVMKt                                             : loaded 5 times (x 69B)
Class com.google.common.collect.AbstractMapEntry                                      : loaded 5 times (x 79B)
Class kotlin.Pair                                                                     : loaded 5 times (x 70B)
Class kotlin.ranges.RangesKt___RangesKt                                               : loaded 5 times (x 69B)
Class com.google.common.collect.NullnessCasts                                         : loaded 5 times (x 69B)
Class com.google.common.collect.RegularImmutableMap$Values                            : loaded 5 times (x 205B)
Class com.google.common.base.CharMatcher$BitSetMatcher                                : loaded 5 times (x 110B)
Class com.google.common.collect.Multimap                                              : loaded 5 times (x 68B)
Class com.google.common.collect.ImmutableList$1                                       : loaded 5 times (x 95B)
Class com.google.common.collect.ImmutableSet                                          : loaded 5 times (x 143B)
Class kotlin.collections.CollectionsKt___CollectionsJvmKt                             : loaded 5 times (x 69B)
Class com.google.common.base.CharMatcher$Is                                           : loaded 5 times (x 109B)
Class com.google.common.base.CharMatcher$Negated                                      : loaded 5 times (x 111B)
Class kotlin.sequences.SequencesKt___SequencesJvmKt                                   : loaded 5 times (x 69B)
Class com.google.common.base.CharMatcher$Or                                           : loaded 5 times (x 110B)
Class kotlin.Unit                                                                     : loaded 5 times (x 69B)
Class com.google.common.collect.AbstractMultimap                                      : loaded 5 times (x 121B)
Class kotlin.KotlinNullPointerException                                               : loaded 5 times (x 81B)
Class com.google.common.collect.ImmutableList$Builder                                 : loaded 5 times (x 75B)
Class kotlin.TuplesKt                                                                 : loaded 5 times (x 69B)
Class kotlin.ranges.RangesKt                                                          : loaded 5 times (x 69B)
Class kotlin.collections.ArraysUtilJVM                                                : loaded 5 times (x 69B)
Class kotlin.jvm.functions.Function0                                                  : loaded 5 times (x 68B)
Class kotlin.collections.CollectionsKt__IterablesKt                                   : loaded 5 times (x 69B)
Class kotlin.collections.MapsKt                                                       : loaded 5 times (x 69B)
Class kotlin.collections.CollectionsKt__MutableCollectionsKt                          : loaded 5 times (x 69B)
Class com.google.common.collect.RegularImmutableMap$BucketOverflowException           : loaded 5 times (x 80B)
Class com.google.common.collect.ImmutableMap$Builder                                  : loaded 5 times (x 80B)
Class com.google.common.base.CharMatcher$FastMatcher                                  : loaded 5 times (x 109B)
Class kotlin.jvm.functions.Function1                                                  : loaded 5 times (x 68B)
Class kotlin.reflect.KCallable                                                        : loaded 5 times (x 68B)
Class kotlin.jvm.internal.Intrinsics                                                  : loaded 5 times (x 69B)
Class com.google.common.collect.ImmutableMap                                          : loaded 5 times (x 118B)
Class kotlin.reflect.KAnnotatedElement                                                : loaded 5 times (x 68B)
Class com.google.common.collect.RegularImmutableAsList                                : loaded 5 times (x 215B)
Class kotlin.jvm.functions.Function2                                                  : loaded 5 times (x 68B)
Class com.google.common.base.Predicate                                                : loaded 5 times (x 68B)
Class com.google.common.collect.Iterators                                             : loaded 5 times (x 69B)
Class com.google.common.base.CharMatcher$NegatedFastMatcher                           : loaded 5 times (x 111B)
Class kotlin.collections.MapsKt___MapsJvmKt                                           : loaded 5 times (x 69B)
Class [Lcom.google.common.collect.AbstractMapEntry;                                   : loaded 5 times (x 67B)
Class com.google.common.collect.ImmutableEntry                                        : loaded 5 times (x 80B)
Class kotlin.Function                                                                 : loaded 5 times (x 68B)
Class kotlin.collections.EmptySet                                                     : loaded 5 times (x 120B)
Class com.google.common.collect.RegularImmutableMap                                   : loaded 5 times (x 119B)
Class com.google.common.collect.ImmutableSet$RegularSetBuilderImpl                    : loaded 5 times (x 75B)
Class com.google.common.collect.Lists$StringAsImmutableList                           : loaded 5 times (x 205B)
Class com.google.common.collect.ExplicitOrdering                                      : loaded 5 times (x 113B)
Class kotlin.collections.CollectionsKt___CollectionsKt                                : loaded 5 times (x 69B)
Class kotlin.collections.SetsKt__SetsJVMKt                                            : loaded 5 times (x 69B)
Class com.google.common.collect.ImmutableMap$MapViewOfValuesAsSingletonSets           : loaded 5 times (x 124B)
Class com.google.common.collect.ImmutableMapEntrySet                                  : loaded 5 times (x 150B)
Class com.google.common.base.CharMatcher$And                                          : loaded 5 times (x 110B)
Class kotlin.collections.EmptyList                                                    : loaded 5 times (x 172B)
Class kotlin.collections.MapsKt__MapsJVMKt                                            : loaded 5 times (x 69B)
Class com.google.common.collect.UnmodifiableListIterator                              : loaded 5 times (x 93B)
Class kotlin.collections.ArraysKt__ArraysKt                                           : loaded 5 times (x 69B)
Class com.google.common.collect.IndexedImmutableSet                                   : loaded 5 times (x 150B)
Class kotlin.reflect.KDeclarationContainer                                            : loaded 5 times (x 68B)
Class com.google.common.collect.ImmutableMap$1                                        : loaded 5 times (x 79B)
Class com.google.common.collect.BiMap                                                 : loaded 5 times (x 68B)
Class kotlin.text.StringsKt___StringsJvmKt                                            : loaded 5 times (x 69B)
Class kotlin.collections.CollectionsKt__MutableCollectionsJVMKt                       : loaded 5 times (x 69B)
Class kotlin.enums.EnumEntriesKt                                                      : loaded 5 times (x 69B)
Class kotlin.text.StringsKt___StringsKt                                               : loaded 5 times (x 69B)
Class com.google.common.collect.NullsFirstOrdering                                    : loaded 5 times (x 113B)
Class com.google.common.collect.AbstractIndexedListIterator                           : loaded 5 times (x 94B)
Class com.google.common.collect.ObjectArrays                                          : loaded 5 times (x 69B)
Class kotlin.collections.ArraysKt___ArraysKt                                          : loaded 5 times (x 69B)
Class com.google.common.collect.AbstractIterator                                      : loaded 5 times (x 80B)
Class com.google.common.collect.NullsLastOrdering                                     : loaded 5 times (x 113B)
Class kotlin.collections.MapsKt___MapsKt                                              : loaded 5 times (x 69B)
Class kotlin.collections.MapsKt__MapWithDefaultKt                                     : loaded 5 times (x 69B)
Class com.google.common.collect.ImmutableSet$CachingAsList                            : loaded 5 times (x 146B)
Class com.google.common.collect.FluentIterable$3                                      : loaded 4 times (x 79B)
Class kotlin.Result$Failure                                                           : loaded 4 times (x 70B)
Class com.google.common.collect.Multiset                                              : loaded 4 times (x 68B)
Class com.google.common.collect.ArrayListMultimapGwtSerializationDependencies         : loaded 4 times (x 170B)
Class com.google.common.cache.LocalCache$EntryFactory                                 : loaded 4 times (x 81B)
Class kotlin.collections.IndexingIterable                                             : loaded 4 times (x 77B)
Class com.google.common.collect.Iterables$5                                           : loaded 4 times (x 79B)
Class com.google.common.base.Absent                                                   : loaded 4 times (x 78B)
Class com.google.common.primitives.Ints                                               : loaded 4 times (x 69B)
Class kotlin.ResultKt                                                                 : loaded 4 times (x 69B)
Class com.google.common.collect.SortedMapDifference                                   : loaded 4 times (x 68B)
Class com.google.common.collect.Maps$AbstractFilteredMap                              : loaded 4 times (x 125B)
Class com.google.common.collect.FluentIterable$2                                      : loaded 4 times (x 79B)
Class com.google.common.cache.CacheLoader$InvalidCacheLoadException                   : loaded 4 times (x 80B)
Class com.google.common.math.MathPreconditions                                        : loaded 4 times (x 69B)
Class com.google.common.collect.FluentIterable$1                                      : loaded 4 times (x 79B)
Class com.google.common.collect.CollectPreconditions                                  : loaded 4 times (x 69B)
Class kotlin.annotation.Retention                                                     : loaded 4 times (x 68B)
Class com.google.common.base.Suppliers$MemoizingSupplier                              : loaded 4 times (x 77B)
Class com.google.common.base.Objects                                                  : loaded 4 times (x 69B)
Class com.google.common.collect.AbstractMapBasedMultimap$KeySet$1                     : loaded 4 times (x 80B)
Class com.google.common.cache.LocalCache$Strength$1                                   : loaded 4 times (x 79B)
Class com.google.common.cache.CacheLoader$UnsupportedLoadingOperationException        : loaded 4 times (x 80B)
Class com.google.common.collect.Sets$4                                                : loaded 4 times (x 137B)
Class com.google.common.collect.Sets$3                                                : loaded 4 times (x 137B)
Class kotlin.jvm.functions.Function4                                                  : loaded 4 times (x 68B)
Class com.google.common.util.concurrent.UncheckedExecutionException                   : loaded 4 times (x 80B)
Class com.google.common.cache.LoadingCache                                            : loaded 4 times (x 68B)
Class kotlin.annotation.Target                                                        : loaded 4 times (x 68B)
Class com.google.common.collect.FluentIterable                                        : loaded 4 times (x 79B)
Class com.google.common.collect.ArrayListMultimap                                     : loaded 4 times (x 170B)
Class com.google.common.cache.CacheBuilder$3                                          : loaded 4 times (x 70B)
Class com.google.common.cache.Weigher                                                 : loaded 4 times (x 68B)
Class kotlin.jvm.internal.markers.KMutableCollection                                  : loaded 4 times (x 68B)
Class kotlin.internal.ProgressionUtilKt                                               : loaded 4 times (x 69B)
Class kotlin.jvm.functions.Function3                                                  : loaded 4 times (x 68B)
Class kotlin.text.CharsKt                                                             : loaded 4 times (x 69B)
Class com.google.common.cache.CacheBuilder$2                                          : loaded 4 times (x 77B)
Class com.google.common.cache.LocalCache                                              : loaded 4 times (x 185B)
Class kotlin.coroutines.intrinsics.IntrinsicsKt                                       : loaded 4 times (x 69B)
Class com.google.common.base.Optional                                                 : loaded 4 times (x 78B)
Class kotlin.collections.EmptyMap                                                     : loaded 4 times (x 107B)
Class com.google.common.cache.LocalCache$Strength                                     : loaded 4 times (x 79B)
Class com.google.common.collect.ImmutableSortedSet$Builder                            : loaded 4 times (x 84B)
Class com.google.common.cache.Cache                                                   : loaded 4 times (x 68B)
Class com.google.common.cache.CacheBuilder$1                                          : loaded 4 times (x 83B)
Class [Lcom.google.common.cache.LocalCache$Strength;                                  : loaded 4 times (x 67B)
Class [Lcom.google.common.cache.LocalCache$Segment;                                   : loaded 4 times (x 67B)
Class com.google.common.base.NullnessCasts                                            : loaded 4 times (x 69B)
Class [Lcom.google.common.cache.Weigher;                                              : loaded 4 times (x 67B)
Class com.google.common.collect.Sets                                                  : loaded 4 times (x 69B)
Class kotlin.coroutines.intrinsics.CoroutineSingletons                                : loaded 4 times (x 77B)
Class kotlin.collections.AbstractMutableList                                          : loaded 4 times (x 204B)
Class com.google.common.base.Ticker                                                   : loaded 4 times (x 70B)
Class com.google.common.cache.LocalCache$LocalLoadingCache                            : loaded 4 times (x 132B)
Class kotlin.collections.IndexingIterator                                             : loaded 4 times (x 77B)
Class com.google.common.base.Suppliers$NonSerializableMemoizingSupplier               : loaded 4 times (x 77B)
Class kotlin.io.CloseableKt                                                           : loaded 4 times (x 69B)
Class kotlin.sequences.SequenceBuilderIterator                                        : loaded 4 times (x 83B)
Class com.google.common.cache.RemovalListener                                         : loaded 4 times (x 68B)
Class [Lcom.google.common.cache.CacheBuilder$OneWeigher;                              : loaded 4 times (x 67B)
Class com.google.common.collect.Maps$EntryFunction$1                                  : loaded 4 times (x 89B)
Class com.google.common.collect.AbstractMapBasedMultimap$AsMap$AsMapIterator          : loaded 4 times (x 81B)
Class com.google.common.collect.ImmutableMultimap$1                                   : loaded 4 times (x 80B)
Class com.google.common.base.Supplier                                                 : loaded 4 times (x 68B)
Class com.google.common.collect.AbstractMapBasedMultimap$WrappedCollection$WrappedIterator: loaded 4 times (x 82B)
Class com.google.common.base.Present                                                  : loaded 4 times (x 79B)
Class com.google.common.base.Suppliers                                                : loaded 4 times (x 69B)
Class com.google.common.collect.AbstractMapBasedMultimap$RandomAccessWrappedList      : loaded 4 times (x 203B)
Class com.google.common.cache.LocalCache$ValueReference                               : loaded 4 times (x 68B)
Class [Lkotlin.reflect.KAnnotatedElement;                                             : loaded 4 times (x 67B)
Class com.google.common.collect.Maps$EntryFunction$2                                  : loaded 4 times (x 89B)
Class com.google.common.collect.ImmutableMultimap$2                                   : loaded 4 times (x 79B)
Class com.google.common.collect.ImmutableMultimap$Keys                                : loaded 4 times (x 164B)
Class com.google.common.collect.ImmutableMultisetGwtSerializationDependencies         : loaded 4 times (x 123B)
Class com.google.common.collect.AbstractIterator$State                                : loaded 4 times (x 77B)
Class kotlin.jvm.internal.markers.KMutableIterable                                    : loaded 4 times (x 68B)
Class com.google.common.collect.RegularImmutableBiMap                                 : loaded 4 times (x 147B)
Class com.google.common.primitives.IntsMethodsForWeb                                  : loaded 4 times (x 69B)
Class com.google.common.cache.CacheStats                                              : loaded 4 times (x 69B)
Class com.google.common.collect.Sets$ImprovedAbstractSet                              : loaded 4 times (x 133B)
Class com.google.common.collect.ImmutableEnumSet                                      : loaded 4 times (x 144B)
Class com.google.common.collect.AbstractSetMultimap                                   : loaded 4 times (x 172B)
Class com.google.common.cache.LocalCache$2                                            : loaded 4 times (x 140B)
Class com.google.common.collect.Sets$FilteredSet                                      : loaded 4 times (x 135B)
Class com.google.common.base.ExtraObjectsMethodsForWeb                                : loaded 4 times (x 69B)
Class com.google.common.collect.Iterators$SingletonIterator                           : loaded 4 times (x 79B)
Class com.google.common.collect.SingletonImmutableBiMap                               : loaded 4 times (x 141B)
Class com.google.common.base.Equivalence$Equals                                       : loaded 4 times (x 80B)
Class kotlin.text.CharsKt__CharJVMKt                                                  : loaded 4 times (x 69B)
Class kotlin.coroutines.jvm.internal.BaseContinuationImpl                             : loaded 4 times (x 85B)
Class kotlin.Result$Companion                                                         : loaded 4 times (x 69B)
Class com.google.common.base.AbstractIterator                                         : loaded 4 times (x 78B)
Class com.google.common.collect.AbstractMapBasedMultimap$WrappedCollection            : loaded 4 times (x 122B)
Class com.google.common.base.Ascii                                                    : loaded 4 times (x 69B)
Class com.google.common.collect.Hashing                                               : loaded 4 times (x 69B)
Class com.google.common.math.IntMath$1                                                : loaded 4 times (x 69B)
Class com.google.common.collect.Sets$2                                                : loaded 4 times (x 137B)
Class com.google.common.cache.CacheBuilder                                            : loaded 4 times (x 70B)
Class kotlin.coroutines.Continuation                                                  : loaded 4 times (x 68B)
Class com.google.common.base.CharMatcher$None                                         : loaded 4 times (x 110B)
Class kotlin.text.CharsKt__CharKt                                                     : loaded 4 times (x 69B)
Class com.google.common.cache.LocalCache$1                                            : loaded 4 times (x 87B)
Class kotlin.coroutines.EmptyCoroutineContext                                         : loaded 4 times (x 75B)
Class [Lcom.google.common.cache.CacheBuilder$NullListener;                            : loaded 4 times (x 67B)
Class com.google.common.util.concurrent.ExecutionError                                : loaded 4 times (x 80B)
Class kotlin.UNINITIALIZED_VALUE                                                      : loaded 4 times (x 69B)
Class com.google.common.cache.LocalCache$Strength$2                                   : loaded 4 times (x 79B)
Class [Lcom.google.common.collect.AbstractIterator$State;                             : loaded 4 times (x 67B)
Class com.google.common.graph.SuccessorsFunction                                      : loaded 4 times (x 68B)
Class kotlin.LazyKt                                                                   : loaded 4 times (x 69B)
Class com.google.common.base.JdkPattern                                               : loaded 4 times (x 73B)
Class kotlin.sequences.SequenceScope                                                  : loaded 4 times (x 71B)
Class com.google.common.collect.Maps$ViewCachingAbstractMap                           : loaded 4 times (x 123B)
Class kotlin.LazyKt__LazyKt                                                           : loaded 4 times (x 69B)
Class com.google.common.cache.LocalCache$EntryFactory$1                               : loaded 4 times (x 81B)
Class com.google.common.collect.Sets$SetView                                          : loaded 4 times (x 136B)
Class kotlin.text.Regex                                                               : loaded 4 times (x 70B)
Class [Lcom.google.common.cache.RemovalListener;                                      : loaded 4 times (x 67B)
Class kotlin.collections.ArrayAsCollection                                            : loaded 4 times (x 103B)
Class [Lcom.google.common.base.Function;                                              : loaded 4 times (x 67B)
Class com.google.common.collect.Maps$IteratorBasedAbstractMap                         : loaded 4 times (x 123B)
Class kotlin.sequences.SequencesKt__SequenceBuilderKt$sequence$$inlined$Sequence$1    : loaded 4 times (x 73B)
Class com.google.common.base.Predicates$CompositionPredicate                          : loaded 4 times (x 86B)
Class kotlin.Result                                                                   : loaded 4 times (x 70B)
Class com.google.common.collect.Collections2$FilteredCollection                       : loaded 4 times (x 117B)
Class com.google.common.collect.Maps$8                                                : loaded 4 times (x 80B)
Class com.google.common.collect.AbstractMapBasedMultimap$WrappedList                  : loaded 4 times (x 203B)
Class kotlin.coroutines.jvm.internal.RestrictedSuspendLambda                          : loaded 4 times (x 89B)
Class com.google.common.cache.LocalCache$EntryFactory$2                               : loaded 4 times (x 81B)
Class com.google.common.cache.LocalCache$EntryFactory$3                               : loaded 4 times (x 81B)
Class kotlin.SynchronizedLazyImpl                                                     : loaded 4 times (x 74B)
Class com.google.common.base.Ticker$1                                                 : loaded 4 times (x 70B)
Class kotlin.collections.EmptyIterator                                                : loaded 4 times (x 87B)
Class com.google.common.collect.Multimaps                                             : loaded 4 times (x 69B)
Class com.google.common.collect.CollectSpliterators                                   : loaded 4 times (x 69B)
Class com.google.common.collect.Maps$BiMapConverter                                   : loaded 4 times (x 88B)
Class com.google.common.collect.AbstractMapBasedMultimap$AsMap                        : loaded 4 times (x 126B)
Class kotlin.jvm.internal.Lambda                                                      : loaded 4 times (x 73B)
Class com.google.common.base.MoreObjects                                              : loaded 4 times (x 69B)
Class com.google.common.base.Suppliers$SupplierOfInstance                             : loaded 4 times (x 77B)
Class com.google.common.collect.Sets$3$1                                              : loaded 4 times (x 80B)
Class kotlin.Lazy                                                                     : loaded 4 times (x 68B)
Class com.google.common.cache.LocalCache$LoadingValueReference                        : loaded 4 times (x 95B)
Class com.google.common.collect.EmptyImmutableListMultimap                            : loaded 4 times (x 174B)
Class com.google.common.cache.LocalCache$ComputingValueReference                      : loaded 4 times (x 95B)
Class kotlin.Metadata                                                                 : loaded 4 times (x 68B)
Class kotlin.jvm.internal.CollectionToArray                                           : loaded 4 times (x 69B)
Class com.google.common.cache.LocalCache$EntryFactory$4                               : loaded 4 times (x 81B)
Class com.google.common.base.Splitter$1                                               : loaded 4 times (x 75B)
Class com.google.common.collect.ImmutableListMultimap                                 : loaded 4 times (x 174B)
Class kotlin.jvm.internal.DefaultConstructorMarker                                    : loaded 4 times (x 69B)
Class com.google.common.cache.LocalCache$EntryFactory$5                               : loaded 4 times (x 81B)
Class com.google.common.collect.Maps                                                  : loaded 4 times (x 69B)
Class com.google.common.collect.AbstractMapBasedMultimap$WrappedSet                   : loaded 4 times (x 140B)
Class com.google.common.collect.Maps$IteratorBasedAbstractMap$1                       : loaded 4 times (x 136B)
Class com.google.common.cache.LocalCache$Segment                                      : loaded 4 times (x 152B)
Class com.google.common.collect.AbstractMapBasedMultimap$AsMap$AsMapEntries           : loaded 4 times (x 136B)
Class com.google.common.cache.CacheLoader                                             : loaded 4 times (x 72B)
Class com.google.common.cache.LocalCache$EntryFactory$6                               : loaded 4 times (x 81B)
Class com.google.common.collect.AbstractListMultimap                                  : loaded 4 times (x 170B)
Class [Lkotlin.coroutines.intrinsics.CoroutineSingletons;                             : loaded 4 times (x 67B)
Class com.google.common.cache.CacheLoader$FunctionToCacheLoader                       : loaded 4 times (x 73B)
Class com.google.common.base.Splitter$SplittingIterator                               : loaded 4 times (x 82B)
Class com.google.common.collect.Maps$EntryFunction                                    : loaded 4 times (x 89B)
Class kotlin.text.Regex$Companion                                                     : loaded 4 times (x 69B)
Class com.google.common.collect.IndexedImmutableSet$1                                 : loaded 4 times (x 211B)
Class com.google.common.collect.SortedSetMultimap                                     : loaded 4 times (x 68B)
Class com.google.common.cache.CacheBuilder$OneWeigher                                 : loaded 4 times (x 80B)
Class kotlin._Assertions                                                              : loaded 4 times (x 69B)
Class com.google.common.base.Equivalence                                              : loaded 4 times (x 80B)
Class com.google.common.cache.LocalCache$EntryFactory$7                               : loaded 4 times (x 81B)
Class com.google.common.collect.ImmutableMultimap$Builder                             : loaded 4 times (x 81B)
Class com.google.common.collect.Maps$KeySet                                           : loaded 4 times (x 135B)
Class com.google.common.base.Predicates                                               : loaded 4 times (x 69B)
Class com.google.common.collect.ImmutableSet$JdkBackedSetBuilderImpl                  : loaded 4 times (x 74B)
Class kotlin.text.RegexKt                                                             : loaded 4 times (x 69B)
Class com.google.common.collect.ImmutableSet$EmptySetBuilderImpl                      : loaded 4 times (x 74B)
Class com.google.common.cache.LocalCache$LocalManualCache$1                           : loaded 4 times (x 73B)
Class com.google.common.math.IntMath                                                  : loaded 4 times (x 69B)
Class com.google.common.cache.LocalCache$EntryFactory$8                               : loaded 4 times (x 81B)
Class com.google.common.collect.Sets$1                                                : loaded 4 times (x 137B)
Class com.google.common.collect.AbstractMapBasedMultimap$KeySet                       : loaded 4 times (x 135B)
Class kotlin.coroutines.jvm.internal.SuspendFunction                                  : loaded 4 times (x 68B)
Class [Lkotlin.reflect.KCallable;                                                     : loaded 4 times (x 67B)
Class com.google.common.collect.Streams                                               : loaded 4 times (x 69B)
Class com.google.common.collect.Maps$EntrySet                                         : loaded 4 times (x 134B)
Class kotlin.coroutines.intrinsics.IntrinsicsKt__IntrinsicsKt                         : loaded 4 times (x 69B)
Class com.google.common.collect.ImmutableMultimap$EntryCollection                     : loaded 4 times (x 126B)
Class com.google.common.base.CommonPattern                                            : loaded 4 times (x 72B)
Class com.google.common.cache.LocalCache$LocalManualCache                             : loaded 4 times (x 97B)
Class com.google.common.collect.ImmutableMultimap$Values                              : loaded 4 times (x 124B)
Class com.google.common.collect.Iterators$6                                           : loaded 4 times (x 79B)
Class com.google.common.cache.CacheBuilder$NullListener                               : loaded 4 times (x 80B)
Class com.google.common.cache.CacheLoader$1                                           : loaded 4 times (x 73B)
Class com.google.common.collect.ListMultimap                                          : loaded 4 times (x 68B)
Class com.google.common.collect.CollectSpliterators$1WithCharacteristics              : loaded 4 times (x 88B)
Class kotlin.coroutines.intrinsics.IntrinsicsKt__IntrinsicsJvmKt                      : loaded 4 times (x 69B)
Class com.google.common.collect.ImmutableEnumMap                                      : loaded 4 times (x 124B)
Class kotlin.coroutines.jvm.internal.CoroutineStackFrame                              : loaded 4 times (x 68B)
Class [Lcom.google.common.cache.LocalCache$EntryFactory;                              : loaded 4 times (x 67B)
Class com.google.common.cache.AbstractCache$StatsCounter                              : loaded 4 times (x 68B)
Class com.google.common.collect.MapDifference                                         : loaded 4 times (x 68B)
Class com.google.common.cache.ReferenceEntry                                          : loaded 4 times (x 68B)
Class com.google.common.base.Equivalence$Identity                                     : loaded 4 times (x 80B)
Class com.google.common.base.PairwiseEquivalence                                      : loaded 4 times (x 81B)
Class com.google.common.collect.Maps$EntryTransformer                                 : loaded 4 times (x 68B)
Class kotlin.jvm.internal.markers.KMutableList                                        : loaded 4 times (x 68B)
Class com.google.common.collect.TransformedIterator                                   : loaded 4 times (x 78B)
Class kotlin.coroutines.CoroutineContext                                              : loaded 4 times (x 68B)
Class kotlin.coroutines.jvm.internal.DebugProbesKt                                    : loaded 4 times (x 69B)
Class kotlin.LazyKt__LazyJVMKt                                                        : loaded 4 times (x 69B)
Class kotlin.collections.IndexedValue                                                 : loaded 4 times (x 70B)
Class com.google.common.collect.ImmutableMultiset                                     : loaded 4 times (x 161B)
Class kotlin.coroutines.jvm.internal.RestrictedContinuationImpl                       : loaded 4 times (x 85B)
Class com.google.common.cache.CacheLoader$SupplierToCacheLoader                       : loaded 4 times (x 73B)
Class [Lcom.google.common.collect.Maps$EntryFunction;                                 : loaded 4 times (x 67B)
Class com.google.common.base.Splitter$Strategy                                        : loaded 4 times (x 68B)
Class com.google.common.collect.ForwardingCollection                                  : loaded 4 times (x 128B)
Class com.google.common.base.FunctionalEquivalence                                    : loaded 4 times (x 81B)
Class com.google.common.collect.AbstractMapBasedMultimap                              : loaded 4 times (x 137B)
Class com.google.common.base.Converter                                                : loaded 4 times (x 88B)
Class com.google.common.base.Splitter                                                 : loaded 4 times (x 70B)
Class com.google.common.cache.LocalCache$Strength$3                                   : loaded 4 times (x 79B)
Class com.google.common.base.Splitter$1$1                                             : loaded 4 times (x 84B)
Class kotlin.reflect.jvm.internal.impl.name.SpecialNames                              : loaded 3 times (x 69B)
Class org.jetbrains.kotlin.build.report.metrics.GradleBuildTime$Companion             : loaded 3 times (x 69B)
Class com.google.common.base.Functions$ConstantFunction                               : loaded 3 times (x 82B)
Class com.google.common.base.CaseFormat$StringConverter                               : loaded 3 times (x 88B)
Class com.google.common.collect.ImmutableSetMultimap$EntrySet                         : loaded 3 times (x 144B)
Class com.google.common.collect.LinkedHashMultimap$ValueSetLink                       : loaded 3 times (x 68B)
Class com.google.common.collect.Maps$AsMapView                                        : loaded 3 times (x 125B)
Class com.google.common.collect.ImmutableRangeSet                                     : loaded 3 times (x 113B)
Class kotlin.io.FilesKt__FileReadWriteKt                                              : loaded 3 times (x 69B)
Class com.google.common.collect.Lists$RandomAccessReverseList                         : loaded 3 times (x 198B)
Class kotlin.io.FilesKt__UtilsKt                                                      : loaded 3 times (x 69B)
Class com.google.common.collect.LinkedListMultimap$DistinctKeyIterator                : loaded 3 times (x 80B)
Class kotlin.reflect.jvm.internal.impl.name.FqNameUnsafe$1                            : loaded 3 times (x 72B)
Class com.google.common.collect.StandardTable                                         : loaded 3 times (x 122B)
Class com.google.common.collect.Multimaps$CustomListMultimap                          : loaded 3 times (x 172B)
Class com.google.common.collect.LinkedListMultimap                                    : loaded 3 times (x 159B)
Class kotlin.reflect.jvm.internal.KDeclarationContainerImpl                           : loaded 3 times (x 82B)
Class com.google.common.collect.Iterators$EmptyModifiableIterator                     : loaded 3 times (x 84B)
Class com.google.common.collect.AbstractIterator$1                                    : loaded 3 times (x 69B)
Class kotlin.jvm.internal.MutablePropertyReference1Impl                               : loaded 3 times (x 135B)
Class com.google.common.collect.Lists$ReverseList                                     : loaded 3 times (x 198B)
Class kotlin.reflect.jvm.internal.impl.builtins.PrimitiveType                         : loaded 3 times (x 77B)
Class com.google.common.collect.ImmutableMap$SerializedForm                           : loaded 3 times (x 71B)
Class kotlin.reflect.jvm.internal.KCallableImpl                                       : loaded 3 times (x 103B)
Class kotlin.reflect.KProperty$Accessor                                               : loaded 3 times (x 68B)
Class com.google.common.collect.LinkedHashMultimap$ValueEntry                         : loaded 3 times (x 87B)
Class kotlin.collections.AbstractList$IteratorImpl                                    : loaded 3 times (x 80B)
Class kotlin.jvm.internal.markers.KMutableMap                                         : loaded 3 times (x 68B)
Class com.google.common.collect.ImmutableSet$SerializedForm                           : loaded 3 times (x 71B)
Class com.google.common.collect.MultimapBuilder$ArrayListSupplier                     : loaded 3 times (x 75B)
Class kotlin.reflect.jvm.internal.impl.descriptors.runtime.structure.ReflectClassUtilKt: loaded 3 times (x 69B)
Class org.jetbrains.kotlin.build.report.metrics.BuildTime                             : loaded 3 times (x 68B)
Class kotlin.jvm.internal.markers.KMutableListIterator                                : loaded 3 times (x 68B)
Class [Ldagger.hilt.processor.internal.optionvalues.GradleProjectType;                : loaded 3 times (x 67B)
Class kotlin.reflect.jvm.internal.KDeclarationContainerImpl$Companion                 : loaded 3 times (x 69B)
Class kotlin.reflect.jvm.internal.ReflectProperties                                   : loaded 3 times (x 69B)
Class kotlin.SafePublicationLazyImpl                                                  : loaded 3 times (x 74B)
Class com.google.common.collect.Maps$3                                                : loaded 3 times (x 80B)
Class kotlin.reflect.jvm.internal.KProperty1Impl                                      : loaded 3 times (x 126B)
Class kotlin.jvm.internal.PropertyReference0                                          : loaded 3 times (x 125B)
Class kotlin.io.FileSystemException                                                   : loaded 3 times (x 80B)
Class kotlin.reflect.KProperty$Getter                                                 : loaded 3 times (x 68B)
Class org.jetbrains.kotlin.tooling.core.HasExtras                                     : loaded 3 times (x 68B)
Class com.google.common.collect.AbstractMapBasedMultiset                              : loaded 3 times (x 161B)
Class com.google.common.collect.HashBasedTable$Factory                                : loaded 3 times (x 77B)
Class com.google.common.collect.MultimapBuilder                                       : loaded 3 times (x 71B)
Class kotlin.reflect.full.IllegalCallableAccessException                              : loaded 3 times (x 80B)
Class kotlin.jvm.internal.PropertyReference1                                          : loaded 3 times (x 125B)
Class kotlin.LazyKt__LazyJVMKt$WhenMappings                                           : loaded 3 times (x 69B)
Class kotlin.jvm.internal.PropertyReference2                                          : loaded 3 times (x 125B)
Class com.google.common.collect.Count                                                 : loaded 3 times (x 69B)
Class com.google.common.collect.Maps$FilteredEntryMap                                 : loaded 3 times (x 126B)
Class kotlin.jvm.internal.MutablePropertyReference                                    : loaded 3 times (x 117B)
Class [Lcom.google.common.base.CaseFormat;                                            : loaded 3 times (x 67B)
Class [Lkotlin.reflect.jvm.internal.impl.builtins.jvm.JavaToKotlinClassMap$PlatformMutabilityMapping;: loaded 3 times (x 67B)
Class kotlin.LazyThreadSafetyMode                                                     : loaded 3 times (x 77B)
Class kotlin.reflect.full.IllegalPropertyDelegateAccessException                      : loaded 3 times (x 80B)
Class [Lkotlin.reflect.KDeclarationContainer;                                         : loaded 3 times (x 67B)
Class com.google.common.collect.Sets$1$1                                              : loaded 3 times (x 80B)
Class com.google.common.collect.Multimaps$Entries                                     : loaded 3 times (x 116B)
Class kotlin.jvm.internal.SpreadBuilder                                               : loaded 3 times (x 74B)
Class com.google.common.collect.Maps$9                                                : loaded 3 times (x 74B)
Class [Lcom.google.common.collect.Iterators$EmptyModifiableIterator;                  : loaded 3 times (x 67B)
Class com.google.common.collect.Lists$ReverseList$1                                   : loaded 3 times (x 97B)
Class com.google.common.collect.ImmutableRangeSet$Builder                             : loaded 3 times (x 75B)
Class [Lkotlin.reflect.jvm.internal.impl.name.FqName;                                 : loaded 3 times (x 67B)
Class kotlin.reflect.jvm.internal.KPackageImpl                                        : loaded 3 times (x 83B)
Class com.google.common.collect.LinkedHashMultimapGwtSerializationDependencies        : loaded 3 times (x 172B)
Class com.google.common.base.Equivalence$Wrapper                                      : loaded 3 times (x 70B)
Class org.jetbrains.kotlin.tooling.core.Extras                                        : loaded 3 times (x 68B)
Class com.google.common.collect.LinkedHashMultimap$ValueSet$1                         : loaded 3 times (x 80B)
Class com.google.common.collect.LinkedListMultimap$Node                               : loaded 3 times (x 80B)
Class org.gradle.api.UncheckedIOException                                             : loaded 3 times (x 80B)
Class Program                                                                         : loaded 3 times (x 72B)
Class com.google.common.collect.RegularImmutableBiMap$Inverse                         : loaded 3 times (x 141B)
Class com.google.common.base.CaseFormat$1                                             : loaded 3 times (x 81B)
Class kotlin.jvm.internal.ReflectionFactory                                           : loaded 3 times (x 89B)
Class com.google.common.collect.Maps$FilteredEntryMap$EntrySet                        : loaded 3 times (x 150B)
Class [Lkotlin.reflect.jvm.internal.impl.resolve.jvm.JvmPrimitiveType;                : loaded 3 times (x 67B)
Class kotlin.reflect.jvm.internal.impl.builtins.jvm.JavaToKotlinClassMap$PlatformMutabilityMapping: loaded 3 times (x 70B)
Class kotlin.jvm.internal.ClassBasedDeclarationContainer                              : loaded 3 times (x 68B)
Class kotlin.comparisons.ComparisonsKt__ComparisonsKt                                 : loaded 3 times (x 69B)
Class kotlin.comparisons.ComparisonsKt                                                : loaded 3 times (x 69B)
Class kotlin.comparisons.ComparisonsKt___ComparisonsKt                                : loaded 3 times (x 69B)
Class kotlin.reflect.jvm.internal.impl.resolve.jvm.JvmPrimitiveType                   : loaded 3 times (x 77B)
Class kotlin.sequences.FilteringSequence                                              : loaded 3 times (x 73B)
Class [Lorg.jetbrains.kotlin.build.report.metrics.GradleBuildTime;                    : loaded 3 times (x 67B)
Class kotlin.reflect.KType                                                            : loaded 3 times (x 68B)
Class kotlin.jvm.internal.Reflection                                                  : loaded 3 times (x 69B)
Class kotlin.reflect.KProperty                                                        : loaded 3 times (x 68B)
Class kotlin.jvm.JvmClassMappingKt                                                    : loaded 3 times (x 69B)
Class kotlin.reflect.jvm.internal.KPropertyImpl                                       : loaded 3 times (x 113B)
Class kotlin.annotation.AnnotationTarget                                              : loaded 3 times (x 77B)
Class kotlin.reflect.jvm.internal.ReflectProperties$Val$1                             : loaded 3 times (x 69B)
Class com.google.common.collect.AbstractMapBasedMultimap$2                            : loaded 3 times (x 83B)
Class [Lkotlin.reflect.KClass;                                                        : loaded 3 times (x 67B)
Class com.google.common.collect.Maps$FilteredEntryMap$EntrySet$1                      : loaded 3 times (x 80B)
Class kotlin.reflect.jvm.internal.impl.name.FqName                                    : loaded 3 times (x 70B)
Class kotlin.reflect.jvm.internal.ReflectProperties$LazySoftVal                       : loaded 3 times (x 76B)
Class kotlin.reflect.jvm.internal.impl.builtins.StandardNames                         : loaded 3 times (x 69B)
Class [Lkotlin.reflect.jvm.internal.impl.builtins.PrimitiveType;                      : loaded 3 times (x 67B)
Class com.google.common.collect.MultimapBuilder$SortedSetMultimapBuilder              : loaded 3 times (x 75B)
Class com.google.common.collect.LinkedHashMultimap                                    : loaded 3 times (x 173B)
Class com.google.common.collect.Maps$TransformedEntriesMap                            : loaded 3 times (x 125B)
Class com.google.common.collect.ForwardingSet                                         : loaded 3 times (x 149B)
Class com.google.common.base.Verify                                                   : loaded 3 times (x 69B)
Class [Lkotlin.DeprecationLevel;                                                      : loaded 3 times (x 67B)
Class kotlin.reflect.jvm.internal.KClassImpl                                          : loaded 3 times (x 113B)
Class org.jetbrains.kotlin.build.report.metrics.BuildMetricsReporter                  : loaded 3 times (x 68B)
Class com.google.common.collect.ImmutableList$SerializedForm                          : loaded 3 times (x 71B)
Class org.gradle.api.Action                                                           : loaded 3 times (x 68B)
Class com.google.common.collect.AbstractMultimap$Entries                              : loaded 3 times (x 118B)
Class org.gradle.internal.Cast                                                        : loaded 3 times (x 69B)
Class com.google.common.collect.MultimapBuilder$SetMultimapBuilder                    : loaded 3 times (x 73B)
Class kotlin.jvm.internal.PropertyReference                                           : loaded 3 times (x 113B)
Class kotlin.jvm.internal.markers.KMutableIterator                                    : loaded 3 times (x 68B)
Class com.google.common.base.Functions                                                : loaded 3 times (x 69B)
Class kotlin.io.FileAlreadyExistsException                                            : loaded 3 times (x 80B)
Class kotlin.reflect.KMutableProperty                                                 : loaded 3 times (x 68B)
Class kotlin.reflect.jvm.internal.KClassifierImpl                                     : loaded 3 times (x 68B)
Class kotlin.reflect.jvm.internal.KDeclarationContainerImpl$Data                      : loaded 3 times (x 70B)
Class com.google.common.base.CaseFormat$2                                             : loaded 3 times (x 81B)
Class [Lcom.google.common.collect.LinkedHashMultimap$ValueSetLink;                    : loaded 3 times (x 67B)
Class com.google.common.collect.AbstractRangeSet                                      : loaded 3 times (x 112B)
Class kotlin.reflect.jvm.internal.impl.builtins.PrimitiveType$Companion               : loaded 3 times (x 69B)
Class kotlin.jvm.functions.Function20                                                 : loaded 3 times (x 68B)
Class kotlin.reflect.jvm.internal.KClassImpl$Data                                     : loaded 3 times (x 70B)
Class org.gradle.api.GradleException                                                  : loaded 3 times (x 80B)
Class dagger.hilt.processor.internal.optionvalues.GradleProjectType                   : loaded 3 times (x 77B)
Class kotlin.reflect.jvm.internal.KotlinReflectionInternalError                       : loaded 3 times (x 80B)
Class kotlin.reflect.jvm.internal.impl.builtins.jvm.JavaToKotlinClassMap              : loaded 3 times (x 69B)
Class com.google.common.collect.HashBasedTable                                        : loaded 3 times (x 122B)
Class com.google.common.collect.ImmutableSetMultimap$Builder                          : loaded 3 times (x 81B)
Class kotlin.jvm.functions.Function5                                                  : loaded 3 times (x 68B)
Class kotlin.collections.builders.ListBuilder$Itr                                     : loaded 3 times (x 92B)
Class kotlin.jvm.functions.Function6                                                  : loaded 3 times (x 68B)
Class kotlin.reflect.jvm.internal.KTypeParameterOwnerImpl                             : loaded 3 times (x 68B)
Class kotlin.io.FilesKt                                                               : loaded 3 times (x 69B)
Class com.google.common.collect.Maps$AsMapView$1EntrySetImpl                          : loaded 3 times (x 136B)
Class kotlin.jvm.functions.Function7                                                  : loaded 3 times (x 68B)
Class kotlin.reflect.jvm.internal.impl.name.Name                                      : loaded 3 times (x 73B)
Class kotlin.reflect.jvm.internal.KPropertyImpl$Companion                             : loaded 3 times (x 69B)
Class kotlin.collections.builders.MapBuilder$Companion                                : loaded 3 times (x 69B)
Class com.google.common.collect.Maps$12                                               : loaded 3 times (x 80B)
Class [Lkotlin.annotation.AnnotationRetention;                                        : loaded 3 times (x 67B)
Class kotlin.jvm.functions.Function8                                                  : loaded 3 times (x 68B)
Class kotlin.reflect.jvm.internal.impl.name.FqNameUnsafe                              : loaded 3 times (x 70B)
Class org.jetbrains.kotlin.tooling.core.HasMutableExtras                              : loaded 3 times (x 68B)
Class kotlin.reflect.jvm.internal.impl.builtins.StandardNames$FqNames                 : loaded 3 times (x 69B)
Class org.gradle.internal.IoActions                                                   : loaded 3 times (x 69B)
Class com.google.common.collect.MultimapBuilder$MultimapBuilderWithKeys$1             : loaded 3 times (x 74B)
Class com.google.common.base.VerifyException                                          : loaded 3 times (x 80B)
Class com.google.common.collect.AbstractMapBasedMultimap$Itr                          : loaded 3 times (x 81B)
Class kotlin.collections.builders.ListBuilderKt                                       : loaded 3 times (x 69B)
Class com.google.common.collect.Maps$13                                               : loaded 3 times (x 83B)
Class com.google.common.collect.ImmutableMapKeySet                                    : loaded 3 times (x 150B)
Class kotlin.annotation.MustBeDocumented                                              : loaded 3 times (x 68B)
Class kotlin.jvm.internal.MutablePropertyReference2                                   : loaded 3 times (x 135B)
Class kotlin.reflect.jvm.internal.ReflectionFactoryImpl                               : loaded 3 times (x 89B)
Class kotlin.reflect.jvm.internal.ReflectProperties$Val                               : loaded 3 times (x 72B)
Class kotlin.jvm.functions.Function10                                                 : loaded 3 times (x 68B)
Class kotlin.DeprecationLevel                                                         : loaded 3 times (x 77B)
Class kotlin.jvm.functions.Function9                                                  : loaded 3 times (x 68B)
Class [Lcom.google.common.collect.LinkedHashMultimap$ValueEntry;                      : loaded 3 times (x 67B)
Class com.google.common.collect.ImmutableBiMap$Builder                                : loaded 3 times (x 80B)
Class com.google.common.collect.HashMultimapGwtSerializationDependencies              : loaded 3 times (x 172B)
Class [Lkotlin.LazyThreadSafetyMode;                                                  : loaded 3 times (x 67B)
Class org.jetbrains.kotlin.tooling.core.KotlinToolingVersion                          : loaded 3 times (x 73B)
Class [Lorg.jetbrains.kotlin.build.report.metrics.BuildTime;                          : loaded 3 times (x 67B)
Class com.google.common.base.CaseFormat$3                                             : loaded 3 times (x 81B)
Class kotlin.reflect.jvm.internal.KMutableProperty1Impl                               : loaded 3 times (x 133B)
Class [Lkotlin.reflect.KClassifier;                                                   : loaded 3 times (x 67B)
Class kotlin.jvm.functions.Function21                                                 : loaded 3 times (x 68B)
Class kotlin.reflect.jvm.internal.impl.name.ClassId                                   : loaded 3 times (x 70B)
Class kotlin.reflect.jvm.internal.EmptyContainerForLocal                              : loaded 3 times (x 82B)
Class com.google.common.collect.ImmutableRangeSet$ComplementRanges                    : loaded 3 times (x 205B)
Class com.google.common.collect.MultimapBuilder$MultimapBuilderWithKeys$2             : loaded 3 times (x 74B)
Class com.google.common.collect.Range                                                 : loaded 3 times (x 85B)
Class com.google.common.collect.ImmutableListMultimap$Builder                         : loaded 3 times (x 81B)
Class kotlin.collections.builders.MapBuilder                                          : loaded 3 times (x 110B)
Class com.google.common.base.CaseFormat                                               : loaded 3 times (x 81B)
Class com.google.common.collect.ImmutableRangeSet$1                                   : loaded 3 times (x 208B)
Class kotlin.io.FilesKt__FilePathComponentsKt                                         : loaded 3 times (x 69B)
Class kotlin.io.TerminateException                                                    : loaded 3 times (x 80B)
Class kotlin.jvm.functions.Function11                                                 : loaded 3 times (x 68B)
Class com.google.common.collect.MultimapBuilder$MultimapBuilderWithKeys$3             : loaded 3 times (x 74B)
Class kotlin.reflect.jvm.internal.impl.utils.CollectionsKt                            : loaded 3 times (x 69B)
Class kotlin.streams.jdk8.StreamsKt                                                   : loaded 3 times (x 69B)
Class com.google.common.collect.SortedIterables                                       : loaded 3 times (x 69B)
Class kotlin.jvm.functions.Function12                                                 : loaded 3 times (x 68B)
Class kotlin.reflect.KProperty2                                                       : loaded 3 times (x 68B)
Class com.google.common.collect.MultimapBuilder$MultimapBuilderWithKeys$4             : loaded 3 times (x 74B)
Class kotlin.jvm.functions.Function13                                                 : loaded 3 times (x 68B)
Class com.google.common.collect.MultimapBuilder$MultimapBuilderWithKeys$5             : loaded 3 times (x 76B)
Class kotlin.jvm.functions.Function14                                                 : loaded 3 times (x 68B)
Class kotlin.jvm.internal.MutablePropertyReference1                                   : loaded 3 times (x 135B)
Class kotlin.jvm.internal.PropertyReference1Impl                                      : loaded 3 times (x 125B)
Class kotlin.SafePublicationLazyImpl$Companion                                        : loaded 3 times (x 69B)
Class com.google.common.collect.LinkedListMultimap$1KeySetImpl                        : loaded 3 times (x 134B)
Class kotlin.reflect.KProperty1                                                       : loaded 3 times (x 68B)
Class kotlin.reflect.KClass                                                           : loaded 3 times (x 68B)
Class com.google.common.collect.MultimapBuilder$MultimapBuilderWithKeys$6             : loaded 3 times (x 74B)
Class com.google.common.collect.FluentIterable$3$1                                    : loaded 3 times (x 96B)
Class kotlin.jvm.functions.Function15                                                 : loaded 3 times (x 68B)
Class com.google.common.collect.Iterators$ConcatenatedIterator                        : loaded 3 times (x 80B)
Class com.google.common.collect.HashMultiset                                          : loaded 3 times (x 161B)
Class org.jetbrains.kotlin.build.report.metrics.GradleBuildTime                       : loaded 3 times (x 84B)
Class org.jetbrains.kotlin.utils.CollectionsKt                                        : loaded 3 times (x 69B)
Class com.google.common.collect.AbstractMultiset$EntrySet                             : loaded 3 times (x 136B)
Class kotlin.jvm.functions.Function16                                                 : loaded 3 times (x 68B)
Class com.google.common.collect.Table                                                 : loaded 3 times (x 68B)
Class kotlin.reflect.KProperty0                                                       : loaded 3 times (x 68B)
Class kotlin.jvm.functions.Function17                                                 : loaded 3 times (x 68B)
Class com.google.common.collect.RangeGwtSerializationDependencies                     : loaded 3 times (x 69B)
Class kotlin.comparisons.ComparisonsKt___ComparisonsJvmKt                             : loaded 3 times (x 69B)
Class kotlin.jvm.functions.Function18                                                 : loaded 3 times (x 68B)
Class kotlin.reflect.jvm.internal.impl.name.FqNamesUtilKt                             : loaded 3 times (x 69B)
Class com.google.common.collect.RangeSet                                              : loaded 3 times (x 68B)
Class com.google.common.collect.EmptyImmutableSetMultimap                             : loaded 3 times (x 178B)
Class com.google.common.base.CaseFormat$4                                             : loaded 3 times (x 81B)
Class kotlin.reflect.KMutableProperty$Setter                                          : loaded 3 times (x 68B)
Class kotlin.jvm.functions.Function19                                                 : loaded 3 times (x 68B)
Class com.google.common.collect.MultimapBuilder$1                                     : loaded 3 times (x 81B)
Class com.google.common.collect.ImmutableMapEntry$NonTerminalImmutableBiMapEntry      : loaded 3 times (x 83B)
Class kotlin.annotation.AnnotationRetention                                           : loaded 3 times (x 77B)
Class kotlin.jvm.functions.Function22                                                 : loaded 3 times (x 68B)
Class kotlin.collections.MapWithDefault                                               : loaded 3 times (x 68B)
Class kotlin.collections.builders.ListBuilder                                         : loaded 3 times (x 205B)
Class kotlin.collections.builders.ListBuilder$Companion                               : loaded 3 times (x 69B)
Class com.google.common.collect.ImmutableRangeSet$AsSet                               : loaded 3 times (x 298B)
Class kotlin.sequences.FilteringSequence$iterator$1                                   : loaded 3 times (x 77B)
Class kotlin.io.FilesKt__FileTreeWalkKt                                               : loaded 3 times (x 69B)
Class kotlin.jvm.internal.MutablePropertyReference0                                   : loaded 3 times (x 135B)
Class kotlin.reflect.jvm.internal.impl.builtins.CompanionObjectMapping                : loaded 3 times (x 69B)
Class com.google.common.collect.MultimapBuilder$2                                     : loaded 3 times (x 81B)
Class [Lkotlin.annotation.AnnotationTarget;                                           : loaded 3 times (x 67B)
Class com.google.common.collect.MultimapBuilder$MultimapBuilderWithKeys               : loaded 3 times (x 80B)
Class com.google.common.collect.MultimapBuilder$3                                     : loaded 3 times (x 82B)
Class com.google.common.collect.HashMultimap                                          : loaded 3 times (x 172B)
Class com.google.common.collect.LinkedHashMultimap$ValueSet                           : loaded 3 times (x 140B)
Class [Lkotlin.reflect.KProperty;                                                     : loaded 3 times (x 67B)
Class com.google.common.collect.MultimapBuilder$4                                     : loaded 3 times (x 82B)
Class com.google.common.collect.Multisets$EntrySet                                    : loaded 3 times (x 134B)
Class kotlin.reflect.KMutableProperty0                                                : loaded 3 times (x 68B)
Class kotlin.reflect.KClassifier                                                      : loaded 3 times (x 68B)
Class kotlin.reflect.KMutableProperty1                                                : loaded 3 times (x 68B)
Class kotlin.reflect.KMutableProperty2                                                : loaded 3 times (x 68B)
Class kotlin.reflect.KTypeParameter                                                   : loaded 3 times (x 68B)
Class kotlin.io.NoSuchFileException                                                   : loaded 3 times (x 80B)
Class com.google.common.base.CaseFormat$5                                             : loaded 3 times (x 81B)
Class com.google.common.collect.AbstractTable                                         : loaded 3 times (x 118B)
Class kotlin.reflect.jvm.internal.RuntimeTypeMapper                                   : loaded 3 times (x 69B)
Class com.google.common.collect.Maps$FilteredKeyMap                                   : loaded 3 times (x 126B)
Class com.google.common.collect.AbstractMultiset                                      : loaded 3 times (x 157B)
Class com.google.common.collect.Sets$2$1                                              : loaded 3 times (x 80B)
Class com.google.common.collect.MultimapBuilder$ListMultimapBuilder                   : loaded 3 times (x 73B)
Class dagger.spi.internal.shaded.androidx.room.compiler.codegen.XAnnotationSpec       : loaded 2 times (x 68B)
Class dagger.internal.codegen.writing.MembersInjectionRequestRepresentation$Factory   : loaded 2 times (x 68B)
Class dagger.spi.internal.shaded.androidx.room.compiler.codegen.XFunSpec$Companion    : loaded 2 times (x 69B)
Class dagger.spi.internal.shaded.androidx.room.compiler.codegen.kotlin.KotlinTypeSpec$Builder: loaded 2 times (x 88B)
Class com.google.common.graph.StandardNetwork                                         : loaded 2 times (x 138B)
Class dagger.spi.internal.shaded.androidx.room.compiler.codegen.impl.XTypeSpecImpl$Builder: loaded 2 times (x 88B)
Class dagger.internal.codegen.writing.ComponentProvisionRequestRepresentation         : loaded 2 times (x 72B)
Class dagger.spi.internal.shaded.androidx.room.compiler.processing.DeclarationCollectorKt: loaded 2 times (x 69B)
Class dagger.internal.codegen.binding.SubcomponentDeclaration$Factory                 : loaded 2 times (x 71B)
Class dagger.internal.codegen.validation.BindingMethodValidatorsModule                : loaded 2 times (x 68B)
Class dagger.internal.codegen.bindinggraphvalidation.BindingGraphValidationModule_ProvidePluginsFactory: loaded 2 times (x 80B)
Class dagger.internal.codegen.bindinggraphvalidation.IncompatiblyScopedBindingsValidator_Factory: loaded 2 times (x 80B)
Class kotlin.metadata.internal.metadata.ProtoBuf$Effect$InvocationKind                : loaded 2 times (x 80B)
Class dagger.hilt.processor.internal.aggregateddeps.AutoValue_AggregatedDepsMetadata  : loaded 2 times (x 77B)
Class com.google.common.collect.LinkedListMultimap$1                                  : loaded 2 times (x 197B)
Class org.gradle.tooling.model.Dependency                                             : loaded 2 times (x 68B)
Class dagger.internal.Provider                                                        : loaded 2 times (x 68B)
Class kotlin.metadata.internal.metadata.ProtoBuf$VersionRequirementTable              : loaded 2 times (x 105B)
Class org.gradle.api.JavaVersion                                                      : loaded 2 times (x 77B)
Class kotlin.reflect.jvm.internal.KClassImpl$Data$descriptor$2                        : loaded 2 times (x 77B)
Class org.jetbrains.plugins.gradle.tooling.serialization.GradleExtensionsSerializationService: loaded 2 times (x 75B)
Class com.amazon.ion.impl.bin.PooledBlockAllocatorProvider$PooledBlockAllocator       : loaded 2 times (x 79B)
Class com.amazon.ion.IonTimestamp                                                     : loaded 2 times (x 68B)
Class com.google.common.util.concurrent.SettableFuture                                : loaded 2 times (x 112B)
Class org.objectweb.asm.Handle                                                        : loaded 2 times (x 70B)
Class com.google.common.io.ByteStreams                                                : loaded 2 times (x 69B)
Class org.jetbrains.kotlin.statistics.fileloggers.MetricsContainer$MetricDescriptor   : loaded 2 times (x 73B)
Class com.android.builder.model.v2.ide.AbstractArtifact                               : loaded 2 times (x 68B)
Class org.jetbrains.kotlin.gradle.tasks.KotlinJavaToolchain$JdkSetter                 : loaded 2 times (x 68B)
Class org.jetbrains.kotlin.gradle.utils.ConfigurationCacheKt                          : loaded 2 times (x 69B)
Class org.jetbrains.kotlin.gradle.plugin.KotlinPluginLifecycle$ProjectConfigurationResult$Success: loaded 2 times (x 69B)
Class org.jetbrains.kotlin.gradle.internal.StdlibDependencyManagementKt$configureStdlibVersionAlignment$1: loaded 2 times (x 73B)
Class org.jetbrains.kotlin.gradle.plugin.diagnostics.checkers.OverriddenKotlinNativeHomeChecker$allKonanMainSubdirectoriesExist$1$1: loaded 2 times (x 73B)
Class org.jetbrains.kotlin.gradle.dsl.PlatformSourceSetConventionsChecker$CheckedPlatformInfo: loaded 2 times (x 70B)
Class org.jetbrains.kotlin.gradle.plugin.diagnostics.checkers.WasmJsEnvironmentChecker$4: loaded 2 times (x 76B)
Class org.jetbrains.kotlin.gradle.plugin.mpp.KotlinUsages$KotlinCinteropDisambiguation: loaded 2 times (x 74B)
Class org.jetbrains.kotlin.gradle.plugin.KotlinPluginInMultipleProjectsHolder         : loaded 2 times (x 70B)
Class org.jetbrains.kotlin.gradle.report.BuildReportType$Companion                    : loaded 2 times (x 69B)
Class org.gradle.accessors.dm.LibrariesForLibs$HiltNavigationLibraryAccessors         : loaded 2 times (x 75B)
Class org.gradle.accessors.dm.LibrariesForLibs$AndroidxComposeLibraryAccessors        : loaded 2 times (x 78B)
Class com.amazon.ion.IonDatagram                                                      : loaded 2 times (x 68B)
Class com.amazon.ion.impl._Private_RecyclingStack$ElementFactory                      : loaded 2 times (x 68B)
Class com.amazon.ion.impl.bin.IonManagedBinaryWriter$ImportedSymbolResolverMode$1$1   : loaded 2 times (x 76B)
Class com.amazon.ion.impl._Private_ByteTransferSink                                   : loaded 2 times (x 68B)
Class com.intellij.openapi.externalSystem.model.project.dependencies.ResolutionState  : loaded 2 times (x 77B)
Class com.google.common.collect.ComparisonChain$1                                     : loaded 2 times (x 79B)
Class dagger.internal.codegen.validation.ComponentCreatorValidator$1                  : loaded 2 times (x 69B)
Class dagger.internal.codegen.writing.UnscopedFrameworkInstanceCreationExpressionFactory: loaded 2 times (x 70B)
Class dagger.internal.codegen.writing.MemberSelect$LocalField                         : loaded 2 times (x 73B)
Class dagger.spi.internal.shaded.androidx.room.compiler.codegen.XCodeBlock$Builder    : loaded 2 times (x 68B)
Class dagger.internal.codegen.bindinggraphvalidation.DuplicateBindingsValidator$BindingWithoutComponent: loaded 2 times (x 73B)
Class org.jetbrains.kotlin.gradle.internal.properties.PropertiesBuildService$Inject   : loaded 2 times (x 94B)
Class dagger.internal.codegen.binding.BindingRequest                                  : loaded 2 times (x 72B)
Class dagger.internal.codegen.binding.ComponentDependencyProvisionBinding             : loaded 2 times (x 88B)
Class dagger.internal.codegen.binding.$AutoValue_ProvisionBinding$Builder             : loaded 2 times (x 95B)
Class dagger.spi.model.DiagnosticReporter                                             : loaded 2 times (x 73B)
Class dagger.internal.codegen.processingstep.BindsInstanceProcessingStep              : loaded 2 times (x 84B)
Class dagger.internal.codegen.validation.BindingElementValidator$AllowsMultibindings  : loaded 2 times (x 77B)
Class dagger.internal.codegen.validation.InjectBindingRegistryImpl_Factory            : loaded 2 times (x 80B)
Class dagger.spi.internal.shaded.androidx.room.compiler.processing.XTypeParameterElement: loaded 2 times (x 68B)
Class kotlin.metadata.internal.FlagDelegatesImplKt$constructorBooleanFlag$1           : loaded 2 times (x 135B)
Class [Lorg.jetbrains.kotlin.statistics.metrics.StringMetrics;                        : loaded 2 times (x 67B)
Class org.jetbrains.kotlin.gradle.plugin.BuildEventsListenerRegistryHolder$Companion  : loaded 2 times (x 69B)
Class com.google.common.reflect.Invokable                                             : loaded 2 times (x 101B)
Class org.jetbrains.kotlin.gradle.tasks.KotlinCompilerPluginData$InputsOutputsState   : loaded 2 times (x 70B)
Class org.jetbrains.kotlin.gradle.targets.native.internal.KotlinNativePlatformDependenciesKt: loaded 2 times (x 69B)
Class org.jetbrains.kotlin.gradle.plugin.KotlinSourceSetProcessor$run$1               : loaded 2 times (x 93B)
Class org.jetbrains.kotlin.gradle.plugin.KotlinSourceSetProcessor$prepareKotlinCompileTask$1$1: loaded 2 times (x 73B)
Class org.jetbrains.kotlin.gradle.plugin.AbstractKotlinPlugin$Companion$configureSourceSetDefaults$1: loaded 2 times (x 73B)
Class org.jetbrains.kotlin.gradle.plugin.SubpluginEnvironmentKt$sam$org_gradle_api_Action$0: loaded 2 times (x 73B)
Class org.jetbrains.kotlin.gradle.plugin.sources.FragmentConsistencyChecks$optInAnnotationsCheck$1: loaded 2 times (x 77B)
Class org.jetbrains.kotlin.gradle.plugin.mpp.AbstractKotlinCompilationToRunnableFiles : loaded 2 times (x 194B)
Class org.jetbrains.kotlin.gradle.artifacts.KotlinMetadataArtifactKt$KotlinMetadataArtifact$1: loaded 2 times (x 72B)
Class org.jetbrains.kotlin.gradle.plugin.mpp.KotlinUsages$KotlinMetadataCompatibility : loaded 2 times (x 74B)
Class [Lorg.jetbrains.kotlin.gradle.dsl.JvmTarget;                                    : loaded 2 times (x 67B)
Class org.jetbrains.kotlin.gradle.utils.ConfigurationsKt$maybeCreateResolvable$1      : loaded 2 times (x 76B)
Class org.jetbrains.kotlin.gradle.plugin.StatisticsBuildFlowManager$Companion         : loaded 2 times (x 69B)
Class org.jetbrains.kotlin.statistics.metrics.StringMetrics$Companion                 : loaded 2 times (x 69B)
Class org.jetbrains.kotlin.gradle.internal.properties.PropertiesBuildService$property$1$1: loaded 2 times (x 73B)
Class org.jetbrains.kotlin.tooling.core.Extras$Type                                   : loaded 2 times (x 70B)
Class org.objectweb.asm.FieldWriter                                                   : loaded 2 times (x 76B)
Class org.jetbrains.plugins.gradle.model.ExternalLibraryDependency                    : loaded 2 times (x 68B)
Class org.gradle.internal.classpath.TransformedClassPath                              : loaded 2 times (x 94B)
Class org.gradle.internal.classloader.InstrumentingClassLoader                        : loaded 2 times (x 68B)
Class dagger.internal.codegen.writing.ComponentMethodRequestRepresentation            : loaded 2 times (x 75B)
Class dagger.spi.internal.shaded.androidx.room.compiler.codegen.java.JavaFunSpec      : loaded 2 times (x 75B)
Class dagger.spi.internal.shaded.androidx.room.compiler.codegen.java.JavaAnnotationSpec: loaded 2 times (x 74B)
Class dagger.internal.codegen.writing.ComponentProvisionRequestRepresentation$Factory : loaded 2 times (x 68B)
Class dagger.internal.codegen.writing.MembersInjectionBindingRepresentation$Factory   : loaded 2 times (x 68B)
Class org.jetbrains.kotlin.gradle.targets.ConfigureBuildSideEffectKt                  : loaded 2 times (x 69B)
Class dagger.spi.internal.shaded.androidx.room.compiler.processing.javac.kotlin.KmPropertyFunctionContainerImpl: loaded 2 times (x 107B)
Class org.jetbrains.kotlin.gradle.plugin.diagnostics.checkers.WasmJsEnvironmentChecker$3: loaded 2 times (x 76B)
Class dagger.internal.codegen.binding.ErrorMessages$1                                 : loaded 2 times (x 69B)
Class org.jetbrains.kotlin.gradle.plugin.diagnostics.checkers.WasmWasiEnvironmentChecker: loaded 2 times (x 74B)
Class org.jetbrains.kotlin.gradle.plugin.LanguageSettingsBuilder                      : loaded 2 times (x 68B)
Class dagger.internal.codegen.binding.KeyFactory                                      : loaded 2 times (x 70B)
Class dagger.internal.codegen.binding.BindingNode_Factory_Factory                     : loaded 2 times (x 80B)
Class org.jetbrains.kotlin.gradle.targets.js.npm.NpmDependencyExtension               : loaded 2 times (x 68B)
Class dagger.hilt.processor.internal.root.ir.InvalidRootsException                    : loaded 2 times (x 80B)
Class kotlin.metadata.internal.FlagDelegatesImplKt                                    : loaded 2 times (x 69B)
Class kotlin.metadata.internal.metadata.jvm.JvmProtoBuf$StringTableTypes$RecordOrBuilder: loaded 2 times (x 68B)
Class dagger.internal.codegen.xprocessing.XElements                                   : loaded 2 times (x 69B)
Class org.jetbrains.kotlin.gradle.internal.properties.PropertiesBuildServiceKt$propertyWithDeprecatedName$1: loaded 2 times (x 73B)
Class kotlin.reflect.jvm.internal.KPropertyImpl$_javaField$1                          : loaded 2 times (x 77B)
Class kotlin.reflect.jvm.internal.KClassImpl$data$1                                   : loaded 2 times (x 77B)
Class org.jetbrains.kotlin.gradle.plugin.mpp.compilationImpl.factory.KotlinCompilationImplFactory$KotlinCompilerOptionsFactory: loaded 2 times (x 68B)
Class org.jetbrains.kotlin.gradle.plugin.mpp.compilationImpl.KotlinCompilationTaskNamesContainer: loaded 2 times (x 70B)
Class org.jetbrains.kotlin.gradle.plugin.KotlinSourceSetProcessor$javaSourceSet$1     : loaded 2 times (x 93B)
Class org.jetbrains.kotlin.gradle.plugin.AbstractKotlinPlugin$rewriteMppDependenciesInPom$1: loaded 2 times (x 73B)
Class dagger.spi.internal.shaded.androidx.room.compiler.processing.XFiler             : loaded 2 times (x 68B)
Class dagger.spi.internal.shaded.androidx.room.compiler.processing.XTypeElement       : loaded 2 times (x 68B)
Class org.jetbrains.kotlin.gradle.plugin.mpp.KotlinCompilationsKt$addSourcesToKotlinCompileTask$configureAction$2: loaded 2 times (x 77B)
Class [Lorg.jetbrains.org.objectweb.asm.SymbolTable$Entry;                            : loaded 2 times (x 67B)
Class com.google.common.reflect.Types$ParameterizedTypeImpl                           : loaded 2 times (x 79B)
Class org.apache.commons.io.output.UnsynchronizedByteArrayOutputStream                : loaded 2 times (x 100B)
Class org.jetbrains.kotlin.gradle.plugin.FilesSubpluginOption                         : loaded 2 times (x 70B)
Class org.jetbrains.kotlin.gradle.internal.StdlibDependencyManagementKt$configureStdlibVersionAlignment$1$1$1: loaded 2 times (x 73B)
Class org.jetbrains.kotlin.gradle.plugin.KotlinSourceSetProcessor$prepareKotlinCompileTask$1$2: loaded 2 times (x 125B)
Class org.jetbrains.kotlin.gradle.plugin.BuildFinishedListenerService$Companion       : loaded 2 times (x 69B)
Class org.jetbrains.kotlin.gradle.plugin.BuildFinishedListenerService                 : loaded 2 times (x 78B)
Class org.jetbrains.kotlin.gradle.tasks.configuration.BaseKotlinCompileConfig$2$1$1$2 : loaded 2 times (x 72B)
Class org.jetbrains.kotlin.gradle.plugin.sources.FragmentConsistencyChecks$optInAnnotationsCheck$2: loaded 2 times (x 76B)
Class org.jetbrains.kotlin.gradle.targets.NativeForwardImplementationToApiElementsSideEffectKt$special$$inlined$KotlinTargetSideEffect$1: loaded 2 times (x 72B)
Class org.gradle.accessors.dm.LibrariesForLibs$TmdbImageVersionAccessors              : loaded 2 times (x 73B)
Class org.gradle.accessors.dm.LibrariesForLibs$AndroidxLifecycleRuntimeLibraryAccessors: loaded 2 times (x 76B)
Class com.amazon.ion.IonValue                                                         : loaded 2 times (x 68B)
Class com.squareup.kotlinpoet.OriginatingElementsHolder$Builder$DefaultImpls          : loaded 2 times (x 69B)
Class kotlin.metadata.internal.extensions.KmPropertyExtension                         : loaded 2 times (x 68B)
Class org.apache.commons.io.output.QueueOutputStream                                  : loaded 2 times (x 85B)
Class com.google.common.reflect.Types$ClassOwnership$3                                : loaded 2 times (x 69B)
Class dagger.internal.codegen.binding.ErrorMessages$FactoryMessages                   : loaded 2 times (x 79B)
Class kotlin.metadata.internal.protobuf.SmallSortedMap$EmptySet                       : loaded 2 times (x 69B)
Class dagger.internal.codegen.binding.KeyFactory$1                                    : loaded 2 times (x 69B)
Class kotlin.metadata.internal.metadata.ProtoBuf$ValueParameter                       : loaded 2 times (x 126B)
Class dagger.internal.codegen.binding.MethodSignatureFormatter$1                      : loaded 2 times (x 85B)
Class dagger.internal.codegen.bindinggraphvalidation.CompositeBindingGraphPlugin$Factory: loaded 2 times (x 68B)
Class kotlin.metadata.internal.metadata.ProtoBuf$ClassOrBuilder                       : loaded 2 times (x 68B)
Class dagger.hilt.processor.internal.kotlin.KotlinMetadataFactory                     : loaded 2 times (x 70B)
Class com.google.common.graph.AbstractBaseGraph$1                                     : loaded 2 times (x 135B)
Class dagger.hilt.processor.internal.definecomponent.DefineComponents                 : loaded 2 times (x 70B)
Class com.squareup.javapoet.MethodSpec                                                : loaded 2 times (x 70B)
Class com.squareup.javapoet.TypeSpec$Builder                                          : loaded 2 times (x 70B)
Class dagger.spi.internal.shaded.androidx.room.compiler.processing.compat.XConverters : loaded 2 times (x 69B)
Class dagger.internal.codegen.validation.ProducesMethodValidator                      : loaded 2 times (x 76B)
Class kotlin.metadata.KmProperty                                                      : loaded 2 times (x 70B)
Class kotlin.metadata.internal.metadata.ProtoBuf$Annotation$1                         : loaded 2 times (x 142B)
Class kotlin.metadata.internal.metadata.jvm.JvmProtoBuf$JvmMethodSignatureOrBuilder   : loaded 2 times (x 68B)
Class dagger.hilt.processor.internal.ProcessorErrors                                  : loaded 2 times (x 69B)
Class dagger.internal.codegen.componentgenerator.ComponentGenerator_Factory           : loaded 2 times (x 80B)
Class com.squareup.kotlinpoet.ClassName$Companion                                     : loaded 2 times (x 69B)
Class dagger.spi.internal.shaded.androidx.room.compiler.processing.javac.JavacAnnotation: loaded 2 times (x 138B)
Class dagger.internal.codegen.model.Key$Builder                                       : loaded 2 times (x 74B)
Class dagger.spi.internal.shaded.androidx.room.compiler.processing.XProcessingStep    : loaded 2 times (x 68B)
Class dagger.internal.codegen.model.DaggerElement                                     : loaded 2 times (x 71B)
Class com.google.common.reflect.TypeResolver$TypeVariableKey                          : loaded 2 times (x 70B)
Class org.apache.commons.io.output.ByteArrayOutputStream                              : loaded 2 times (x 100B)
Class org.jetbrains.kotlin.config.LanguageFeature                                     : loaded 2 times (x 78B)
Class org.jetbrains.kotlin.gradle.tasks.configuration.BaseKotlinCompileConfig$1$3$2   : loaded 2 times (x 73B)
Class org.jetbrains.kotlin.gradle.tasks.AbstractKotlinCompileTool$sources$1           : loaded 2 times (x 77B)
Class org.jetbrains.kotlin.build.SourcesUtilsKt                                       : loaded 2 times (x 69B)
Class org.jetbrains.kotlin.gradle.plugin.KotlinSourceSetProcessor$prepareKotlinCompileTask$1$3: loaded 2 times (x 73B)
Class org.jetbrains.kotlin.gradle.plugin.AbstractKotlinPlugin$Companion$setUpJavaSourceSets$1: loaded 2 times (x 73B)
Class org.jetbrains.kotlin.gradle.dsl.KotlinJvmProjectExtension_Decorated             : loaded 2 times (x 155B)
Class org.jetbrains.kotlin.gradle.internal.ClassLoadersCachingBuildService$Companion  : loaded 2 times (x 69B)
Class org.jetbrains.kotlin.gradle.tasks.configuration.TaskConfigAction                : loaded 2 times (x 70B)
Class org.jetbrains.kotlin.gradle.plugin.diagnostics.checkers.OverriddenKotlinNativeHomeChecker$allKonanMainSubdirectoriesExist$1: loaded 2 times (x 73B)
Class org.jetbrains.kotlin.gradle.plugin.AbstractKotlinPlugin$Companion               : loaded 2 times (x 69B)
Class org.jetbrains.kotlin.gradle.plugin.KotlinSourceSetTree                          : loaded 2 times (x 70B)
Class org.jetbrains.kotlin.gradle.plugin.KotlinPluginLifecycle$Stage                  : loaded 2 times (x 77B)
Class org.jetbrains.kotlin.gradle.plugin.mpp.compilationImpl.KotlinCreateResourcesTaskSideEffectKt$KotlinCreateResourcesTaskSideEffect$1: loaded 2 times (x 72B)
Class org.jetbrains.kotlin.gradle.plugin.sources.KotlinSourceSetFactory               : loaded 2 times (x 78B)
Class org.jetbrains.kotlin.gradle.targets.native.toolchain.KotlinNativeBundleBuildService$Parameters_Decorated: loaded 2 times (x 132B)
Class org.jetbrains.kotlin.gradle.plugin.StatisticsBuildFlowManager$subscribeForBuildResult$1$1: loaded 2 times (x 72B)
Class org.jetbrains.kotlin.gradle.plugin.internal.KotlinTestReportCompatibilityHelper$KotlinTestReportCompatibilityHelperVariantFactory: loaded 2 times (x 68B)
Class org.gradle.accessors.dm.LibrariesForLibs$AndroidxComposeMaterialLibraryAccessors: loaded 2 times (x 75B)
Class org.gradle.accessors.dm.LibrariesForLibs$OkhttpLibraryAccessors                 : loaded 2 times (x 81B)
Class com.amazon.ion.impl.bin.IonRawBinaryWriter$ContainerType                        : loaded 2 times (x 77B)
Class com.amazon.ion.impl._Private_IonTextWriterBuilder$Mutable                       : loaded 2 times (x 100B)
Class dagger.spi.internal.shaded.androidx.room.compiler.codegen.java.JavaCodeBlock    : loaded 2 times (x 74B)
Class dagger.internal.codegen.writing.UnscopedDirectInstanceRequestRepresentationFactory_Factory: loaded 2 times (x 80B)
Class dagger.internal.codegen.model.AutoValue_DaggerExecutableElement                 : loaded 2 times (x 72B)
Class dagger.internal.codegen.model.ComponentPath                                     : loaded 2 times (x 71B)
Class dagger.internal.codegen.binding.BindingType                                     : loaded 2 times (x 77B)
Class dagger.internal.codegen.binding.AssistedInjectionAnnotations                    : loaded 2 times (x 69B)
Class dagger.internal.codegen.binding.BindingGraph$TopLevelBindingGraph               : loaded 2 times (x 98B)
Class dagger.internal.codegen.validation.DiagnosticMessageGenerator$Factory           : loaded 2 times (x 70B)
Class dagger.internal.codegen.bindinggraphvalidation.InvalidProductionBindingScopeValidator_Factory: loaded 2 times (x 79B)
Class dagger.internal.codegen.validation.MultibindsMethodValidator_Factory            : loaded 2 times (x 80B)
Class com.google.common.graph.DirectedGraphConnections                                : loaded 2 times (x 81B)
Class com.google.common.graph.GraphConnections                                        : loaded 2 times (x 68B)
Class kotlin.metadata.jvm.internal.JvmClassExtension$Companion                        : loaded 2 times (x 69B)
Class com.google.common.graph.DirectedMultiNetworkConnections                         : loaded 2 times (x 96B)
Class dagger.internal.codegen.validation.DiagnosticMessageGenerator$1                 : loaded 2 times (x 85B)
Class dagger.spi.model.BindingGraph$MaybeBinding                                      : loaded 2 times (x 68B)
Class dagger.hilt.android.processor.internal.androidentrypoint.AndroidEntryPointProcessingStep: loaded 2 times (x 84B)
Class dagger.spi.model.Key$MultibindingContributionIdentifier                         : loaded 2 times (x 71B)
Class dagger.spi.model.AutoValue_Key_MultibindingContributionIdentifier               : loaded 2 times (x 72B)
Class [Lorg.objectweb.asm.Attribute;                                                  : loaded 2 times (x 67B)
Class com.android.builder.model.v2.ide.TestInfo$Execution                             : loaded 2 times (x 77B)
Class [Lorg.jetbrains.kotlin.build.report.metrics.BuildAttribute;                     : loaded 2 times (x 67B)
Class org.jetbrains.kotlin.gradle.scripting.internal.ScriptingKotlinGradleSubplugin$Companion: loaded 2 times (x 69B)
Class org.jetbrains.kotlin.gradle.scripting.internal.DiscoverScriptExtensionsTransformAction$Parameters: loaded 2 times (x 68B)
Class org.jetbrains.kotlin.gradle.plugin.AbstractKotlinPlugin$Companion$setUpJavaSourceSets$2: loaded 2 times (x 72B)
Class org.jetbrains.kotlin.gradle.utils.ProviderApiUtilsKt$mapOrNull$1$1              : loaded 2 times (x 73B)
Class org.jetbrains.kotlin.gradle.plugin.hierarchy.KotlinSourceSetTreeClassifier$Default: loaded 2 times (x 69B)
Class org.jetbrains.kotlin.config.LanguageOrApiVersion                                : loaded 2 times (x 68B)
Class org.jetbrains.kotlin.gradle.plugin.mpp.InternalKotlinCompilationKt              : loaded 2 times (x 69B)
Class org.jetbrains.kotlin.gradle.tasks.configuration.AbstractKotlinCompileConfig     : loaded 2 times (x 70B)
Class org.jetbrains.kotlin.gradle.plugin.mpp.compilationImpl.KotlinCompilationImpl$attributes$2: loaded 2 times (x 77B)
Class org.jetbrains.kotlin.gradle.plugin.diagnostics.checkers.OverriddenKotlinNativeHomeChecker$StdlibExistenceCheckerValueSource: loaded 2 times (x 76B)
Class org.jetbrains.kotlin.gradle.utils.IsolatedKotlinClasspathClassCastException     : loaded 2 times (x 80B)
Class [Lorg.objectweb.asm.Type;                                                       : loaded 2 times (x 67B)
Class org.jetbrains.kotlin.idea.gradleTooling.KotlinSourceSetContainer                : loaded 2 times (x 68B)
Class org.jetbrains.plugins.gradle.model.IntelliJSettings                             : loaded 2 times (x 68B)
Class org.gradle.internal.service.ServiceLocator                                      : loaded 2 times (x 68B)
Class com.squareup.kotlinpoet.Import                                                  : loaded 2 times (x 73B)
Class dagger.spi.internal.shaded.androidx.room.compiler.codegen.XFileSpec$Companion   : loaded 2 times (x 69B)
Class dagger.internal.codegen.writing.ComponentCreatorImplementation                  : loaded 2 times (x 72B)
Class dagger.spi.internal.shaded.androidx.room.compiler.codegen.kotlin.KotlinTypeSpec : loaded 2 times (x 75B)
Class dagger.internal.codegen.writing.FrameworkInstanceBindingRepresentation$Factory  : loaded 2 times (x 68B)
Class dagger.hilt.processor.internal.DaggerModelsKt                                   : loaded 2 times (x 69B)
Class dagger.internal.codegen.binding.FrameworkType                                   : loaded 2 times (x 82B)
Class kotlin.metadata.jvm.internal.JvmTypeParameterExtension$Companion                : loaded 2 times (x 69B)
Class dagger.internal.codegen.binding.$AutoValue_ComponentBinding$Builder             : loaded 2 times (x 91B)
Class dagger.internal.codegen.validation.DiagnosticReporterFactory$DiagnosticReporterImpl: loaded 2 times (x 74B)
Class dagger.internal.codegen.binding.InjectionBinding                                : loaded 2 times (x 90B)
Class dagger.internal.codegen.writing.SimpleMethodRequestRepresentation$Factory       : loaded 2 times (x 68B)
Class dagger.hilt.processor.internal.definecomponent.DefineComponentClassesMetadata   : loaded 2 times (x 73B)
Class [Lcom.squareup.kotlinpoet.KModifier$Target;                                     : loaded 2 times (x 67B)
Class kotlin.metadata.jvm.JvmMetadataVersion$Companion                                : loaded 2 times (x 69B)
Class kotlin.metadata.internal.protobuf.CodedInputStream                              : loaded 2 times (x 70B)
Class kotlin.metadata.internal.metadata.ProtoBuf$Class                                : loaded 2 times (x 181B)
Class dagger.spi.internal.shaded.androidx.room.compiler.codegen.kotlin.KotlinCodeBlock$Builder$Companion: loaded 2 times (x 69B)
Class org.jetbrains.plugins.gradle.model.ClasspathEntryModel                          : loaded 2 times (x 68B)
Class org.jetbrains.kotlin.idea.gradleTooling.KotlinDslScriptAdditionalTask           : loaded 2 times (x 68B)
Class org.jetbrains.kotlin.idea.gradleTooling.model.kapt.KaptGradleModel              : loaded 2 times (x 68B)
Class org.gradle.internal.impldep.gnu.trove.PrimeFinder                               : loaded 2 times (x 69B)
Class org.gradle.accessors.dm.LibrariesForLibs$AndroidxCredentialsLibraryAccessors    : loaded 2 times (x 81B)
Class dagger.spi.internal.shaded.androidx.room.compiler.processing.javac.JavacProcessingEnvMessager$Companion: loaded 2 times (x 69B)
Class dagger.spi.internal.shaded.androidx.room.compiler.processing.javac.JavacBasicAnnotationProcessor: loaded 2 times (x 96B)
Class [Lkotlin.Function;                                                              : loaded 2 times (x 67B)
Class org.apache.commons.io.FileExistsException                                       : loaded 2 times (x 80B)
Class com.google.common.collect.ImmutableSortedMap$Builder                            : loaded 2 times (x 88B)
Class org.jetbrains.kotlin.gradle.tasks.DefaultKotlinJavaToolchain$DefaultJavaToolchainSetter$useAsConvention$1: loaded 2 times (x 73B)
Class org.jetbrains.kotlin.gradle.plugin.KotlinCompilerArgumentsProducer$CreateCompilerArgumentsContext: loaded 2 times (x 68B)
Class com.google.common.collect.HashBiMap$BiEntry                                     : loaded 2 times (x 81B)
Class org.jetbrains.kotlin.gradle.utils.GradleAttributesContainerUtilsKt$copyAttributeTo$1: loaded 2 times (x 77B)
Class org.jetbrains.kotlin.gradle.plugin.diagnostics.RenderReportedDiagnosticsKt      : loaded 2 times (x 69B)
Class org.jetbrains.kotlin.gradle.plugin.hierarchy.KotlinSourceSetTreeClassifierKt$classify$1: loaded 2 times (x 86B)
Class [Lorg.jetbrains.kotlin.konan.target.KonanTarget;                                : loaded 2 times (x 67B)
Class org.jetbrains.kotlin.gradle.plugin.diagnostics.checkers.WasmSourceSetsNotFoundChecker: loaded 2 times (x 72B)
Class org.jetbrains.kotlin.gradle.plugin.diagnostics.checkers.AndroidSourceSetLayoutV1SourceSetsNotFoundChecker$androidSourceSetRegex$2: loaded 2 times (x 76B)
Class org.jetbrains.kotlin.gradle.plugin.statistics.KotlinBuildStatsLoggerService$Companion: loaded 2 times (x 69B)
Class org.jetbrains.kotlin.gradle.plugin.internal.IdeaSyncDetector$IdeaSyncDetectorVariantFactory: loaded 2 times (x 68B)
Class com.amazon.ion.impl.IonWriterSystem                                             : loaded 2 times (x 169B)
Class com.amazon.ion.impl.bin.Symbols$2                                               : loaded 2 times (x 105B)
Class com.amazon.ion.impl.bin._Private_IonManagedWriter                               : loaded 2 times (x 68B)
Class com.intellij.gradle.toolingExtension.util.GradleVersionUtil                     : loaded 2 times (x 69B)
Class com.android.ide.gradle.model.GradlePropertiesModel                              : loaded 2 times (x 68B)
Class kotlin.sequences.TransformingSequence$iterator$1                                : loaded 2 times (x 77B)
Class org.gradle.tooling.internal.adapter.ProtocolToModelAdapter$SupportedPropertyInvoker: loaded 2 times (x 74B)
Class org.gradle.tooling.model.UnsupportedMethodException                             : loaded 2 times (x 80B)
Class dagger.internal.codegen.validation.ComponentCreatorValidator$ElementValidator   : loaded 2 times (x 70B)
Class dagger.internal.codegen.writing.ProviderInstanceSupplier                        : loaded 2 times (x 73B)
Class com.google.common.collect.Lists$Partition                                       : loaded 2 times (x 198B)
Class dagger.internal.codegen.xprocessing.XTypeSpecs$Builder                          : loaded 2 times (x 98B)
Class com.squareup.kotlinpoet.Taggable$Builder                                        : loaded 2 times (x 68B)
Class dagger.internal.codegen.writing.OptionalRequestRepresentation$Factory           : loaded 2 times (x 68B)
Class org.gradle.accessors.dm.LibrariesForLibs$AndroidxUiTestLibraryAccessors         : loaded 2 times (x 76B)
Class dagger.internal.codegen.binding.$AutoValue_MultiboundSetBinding                 : loaded 2 times (x 90B)
Class org.objectweb.asm.ModuleVisitor                                                 : loaded 2 times (x 79B)
Class dagger.internal.codegen.binding.ModuleDescriptor                                : loaded 2 times (x 79B)
Class dagger.internal.codegen.validation.ProvidesMethodValidator$Validator            : loaded 2 times (x 78B)
Class dagger.internal.codegen.writing.AnnotationCreatorGenerator                      : loaded 2 times (x 79B)
Class [Ldagger.internal.codegen.model.BindingKind;                                    : loaded 2 times (x 67B)
Class dagger.internal.codegen.binding.MethodSignatureFormatter                        : loaded 2 times (x 84B)
Class dagger.hilt.processor.internal.root.RootFileFormatter                           : loaded 2 times (x 69B)
Class kotlin.metadata.jvm.internal.JvmFunctionExtension$Companion                     : loaded 2 times (x 69B)
Class kotlin.metadata.jvm.internal.JvmFunctionExtension                               : loaded 2 times (x 75B)
Class com.google.common.graph.Traverser$Traversal$1                                   : loaded 2 times (x 72B)
Class org.jetbrains.kotlin.gradle.dsl.KotlinSingleTargetExtension                     : loaded 2 times (x 98B)
Class org.jetbrains.kotlin.gradle.plugin.VariantImplementationFactoriesConfigurator$Inject: loaded 2 times (x 94B)
Class org.jetbrains.kotlin.gradle.internal.properties.NativePropertiesLoader$kotlinNativeVersion$1: loaded 2 times (x 73B)
Class dagger.hilt.processor.internal.AggregatedElements                               : loaded 2 times (x 69B)
Class dagger.Lazy                                                                     : loaded 2 times (x 68B)
Class dagger.hilt.processor.internal.kotlin.DaggerKotlinMetadataUtils_MetadataComponent$Builder: loaded 2 times (x 69B)
Class org.jetbrains.kotlin.gradle.plugin.mpp.AbstractKotlinTarget                     : loaded 2 times (x 152B)
Class [Lkotlin.metadata.internal.protobuf.WireFormat$JavaType;                        : loaded 2 times (x 67B)
Class kotlin.reflect.jvm.internal.KClassImpl$Data$qualifiedName$2                     : loaded 2 times (x 77B)
Class org.jetbrains.kotlin.gradle.plugin.diagnostics.checkers.WasmJsEnvironmentChecker$2: loaded 2 times (x 76B)
Class com.squareup.javapoet.CodeWriter$Multiset                                       : loaded 2 times (x 70B)
Class dagger.hilt.processor.internal.HiltCompilerOptions$EnumOption                   : loaded 2 times (x 70B)
Class org.jetbrains.kotlin.gradle.plugin.KotlinPluginLifecycleKt                      : loaded 2 times (x 69B)
Class kotlin.collections.CollectionsKt___CollectionsKt$withIndex$1                    : loaded 2 times (x 77B)
Class com.google.common.io.ByteSource$ByteArrayByteSource                             : loaded 2 times (x 83B)
Class com.google.common.reflect.TypeToken$SimpleTypeToken                             : loaded 2 times (x 71B)
Class com.android.builder.model.v2.ide.BytecodeTransformation                         : loaded 2 times (x 77B)
Class org.jetbrains.kotlin.gradle.plugin.AbstractKotlinPlugin$Companion$setUpJavaSourceSets$4: loaded 2 times (x 77B)
Class org.jetbrains.kotlin.gradle.plugin.mpp.KotlinWithJavaTarget$defaultArtifactClassesListFile$1: loaded 2 times (x 73B)
Class org.jetbrains.kotlin.gradle.plugin.KotlinCompilationWithResources               : loaded 2 times (x 68B)
Class org.jetbrains.kotlin.gradle.plugin.KotlinTargetPreset                           : loaded 2 times (x 68B)
Class org.jetbrains.kotlin.gradle.plugin.diagnostics.checkers.KotlinTargetAlreadyDeclaredChecker: loaded 2 times (x 72B)
Class org.jetbrains.kotlin.gradle.plugin.mpp.compilationImpl.KotlinCompilationProcessorSideEffectKt: loaded 2 times (x 69B)
Class org.jetbrains.kotlin.gradle.plugin.mpp.KotlinUsages$KotlinJavaRuntimeJarsCompatibility: loaded 2 times (x 74B)
Class org.jetbrains.kotlin.gradle.dsl.HasConfigurableKotlinCompilerOptions            : loaded 2 times (x 68B)
Class org.jetbrains.kotlin.gradle.utils.FileUtilsKt$localProperties$1                 : loaded 2 times (x 73B)
Class com.amazon.ion.impl.lite.IonContainerLite                                       : loaded 2 times (x 246B)
Class com.amazon.ion.IonBufferConfiguration$OversizedSymbolTableHandler               : loaded 2 times (x 68B)
Class com.amazon.ion.system.IonWriterBuilder                                          : loaded 2 times (x 72B)
Class org.jetbrains.plugins.gradle.tooling.serialization.ToolingStreamApiUtils        : loaded 2 times (x 69B)
Class com.amazon.ion.facet.Faceted                                                    : loaded 2 times (x 68B)
Class dagger.spi.internal.shaded.androidx.room.compiler.codegen.impl.ImplSpec         : loaded 2 times (x 71B)
Class dagger.spi.internal.shaded.androidx.room.compiler.codegen.java.JavaParameterSpec$Builder: loaded 2 times (x 76B)
Class dagger.internal.codegen.writing.OptionalFactories_Factory                       : loaded 2 times (x 80B)
Class dagger.internal.codegen.writing.AnonymousProviderCreationExpression_Factory_Impl: loaded 2 times (x 73B)
Class dagger.internal.codegen.writing.StaticFactoryInstanceSupplier$Factory           : loaded 2 times (x 68B)
Class dagger.internal.codegen.binding.AutoValue_ComponentNodeImpl                     : loaded 2 times (x 84B)
Class org.jetbrains.kotlin.gradle.targets.js.npm.DefaultPeerNpmDependencyExtension    : loaded 2 times (x 139B)
Class dagger.spi.internal.shaded.com.google.auto.common.MoreTypes$PrimitiveTypeVisitor: loaded 2 times (x 100B)
Class dagger.internal.codegen.binding.$AutoValue_SubcomponentDeclaration              : loaded 2 times (x 76B)
Class org.jetbrains.kotlin.konan.target.KonanTarget$TVOS_ARM64                        : loaded 2 times (x 76B)
Class dagger.internal.codegen.validation.ValidationReport$Builder                     : loaded 2 times (x 70B)
Class dagger.spi.model.DaggerProcessingEnv$Backend                                    : loaded 2 times (x 77B)
Class [Ldagger.internal.codegen.base.ComponentCreatorAnnotation;                      : loaded 2 times (x 67B)
Class dagger.internal.codegen.model.DiagnosticReporter                                : loaded 2 times (x 73B)
Class dagger.internal.codegen.validation.InjectValidator$InternalValidator            : loaded 2 times (x 70B)
Class dagger.internal.codegen.bindinggraphvalidation.CompositeBindingGraphPlugin_Factory_Impl: loaded 2 times (x 73B)
Class dagger.internal.codegen.kotlin.KotlinMetadataFactory_Factory$InstanceHolder     : loaded 2 times (x 69B)
Class com.google.common.graph.Traverser$Traversal$2                                   : loaded 2 times (x 72B)
Class kotlin.metadata.internal.protobuf.MessageLite                                   : loaded 2 times (x 68B)
Class org.jetbrains.kotlin.gradle.plugin.diagnostics.checkers.ComposePluginSuggestApplyChecker$runChecks$1: loaded 2 times (x 86B)
Class org.jetbrains.kotlin.gradle.plugin.KotlinPluginWrapper                          : loaded 2 times (x 85B)
Class dagger.spi.internal.shaded.androidx.room.compiler.processing.XNullability       : loaded 2 times (x 77B)
Class com.squareup.javapoet.CodeWriter                                                : loaded 2 times (x 70B)
Class org.jetbrains.kotlin.gradle.tasks.KotlinCompile$ScriptFilterSpec                : loaded 2 times (x 73B)
Class org.jetbrains.kotlin.gradle.tasks.configuration.BaseKotlinCompileConfig$2$1$1$1 : loaded 2 times (x 72B)
Class org.jetbrains.kotlin.config.JvmDefaultMode                                      : loaded 2 times (x 77B)
Class com.android.builder.model.v2.ide.CodeShrinker                                   : loaded 2 times (x 77B)
Class org.jetbrains.kotlin.gradle.plugin.mpp.MppSourcesJarKt$sourcesJarTaskNamed$result$1$1: loaded 2 times (x 93B)
Class org.jetbrains.kotlin.gradle.tasks.configuration.AbstractKotlinCompileConfig$2$1 : loaded 2 times (x 77B)
Class org.jetbrains.kotlin.gradle.tasks.DefaultKotlinJavaToolchain_Decorated          : loaded 2 times (x 124B)
Class org.jetbrains.kotlin.gradle.plugin.statistics.KotlinProjectConfigurationMetrics : loaded 2 times (x 69B)
Class org.jetbrains.kotlin.gradle.plugin.mpp.KotlinJsCompilation                      : loaded 2 times (x 200B)
Class org.jetbrains.kotlin.gradle.plugin.KotlinCompilationInfo$TCS                    : loaded 2 times (x 87B)
Class com.google.common.reflect.TypeResolver                                          : loaded 2 times (x 70B)
Class org.jetbrains.kotlin.gradle.plugin.mpp.HasBinaries                              : loaded 2 times (x 68B)
Class org.jetbrains.kotlin.gradle.dsl.KotlinCommonOptions                             : loaded 2 times (x 68B)
Class org.jetbrains.kotlin.gradle.plugin.mpp.compilationImpl.KotlinCreateSourcesJarTaskSideEffectKt: loaded 2 times (x 69B)
Class org.jetbrains.kotlin.gradle.dsl.KotlinJvmProjectExtension                       : loaded 2 times (x 101B)
Class org.jetbrains.kotlin.gradle.plugin.KotlinGradlePluginExtensionPointInternalKt   : loaded 2 times (x 69B)
Class org.jetbrains.kotlin.gradle.targets.native.toolchain.UsesKotlinNativeBundleBuildService: loaded 2 times (x 68B)
Class org.jetbrains.kotlin.gradle.plugin.KotlinCompilerArgumentsProducer              : loaded 2 times (x 68B)
Class org.jetbrains.kotlin.build.report.metrics.ValueType                             : loaded 2 times (x 77B)
Class com.google.common.util.concurrent.AbstractFuture$UnsafeAtomicHelper$1           : loaded 2 times (x 74B)
Class com.amazon.ion.impl.bin.utf8.Poolable                                           : loaded 2 times (x 77B)
Class com.amazon.ion.IonSymbol                                                        : loaded 2 times (x 68B)
Class org.jetbrains.plugins.gradle.tooling.serialization.AnnotationProcessingModelSerializationService$WriteContext: loaded 2 times (x 70B)
Class org.gradle.internal.impldep.gnu.trove.THash                                     : loaded 2 times (x 79B)
Class dagger.internal.codegen.xprocessing.XProcessingEnvs                             : loaded 2 times (x 69B)
Class dagger.internal.codegen.writing.PrivateMethodRequestRepresentation              : loaded 2 times (x 75B)
Class dagger.internal.codegen.xprocessing.XTypeSpecs$1                                : loaded 2 times (x 69B)
Class com.squareup.kotlinpoet.OriginatingElements                                     : loaded 2 times (x 73B)
Class dagger.spi.internal.shaded.androidx.room.compiler.codegen.kotlin.KotlinFunSpecKt$WhenMappings: loaded 2 times (x 69B)
Class dagger.internal.codegen.writing.ProvisionBindingRepresentation_Factory          : loaded 2 times (x 70B)
Class dagger.internal.codegen.writing.ProviderInstanceSupplier$Factory                : loaded 2 times (x 68B)
Class dagger.internal.codegen.writing.DependencyMethodProducerCreationExpression_Factory: loaded 2 times (x 70B)
Class dagger.internal.codegen.writing.SwitchingProviderInstanceSupplier_Factory_Impl  : loaded 2 times (x 73B)
Class dagger.internal.codegen.writing.DerivedFromFrameworkInstanceRequestRepresentation_Factory_Impl: loaded 2 times (x 73B)
Class dagger.internal.codegen.writing.MapRequestRepresentation_Factory_Impl           : loaded 2 times (x 73B)
Class dagger.internal.codegen.model.BindingGraph$ChildFactoryMethodEdge               : loaded 2 times (x 68B)
Class dagger.internal.codegen.binding.ComponentNodeImpl                               : loaded 2 times (x 83B)
Class dagger.internal.codegen.model.Key                                               : loaded 2 times (x 76B)
Class dagger.internal.codegen.model.DependencyRequest$Builder                         : loaded 2 times (x 74B)
Class dagger.internal.codegen.validation.ValidationReport                             : loaded 2 times (x 70B)
Class dagger.internal.codegen.componentgenerator.ComponentGenerator                   : loaded 2 times (x 76B)
Class dagger.internal.codegen.DelegateComponentProcessor_SourceFileGeneratorsModule_ModuleConstructorProxyGeneratorFactory: loaded 2 times (x 80B)
Class dagger.internal.codegen.validation.BindingMethodValidator$MethodValidator       : loaded 2 times (x 78B)
Class dagger.internal.codegen.validation.AnyBindingMethodValidator_Factory            : loaded 2 times (x 80B)
Class kotlin.metadata.internal.metadata.ProtoBuf$Effect$EffectType$1                  : loaded 2 times (x 72B)
Class com.google.common.graph.DirectedGraphConnections$NodeConnection                 : loaded 2 times (x 70B)
Class com.google.common.graph.Traverser$Traversal$3                                   : loaded 2 times (x 80B)
Class com.google.common.reflect.Types$ClassOwnership$2                                : loaded 2 times (x 78B)
Class com.squareup.javapoet.TypeSpec$Kind                                             : loaded 2 times (x 77B)
Class kotlin.metadata.jvm.internal.JvmTypeExtension                                   : loaded 2 times (x 76B)
Class kotlin.metadata.internal.protobuf.AbstractMessageLite$Builder                   : loaded 2 times (x 120B)
Class kotlin.metadata.internal.metadata.ProtoBuf$Constructor$1                        : loaded 2 times (x 142B)
Class kotlin.metadata.internal.metadata.jvm.deserialization.JvmProtoBufUtil           : loaded 2 times (x 69B)
Class kotlin.metadata.jvm.internal.JvmExceptionUtilsKt                                : loaded 2 times (x 69B)
Class dagger.hilt.android.processor.internal.androidentrypoint.AndroidEntryPointMetadata: loaded 2 times (x 89B)
Class com.google.common.io.ByteArrayDataInput                                         : loaded 2 times (x 68B)
Class dagger.internal.codegen.extension.DaggerStreams                                 : loaded 2 times (x 69B)
Class [Lorg.jetbrains.org.objectweb.asm.Attribute;                                    : loaded 2 times (x 67B)
Class dagger.spi.internal.shaded.androidx.room.compiler.processing.XProcessingEnvConfig$Companion: loaded 2 times (x 69B)
Class org.jetbrains.kotlin.build.report.metrics.BuildTimes$Companion                  : loaded 2 times (x 69B)
Class org.jetbrains.kotlin.gradle.plugin.SubpluginEnvironment$configurePluginOptionsForKapt$1: loaded 2 times (x 77B)
Class org.jetbrains.kotlin.gradle.tasks.configuration.BaseKotlinCompileConfig$1$classpathConfiguration$1: loaded 2 times (x 73B)
Class dagger.spi.internal.shaded.androidx.room.compiler.processing.XProcessingEnv$Companion: loaded 2 times (x 69B)
Class org.jetbrains.kotlin.gradle.targets.js.npm.NpmDependencyExtensionDelegate       : loaded 2 times (x 165B)
Class org.jetbrains.kotlin.gradle.plugin.sources.FragmentConsistencyChecker           : loaded 2 times (x 70B)
Class org.jetbrains.kotlin.gradle.dsl.DefaultToolchainSupport_Decorated               : loaded 2 times (x 122B)
Class org.jetbrains.kotlin.gradle.plugin.HasProject                                   : loaded 2 times (x 68B)
Class org.jetbrains.kotlin.gradle.report.BuildMetricsService$Companion                : loaded 2 times (x 69B)
Class org.jetbrains.kotlin.gradle.targets.native.toolchain.KotlinNativeBundleArtifactFormat$addKotlinNativeBundleConfiguration$1$1: loaded 2 times (x 73B)
Class org.jetbrains.kotlin.gradle.internal.properties.NativePropertiesLoader$jvmArgs$1: loaded 2 times (x 73B)
Class org.jetbrains.kotlin.gradle.tasks.KotlinCompileTool                             : loaded 2 times (x 68B)
Class org.jetbrains.kotlin.gradle.plugin.PropertiesProvider$PropertyNames             : loaded 2 times (x 69B)
Class org.jetbrains.kotlin.gradle.utils.SingleAction$PerformedActions                 : loaded 2 times (x 70B)
Class org.jetbrains.kotlin.gradle.plugin.VariantImplementationFactories$Parameters_Decorated: loaded 2 times (x 132B)
Class org.jetbrains.kotlin.gradle.utils.GradleUtilsKt                                 : loaded 2 times (x 69B)
Class org.jetbrains.kotlin.gradle.plugin.internal.MavenPluginConfigurator$DefaultMavenPluginConfiguratorVariantFactory: loaded 2 times (x 74B)
Class com.google.common.util.concurrent.AbstractFuture$Trusted                        : loaded 2 times (x 68B)
Class org.gradle.accessors.dm.LibrariesForLibs$JetbrainsKotlinPluginAccessors         : loaded 2 times (x 72B)
Class org.jetbrains.kotlin.idea.gradleTooling.KotlinGradlePluginVersion               : loaded 2 times (x 68B)
Class com.amazon.ion.impl.lite.IonStructLite                                          : loaded 2 times (x 296B)
Class com.amazon.ion.impl._Private_ReaderWriter                                       : loaded 2 times (x 68B)
Class com.amazon.ion.impl.bin.AbstractSymbolTable                                     : loaded 2 times (x 105B)
Class com.amazon.ion.Decimal                                                          : loaded 2 times (x 131B)
Class com.amazon.ion.impl.bin._Private_IonManagedBinaryWriterBuilder$AllocatorMode$1  : loaded 2 times (x 78B)
Class org.jetbrains.plugins.gradle.tooling.serialization.ProjectDependenciesSerializationService$WriteContext: loaded 2 times (x 70B)
Class org.jetbrains.plugins.gradle.tooling.serialization.ProjectDependenciesSerializationService: loaded 2 times (x 75B)
Class com.intellij.compose.ide.plugin.gradleTooling.rt.ComposeResourcesModel          : loaded 2 times (x 68B)
Class org.gradle.tooling.model.kotlin.dsl.KotlinDslScriptModel                        : loaded 2 times (x 68B)
Class org.gradle.tooling.internal.adapter.CollectionMapper                            : loaded 2 times (x 71B)
Class dagger.spi.internal.shaded.androidx.room.compiler.codegen.java.JavaTypeSpec     : loaded 2 times (x 75B)
Class dagger.spi.internal.shaded.androidx.room.compiler.codegen.impl.XFunSpecImpl$Builder: loaded 2 times (x 89B)
Class com.google.common.graph.Traverser$Traversal$4                                   : loaded 2 times (x 80B)
Class dagger.internal.codegen.componentgenerator.CurrentImplementationSubcomponent$Builder: loaded 2 times (x 68B)
Class dagger.spi.internal.shaded.androidx.room.compiler.processing.javac.XTypeElementStore: loaded 2 times (x 70B)
Class dagger.spi.internal.shaded.com.google.auto.common.MoreElements                  : loaded 2 times (x 69B)
Class kotlin.metadata.internal.metadata.deserialization.BinaryVersion$Companion       : loaded 2 times (x 69B)
Class dagger.internal.codegen.binding.ContributionBinding$Builder                     : loaded 2 times (x 76B)
Class dagger.internal.codegen.model.Scope                                             : loaded 2 times (x 70B)
Class dagger.internal.codegen.binding.MultibindingDeclaration$Factory                 : loaded 2 times (x 70B)
Class dagger.internal.codegen.validation.BindsInstanceMethodValidator                 : loaded 2 times (x 76B)
Class dagger.internal.codegen.processingstep.InjectProcessingStep                     : loaded 2 times (x 84B)
Class dagger.internal.codegen.writing.FactoryGenerator                                : loaded 2 times (x 76B)
Class dagger.internal.codegen.validation.BindingGraphValidator_Factory                : loaded 2 times (x 80B)
Class dagger.internal.codegen.binding.BindingGraphFactory_Factory                     : loaded 2 times (x 80B)
Class [Ldagger.spi.internal.shaded.androidx.room.compiler.processing.XFiler$Mode;     : loaded 2 times (x 67B)
Class dagger.spi.internal.shaded.androidx.room.compiler.processing.XFiler$Mode        : loaded 2 times (x 77B)
Class com.squareup.kotlinpoet.CodeWriterKt                                            : loaded 2 times (x 69B)
Class kotlin.metadata.KmTypeParameter                                                 : loaded 2 times (x 70B)
Class kotlin.metadata.internal.metadata.ProtoBuf$Visibility                           : loaded 2 times (x 80B)
Class kotlin.metadata.internal.metadata.jvm.JvmProtoBuf$JvmMethodSignature$1          : loaded 2 times (x 142B)
Class kotlin.metadata.internal.metadata.jvm.deserialization.JvmNameResolverBase       : loaded 2 times (x 78B)
Class com.google.common.graph.ValueGraph                                              : loaded 2 times (x 68B)
Class com.google.common.io.ByteSink$AsCharSink                                        : loaded 2 times (x 78B)
Class [Lcom.android.builder.model.v2.ide.LibraryType;                                 : loaded 2 times (x 67B)
Class com.android.builder.model.v2.ide.LibraryType                                    : loaded 2 times (x 77B)
Class dagger.internal.codegen.binding.InjectionSiteFactory_Factory                    : loaded 2 times (x 80B)
Class org.jetbrains.kotlin.gradle.tasks.configuration.AbstractKotlinCompileConfig$2$3 : loaded 2 times (x 73B)
Class org.jetbrains.kotlin.gradle.scripting.internal.ScriptingGradleSubpluginKt$sam$org_gradle_api_Action$0: loaded 2 times (x 73B)
Class org.jetbrains.kotlin.gradle.plugin.SubpluginEnvironment$addSubpluginOptions$compilerOptions$1: loaded 2 times (x 73B)
Class org.jetbrains.kotlin.gradle.tasks.configuration.BaseKotlinCompileConfig         : loaded 2 times (x 70B)
Class org.jetbrains.kotlin.gradle.plugin.mpp.compilationImpl.factory.KotlinCompilationImplFactory$KotlinCompilationTaskNamesContainerFactory: loaded 2 times (x 68B)
Class org.jetbrains.kotlin.gradle.internal.KotlinDependenciesManagementKt$CustomizeKotlinDependenciesSetupAction$1$coreLibrariesVersion$1: loaded 2 times (x 77B)
Class org.jetbrains.kotlin.gradle.plugin.diagnostics.checkers.CInteropInputChecker$runChecks$1: loaded 2 times (x 86B)
Class org.jetbrains.kotlin.gradle.plugin.internal.DefaultIdeaSyncDetector$isInIdeaSync$1: loaded 2 times (x 73B)
Class org.jetbrains.kotlin.gradle.targets.native.toolchain.KotlinNativeBundleArtifactFormat$setupTransform$3: loaded 2 times (x 72B)
Class org.jetbrains.kotlin.gradle.ExperimentalKotlinGradlePluginApi                   : loaded 2 times (x 68B)
Class org.jetbrains.kotlin.gradle.internal.properties.NativePropertiesLoader          : loaded 2 times (x 82B)
Class org.jetbrains.kotlin.statistics.metrics.NumberAnonymizationPolicy$SAFE          : loaded 2 times (x 83B)
Class org.jetbrains.kotlin.gradle.plugin.statistics.BuildFusService                   : loaded 2 times (x 82B)
Class org.gradle.kotlin.dsl.VersionCatalogAccessorsKt                                 : loaded 2 times (x 69B)
Class com.amazon.ion.impl.lite.IonFloatLite                                           : loaded 2 times (x 184B)
Class com.amazon.ion.impl._Private_IonTextWriterBuilder                               : loaded 2 times (x 100B)
Class com.amazon.ion.impl.bin._Private_IonManagedBinaryWriterBuilder$AllocatorMode$2  : loaded 2 times (x 78B)
Class org.gradle.internal.impldep.gnu.trove.Equality                                  : loaded 2 times (x 68B)
Class com.squareup.kotlinpoet.FileSpec$Builder                                        : loaded 2 times (x 75B)
Class [Ldagger.spi.internal.shaded.androidx.room.compiler.codegen.XTypeSpec$Builder;  : loaded 2 times (x 67B)
Class dagger.internal.codegen.writing.ProducerNodeInstanceRequestRepresentation_Factory: loaded 2 times (x 70B)
Class dagger.spi.model.$AutoValue_Key$Builder                                         : loaded 2 times (x 76B)
Class dagger.internal.codegen.validation.AutoValue_SpiModelBindingGraphConverter_ComponentNodeImpl: loaded 2 times (x 86B)
Class com.google.common.graph.StandardMutableNetwork                                  : loaded 2 times (x 172B)
Class dagger.internal.codegen.binding.ProvisionBinding$Builder                        : loaded 2 times (x 78B)
Class dagger.internal.codegen.validation.ComponentValidator$ElementValidator          : loaded 2 times (x 71B)
Class dagger.internal.codegen.binding.AutoValue_ComponentRequirement                  : loaded 2 times (x 82B)
Class dagger.internal.codegen.binding.$AutoValue_DelegateBinding                      : loaded 2 times (x 92B)
Class dagger.internal.codegen.base.SourceFileHjarGenerator                            : loaded 2 times (x 76B)
Class dagger.internal.codegen.validation.ComponentHierarchyValidator_Factory          : loaded 2 times (x 80B)
Class dagger.internal.codegen.binding.BindingGraphFactory                             : loaded 2 times (x 70B)
Class dagger.internal.codegen.writing.MembersInjectorGenerator                        : loaded 2 times (x 76B)
Class com.google.common.collect.ImmutableMap$MapViewOfValuesAsSingletonSets$1         : loaded 2 times (x 80B)
Class dagger.internal.codegen.base.ClearableCache                                     : loaded 2 times (x 68B)
Class dagger.internal.codegen.binding.MonitoringModules_Factory$InstanceHolder        : loaded 2 times (x 69B)
Class dagger.internal.codegen.base.DaggerSuperficialValidation_Factory                : loaded 2 times (x 80B)
Class com.google.common.graph.DirectedGraphConnections$NodeConnection$Succ            : loaded 2 times (x 70B)
Class com.google.common.graph.AbstractBaseGraph                                       : loaded 2 times (x 112B)
Class dagger.hilt.processor.internal.kotlin.KotlinMetadataUtils                       : loaded 2 times (x 69B)
Class kotlin.metadata.KmFunction                                                      : loaded 2 times (x 70B)
Class kotlin.metadata.internal.metadata.jvm.deserialization.JvmNameResolverBase$WhenMappings: loaded 2 times (x 69B)
Class kotlin.metadata.internal.metadata.jvm.JvmProtoBuf$StringTableTypes$Record$Operation$1: loaded 2 times (x 72B)
Class dagger.spi.internal.shaded.androidx.room.compiler.processing.javac.JavacExecutableElement$Companion: loaded 2 times (x 69B)
Class dagger.spi.internal.shaded.androidx.room.compiler.processing.XAnnotationValue   : loaded 2 times (x 68B)
Class kotlin.reflect.jvm.internal.KClassImpl$Data$declaredMembers$2                   : loaded 2 times (x 77B)
Class kotlin.reflect.jvm.internal.pcollections.ConsPStack                             : loaded 2 times (x 77B)
Class org.jetbrains.org.objectweb.asm.ClassTooLargeException                          : loaded 2 times (x 81B)
Class org.jetbrains.kotlin.gradle.tasks.configuration.AbstractKotlinCompileConfig$2$4 : loaded 2 times (x 73B)
Class org.jetbrains.kotlin.gradle.tasks.KotlinCompile$scriptSources$1                 : loaded 2 times (x 73B)
Class org.jetbrains.kotlin.build.report.metrics.BuildAttribute$Companion              : loaded 2 times (x 69B)
Class org.jetbrains.kotlin.gradle.plugin.diagnostics.checkers.CInteropInputChecker$runChecks$2: loaded 2 times (x 73B)
Class org.jetbrains.kotlin.gradle.tasks.configuration.KaptGenerateStubsConfig$Companion: loaded 2 times (x 69B)
Class org.jetbrains.kotlin.gradle.internal.KotlinTestDependencyManagementKt$maybeAddTestDependencyCapability$1: loaded 2 times (x 73B)
Class org.jetbrains.kotlin.gradle.plugin.diagnostics.CheckKotlinGradlePluginConfigurationErrorsKt: loaded 2 times (x 69B)
Class org.jetbrains.kotlin.gradle.targets.js.npm.NpmDependencyExtensionKt$AddNpmDependencyExtensionProjectSetupAction$1$WhenMappings: loaded 2 times (x 69B)
Class org.jetbrains.kotlin.gradle.plugin.mpp.KotlinJvmAndroidCompilation              : loaded 2 times (x 196B)
Class org.jetbrains.kotlin.gradle.targets.CreateDefaultCompilationsSideEffectKt$CreateDefaultCompilationsSideEffect$1: loaded 2 times (x 72B)
Class org.jetbrains.kotlin.gradle.targets.native.internal.AddKotlinPlatformIntegersSupportLibraryKt$AddKotlinPlatformIntegersSupportLibrary$1: loaded 2 times (x 93B)
Class org.jetbrains.kotlin.gradle.plugin.mpp.ApplyUserDefinedAttributesKt             : loaded 2 times (x 69B)
Class org.jetbrains.kotlin.tooling.core.TypeUtils$WhenMappings                        : loaded 2 times (x 69B)
Class org.jetbrains.kotlin.gradle.utils.FutureImpl                                    : loaded 2 times (x 78B)
Class org.jetbrains.kotlin.gradle.internal.properties.NativePropertiesLoader$isToolchainEnabled$1: loaded 2 times (x 73B)
Class [Lorg.jetbrains.kotlin.statistics.metrics.NumericalMetrics;                     : loaded 2 times (x 67B)
Class org.gradle.accessors.dm.LibrariesForLibs$AndroidxCredentialsPlayLibraryAccessors: loaded 2 times (x 75B)
Class org.gradle.accessors.dm.LibrariesForLibs_Decorated                              : loaded 2 times (x 142B)
Class org.gradle.accessors.dm.LibrariesForLibs$CoilLibraryAccessors                   : loaded 2 times (x 75B)
Class org.jetbrains.plugins.gradle.ExternalDependencyId                               : loaded 2 times (x 68B)
Class com.amazon.ion.impl._Private_RecyclingStack                                     : loaded 2 times (x 77B)
Class com.amazon.ion.impl._Private_IonReaderBuilder                                   : loaded 2 times (x 93B)
Class com.amazon.ion.IonMutableCatalog                                                : loaded 2 times (x 68B)
Class com.intellij.gradle.toolingExtension.impl.model.buildScriptClasspathModel.GradleBuildScriptClasspathSerializationService$WriteContext: loaded 2 times (x 70B)
Class org.gradle.tooling.internal.adapter.ProtocolToModelAdapter                      : loaded 2 times (x 78B)
Class org.gradle.internal.InternalTransformer                                         : loaded 2 times (x 68B)
Class dagger.spi.internal.shaded.androidx.room.compiler.codegen.XTypeSpec$Companion   : loaded 2 times (x 69B)
Class dagger.spi.internal.shaded.androidx.room.compiler.codegen.XFunSpec$Builder$Companion: loaded 2 times (x 69B)
Class dagger.spi.internal.shaded.androidx.room.compiler.codegen.impl.XCodeBlockImpl$Builder: loaded 2 times (x 86B)
Class dagger.internal.codegen.writing.ProvisionBindingRepresentation_Factory_Impl     : loaded 2 times (x 73B)
Class dagger.internal.codegen.writing.MembersInjectorProviderCreationExpression_Factory_Impl: loaded 2 times (x 73B)
Class dagger.internal.codegen.writing.SubcomponentCreatorRequestRepresentation$Factory: loaded 2 times (x 68B)
Class dagger.internal.codegen.validation.ModuleValidator$ModuleMethodKind             : loaded 2 times (x 77B)
Class dagger.internal.codegen.processingstep.ComponentProcessingStep_Factory          : loaded 2 times (x 80B)
Class dagger.internal.codegen.writing.ModuleProxies_ModuleConstructorProxyGenerator_Factory: loaded 2 times (x 80B)
Class com.google.common.collect.Collections2                                          : loaded 2 times (x 69B)
Class dagger.internal.codegen.processingstep.AssistedFactoryProcessingStep_Factory    : loaded 2 times (x 80B)
Class dagger.internal.codegen.validation.ComponentCreatorValidator_Factory            : loaded 2 times (x 80B)
Class dagger.internal.codegen.binding.MonitoringModules_Factory                       : loaded 2 times (x 79B)
Class dagger.internal.codegen.binding.InjectionAnnotations_Factory                    : loaded 2 times (x 80B)
Class dagger.internal.codegen.validation.SpiModelBindingGraphConverter$BindingNodeImpl: loaded 2 times (x 102B)
Class dagger.internal.codegen.writing.ComponentMethodRequestRepresentation_Factory_Impl: loaded 2 times (x 73B)
Class dagger.hilt.processor.internal.definecomponent.AutoValue_DefineComponentMetadatas_DefineComponentMetadata: loaded 2 times (x 74B)
Class dagger.spi.internal.shaded.com.google.auto.common.GeneratedAnnotations          : loaded 2 times (x 69B)
Class dagger.internal.codegen.writing.SetRequestRepresentation_Factory_Impl           : loaded 2 times (x 73B)
Class dagger.internal.Factory                                                         : loaded 2 times (x 68B)
Class kotlin.metadata.Attributes$isReified$2                                          : loaded 2 times (x 135B)
Class kotlin.metadata.internal.metadata.ProtoBuf$ContractOrBuilder                    : loaded 2 times (x 68B)
Class kotlin.metadata.internal.protobuf.AbstractParser                                : loaded 2 times (x 142B)
Class dagger.internal.codegen.writing.DirectInstanceBindingRepresentation$Factory     : loaded 2 times (x 68B)
Class dagger.internal.codegen.writing.DelegatingFrameworkInstanceCreationExpression$Factory: loaded 2 times (x 68B)
Class dagger.spi.internal.shaded.androidx.room.compiler.codegen.kotlin.KotlinAnnotationSpec: loaded 2 times (x 74B)
Class com.android.builder.model.v2.ide.AndroidGradlePluginProjectFlags$BooleanFlag    : loaded 2 times (x 77B)
Class org.jetbrains.kotlin.gradle.tasks.configuration.AbstractKotlinCompileConfig$2$5 : loaded 2 times (x 73B)
Class org.jetbrains.kotlin.gradle.tasks.CompileUsingKotlinDaemonWithNormalization     : loaded 2 times (x 68B)
Class org.jetbrains.kotlin.gradle.plugin.mpp.compilationImpl.factory.KotlinCompilationImplFactory$PostConfigure$Companion: loaded 2 times (x 69B)
Class com.android.ide.common.gradle.Separator                                         : loaded 2 times (x 77B)
Class org.jetbrains.kotlin.gradle.internal.KotlinDomApiDependencyManagementKt$configureKotlinDomApiDefaultDependency$1: loaded 2 times (x 77B)
Class org.jetbrains.kotlin.gradle.targets.js.npm.DefaultDevNpmDependencyExtension     : loaded 2 times (x 143B)
Class [Lorg.jetbrains.kotlin.gradle.plugin.HasKotlinDependencies;                     : loaded 2 times (x 67B)
Class org.jetbrains.kotlin.gradle.tasks.DefaultKotlinJavaToolchain$Companion$wireJvmTargetToToolchain$1: loaded 2 times (x 73B)
Class org.jetbrains.kotlin.gradle.plugin.diagnostics.checkers.JsLikeEnvironmentChecker: loaded 2 times (x 74B)
Class org.jetbrains.kotlin.gradle.plugin.KotlinPlatformType                           : loaded 2 times (x 80B)
Class org.jetbrains.kotlin.gradle.plugin.KotlinGradleBuildServices$Companion          : loaded 2 times (x 69B)
Class org.jetbrains.kotlin.gradle.internal.properties.PropertiesBuildServiceKt        : loaded 2 times (x 69B)
Class org.objectweb.asm.ClassWriter                                                   : loaded 2 times (x 104B)
Class org.gradle.internal.impldep.gnu.trove.TObjectCanonicalHashingStrategy           : loaded 2 times (x 78B)
Class org.gradle.internal.time.DefaultTimer                                           : loaded 2 times (x 78B)
Class org.gradle.internal.classloader.ClasspathUtil$1                                 : loaded 2 times (x 74B)
Class dagger.internal.codegen.xprocessing.XFunSpecs                                   : loaded 2 times (x 69B)
Class dagger.internal.codegen.xprocessing.XPropertySpecs                              : loaded 2 times (x 69B)
Class dagger.internal.codegen.writing.ComponentRequirementRequestRepresentation$Factory: loaded 2 times (x 70B)
Class dagger.internal.codegen.writing.MembersInjectionBindingRepresentation_Factory_Impl: loaded 2 times (x 73B)
Class dagger.internal.codegen.validation.$AutoValue_SpiModelBindingGraphConverter_BindingGraphImpl: loaded 2 times (x 95B)
Class org.gradle.internal.service.UnknownServiceException                             : loaded 2 times (x 81B)
Class kotlin.collections.CollectionsKt___CollectionsKt$asSequence$$inlined$Sequence$1 : loaded 2 times (x 73B)
Class dagger.spi.internal.shaded.androidx.room.compiler.processing.XTypeVariableType  : loaded 2 times (x 68B)
Class org.gradle.internal.impldep.gnu.trove.TObjectHash$NULL                          : loaded 2 times (x 69B)
Class dagger.internal.codegen.model.AutoValue_DependencyRequest                       : loaded 2 times (x 74B)
Class [[Ldagger.internal.codegen.compileroption.ProcessingEnvironmentCompilerOptions$CommandLineOption;: loaded 2 times (x 67B)
Class dagger.internal.codegen.processingstep.BindingMethodProcessingStep              : loaded 2 times (x 84B)
Class dagger.spi.internal.shaded.androidx.room.compiler.processing.XConstructorType   : loaded 2 times (x 68B)
Class com.google.common.graph.DirectedGraphConnections$3$1                            : loaded 2 times (x 80B)
Class com.amazon.ion.impl.lite.IonBoolLite                                            : loaded 2 times (x 176B)
Class com.squareup.javapoet.JavaFile$Builder                                          : loaded 2 times (x 70B)
Class org.jetbrains.plugins.gradle.model.ExternalSourceDirectorySet                   : loaded 2 times (x 68B)
Class kotlin.metadata.internal.protobuf.SmallSortedMap$Entry                          : loaded 2 times (x 86B)
Class com.google.common.util.concurrent.AbstractFuture$SafeAtomicHelper               : loaded 2 times (x 77B)
Class [Lorg.objectweb.asm.AnnotationVisitor;                                          : loaded 2 times (x 67B)
Class org.jetbrains.kotlin.gradle.plugin.internal.DefaultSourceSetCompatibilityHelperVariantFactory: loaded 2 times (x 74B)
Class dagger.hilt.processor.internal.aliasof.AliasOfProcessor                         : loaded 2 times (x 98B)
Class org.jetbrains.kotlin.gradle.plugin.diagnostics.TransformActionUsingKotlinToolingDiagnostics$Companion: loaded 2 times (x 69B)
Class org.jetbrains.kotlin.gradle.plugin.BuildFinishedListenerService$Companion$registerIfAbsent$1: loaded 2 times (x 72B)
Class org.jetbrains.kotlin.gradle.plugin.diagnostics.ToolingDiagnosticRenderingOptions$Companion: loaded 2 times (x 69B)
Class org.jetbrains.kotlin.gradle.dsl.KotlinJvmCompilerOptionsHelper                  : loaded 2 times (x 69B)
Class org.jetbrains.kotlin.gradle.tasks.DefaultKotlinJavaToolchain$Companion$wireJvmTargetToToolchain$2: loaded 2 times (x 73B)
Class org.jetbrains.kotlin.gradle.plugin.ProjectLocalConfigurations$ProjectLocalDisambiguation: loaded 2 times (x 74B)
Class org.jetbrains.kotlin.gradle.plugin.mpp.apple.swiftexport.internal.SwiftExportInitKt: loaded 2 times (x 69B)
Class org.jetbrains.kotlin.gradle.plugin.KotlinGradleBuildServices$detectKotlinPluginLoadedInMultipleProjects$onRegister$1$1: loaded 2 times (x 73B)
Class org.jetbrains.kotlin.gradle.internal.properties.PropertiesBuildService$NullableStringGradleProperty: loaded 2 times (x 74B)
Class org.jetbrains.kotlin.gradle.plugin.internal.IdeaSyncDetector                    : loaded 2 times (x 68B)
Class org.jetbrains.kotlin.gradle.plugin.internal.ConfigurationCacheStartParameterAccessor$Factory: loaded 2 times (x 68B)
Class org.objectweb.asm.FieldVisitor                                                  : loaded 2 times (x 75B)
Class com.amazon.ion.impl.bin.PooledBlockAllocatorProvider$PooledBlockAllocator$1     : loaded 2 times (x 77B)
Class com.amazon.ion.impl.lite.IonStringLite                                          : loaded 2 times (x 210B)
Class org.gradle.tooling.internal.adapter.ProtocolToModelAdapter$ViewKey              : loaded 2 times (x 70B)
Class org.gradle.api.internal.classpath.DefaultModuleRegistry$DefaultModule           : loaded 2 times (x 84B)
Class com.squareup.kotlinpoet.TypeSpec                                                : loaded 2 times (x 78B)
Class dagger.spi.internal.shaded.androidx.room.compiler.codegen.java.JavaFunSpec$Builder: loaded 2 times (x 89B)
Class [Ldagger.spi.internal.shaded.androidx.room.compiler.codegen.XAnnotationSpec$Builder;: loaded 2 times (x 67B)
Class com.squareup.kotlinpoet.OriginatingElementsHolderKt                             : loaded 2 times (x 69B)
Class dagger.spi.model.Key$Builder                                                    : loaded 2 times (x 74B)
Class kotlin.metadata.jvm.internal.JvmTypeParameterExtension                          : loaded 2 times (x 75B)
Class org.jetbrains.kotlin.gradle.internal.properties.PropertiesBuildService$NullableBooleanGradleProperty: loaded 2 times (x 74B)
Class org.jetbrains.kotlin.build.report.metrics.GradleBuildPerformanceMetric          : loaded 2 times (x 90B)
Class dagger.internal.codegen.binding.InjectionSiteFactory$InjectionSiteVisitor       : loaded 2 times (x 70B)
Class org.jetbrains.kotlin.gradle.targets.native.toolchain.UnzipTransformationAction$Inject1: loaded 2 times (x 109B)
Class dagger.spi.internal.shaded.androidx.room.compiler.processing.util.MemoizedSequence$CachedIterator: loaded 2 times (x 77B)
Class dagger.internal.codegen.model.BindingGraph$MaybeBinding                         : loaded 2 times (x 68B)
Class dagger.internal.codegen.validation.BindsOptionalOfMethodValidator$Validator     : loaded 2 times (x 78B)
Class dagger.internal.codegen.ServiceLoaders                                          : loaded 2 times (x 69B)
Class org.jetbrains.kotlin.gradle.targets.js.npm.NpmDependencyExtensionKt$AddNpmDependencyExtensionProjectSetupAction$1: loaded 2 times (x 72B)
Class com.google.common.graph.DirectedGraphConnections$3$2                            : loaded 2 times (x 80B)
Class com.google.common.graph.StandardMutableValueGraph                               : loaded 2 times (x 172B)
Class com.google.common.graph.Graph                                                   : loaded 2 times (x 68B)
Class org.jetbrains.kotlin.gradle.plugin.diagnostics.checkers.WasmJsEnvironmentChecker$1: loaded 2 times (x 76B)
Class dagger.hilt.android.processor.internal.androidentrypoint.AndroidEntryPointMetadata$AndroidType: loaded 2 times (x 77B)
Class org.jetbrains.kotlin.gradle.dsl.AndroidMainSourceSetConventionsChecker          : loaded 2 times (x 72B)
Class org.jetbrains.kotlin.name.ClassId                                               : loaded 2 times (x 70B)
Class com.google.common.reflect.Reflection                                            : loaded 2 times (x 69B)
Class org.jetbrains.kotlin.gradle.internal.transforms.BuildToolsApiClasspathEntrySnapshotTransform$Parameters$Inject: loaded 2 times (x 116B)
Class org.jetbrains.kotlin.gradle.plugin.diagnostics.CheckKotlinGradlePluginConfigurationErrors_Decorated: loaded 2 times (x 363B)
Class org.jetbrains.kotlin.gradle.plugin.statistics.BuildFinishMetrics$reportGlobalMetrics$1: loaded 2 times (x 77B)
Class org.jetbrains.kotlin.buildtools.api.KotlinLogger                                : loaded 2 times (x 68B)
Class org.jetbrains.kotlin.gradle.plugin.AbstractKotlinPlugin$Companion$setUpJavaSourceSets$1$1$1: loaded 2 times (x 73B)
Class org.jetbrains.kotlin.gradle.plugin.mpp.compilationImpl.KotlinCompilationSourceSetInclusion$DefaultAddSourcesToCompileTask$addSources$1: loaded 2 times (x 77B)
Class org.jetbrains.kotlin.gradle.plugin.internal.IdeaPropertiesEvaluator             : loaded 2 times (x 70B)
Class org.jetbrains.kotlin.gradle.plugin.diagnostics.checkers.WasmSourceSetsNotFoundChecker$wasmSourceSetRegex$2: loaded 2 times (x 76B)
Class org.jetbrains.kotlin.gradle.plugin.mpp.compilationImpl.KotlinCompilationSideEffect: loaded 2 times (x 68B)
Class org.jetbrains.kotlin.gradle.plugin.KotlinGradlePluginExtensionPoint             : loaded 2 times (x 68B)
Class org.jetbrains.kotlin.tooling.core.ExtrasUtilsKt                                 : loaded 2 times (x 69B)
Class org.jetbrains.kotlin.buildtools.api.ExperimentalBuildToolsApi                   : loaded 2 times (x 68B)
Class org.jetbrains.kotlin.gradle.utils.ResourceUtilsKt                               : loaded 2 times (x 69B)
Class org.jetbrains.kotlin.gradle.plugin.KotlinPluginWrapperKt$kotlinPluginVersionFromResources$1: loaded 2 times (x 76B)
Class com.android.builder.model.v2.CustomSourceDirectory                              : loaded 2 times (x 68B)
Class com.android.ide.common.repository.AgpVersion                                    : loaded 2 times (x 73B)
Class com.amazon.ion.impl.bin.Block                                                   : loaded 2 times (x 77B)
Class org.gradle.tooling.internal.adapter.ProtocolToModelAdapter$PropertyCachingMethodInvoker: loaded 2 times (x 74B)
Class dagger.internal.codegen.writing.InjectionMethods$InjectionSiteMethod            : loaded 2 times (x 69B)
Class dagger.internal.codegen.writing.ProducerFromProviderCreationExpression_Factory$InstanceHolder: loaded 2 times (x 69B)
Class dagger.internal.codegen.validation.AutoValue_SpiModelBindingGraphConverter_DaggerAnnotationImpl: loaded 2 times (x 75B)
Class org.jetbrains.kotlin.gradle.targets.js.npm.PeerNpmDependencyExtension           : loaded 2 times (x 68B)
Class com.google.common.base.Predicates$InPredicate                                   : loaded 2 times (x 86B)
Class com.google.common.collect.FilteredKeySetMultimap$EntrySet                       : loaded 2 times (x 147B)
Class org.jetbrains.kotlin.gradle.plugin.diagnostics.checkers.UnusedSourceSetsChecker$runChecks$1: loaded 2 times (x 86B)
Class dagger.internal.codegen.validation.BindingMethodValidator$Abstractness          : loaded 2 times (x 77B)
Class dagger.internal.codegen.validation.AssistedValidator_Factory                    : loaded 2 times (x 80B)
Class dagger.internal.codegen.ProcessingEnvironmentModule_MessagerFactory             : loaded 2 times (x 80B)
Class [Lorg.jetbrains.kotlin.konan.target.Family;                                     : loaded 2 times (x 67B)
Class org.jetbrains.kotlin.konan.target.HostManager$targetValues$2                    : loaded 2 times (x 76B)
Class com.squareup.javapoet.MethodSpec$Builder                                        : loaded 2 times (x 70B)
Class kotlin.metadata.internal.metadata.deserialization.Flags                         : loaded 2 times (x 69B)
Class kotlin.metadata.jvm.internal.JvmConstructorExtension                            : loaded 2 times (x 75B)
Class org.jetbrains.kotlin.gradle.model.KotlinProject                                 : loaded 2 times (x 68B)
Class kotlin.metadata.internal.metadata.deserialization.NameResolver                  : loaded 2 times (x 68B)
Class kotlin.metadata.internal.metadata.ProtoBuf$Annotation                           : loaded 2 times (x 107B)
Class kotlin.reflect.jvm.internal.KClassImpl$Data$inheritedStaticMembers$2            : loaded 2 times (x 77B)
Class org.jetbrains.kotlin.gradle.plugin.statistics.ExecutedTaskMetrics               : loaded 2 times (x 69B)
Class org.jetbrains.kotlin.gradle.tasks.CacheableTasksKt                              : loaded 2 times (x 69B)
Class org.jetbrains.kotlin.gradle.tasks.KotlinJvmCompile$DefaultImpls                 : loaded 2 times (x 69B)
Class org.jetbrains.kotlin.gradle.plugin.CreateCompilerArgumentsContextImpl           : loaded 2 times (x 73B)
Class dagger.hilt.processor.internal.aggregateddeps.AggregatedDepsProcessor           : loaded 2 times (x 98B)
Class dagger.hilt.processor.internal.BaseProcessingStep                               : loaded 2 times (x 84B)
Class org.jetbrains.org.objectweb.asm.FieldVisitor                                    : loaded 2 times (x 74B)
Class org.jetbrains.kotlin.gradle.tasks.UsesKotlinJavaToolchain$DefaultImpls          : loaded 2 times (x 69B)
Class org.jetbrains.kotlin.build.report.metrics.BuildAttributeKind$Companion          : loaded 2 times (x 69B)
Class com.android.builder.model.v2.models.ProjectSyncIssues                           : loaded 2 times (x 68B)
Class org.jetbrains.kotlin.gradle.plugin.mpp.KotlinTargetSoftwareComponentImplKt$KotlinTargetSoftwareComponent$1$1$1: loaded 2 times (x 73B)
Class org.jetbrains.kotlin.gradle.tasks.configuration.KaptGenerateStubsConfig$Companion$configureLibraries$1: loaded 2 times (x 77B)
Class org.jetbrains.kotlin.gradle.plugin.mpp.compilationImpl.KotlinCompilationSourceSetInclusion$DefaultAddSourcesToCompileTask$addSources$2: loaded 2 times (x 77B)
Class org.jetbrains.kotlin.gradle.tasks.AbstractKotlinCompile                         : loaded 2 times (x 451B)
Class org.jetbrains.kotlin.gradle.plugin.KotlinCompilationOutput                      : loaded 2 times (x 68B)
Class org.jetbrains.kotlin.gradle.plugin.diagnostics.CheckKotlinGradlePluginConfigurationErrorsKt$addDependsOnFromTasksThatShouldFailWhenErrorsReported$1: loaded 2 times (x 73B)
Class org.jetbrains.kotlin.konan.target.KonanTarget$TVOS_X64                          : loaded 2 times (x 76B)
Class org.jetbrains.kotlin.gradle.targets.native.internal.SetupKotlinNativePlatformDependenciesAndStdlibKt$SetupKotlinNativePlatformDependenciesForLegacyImport$1: loaded 2 times (x 93B)
Class org.jetbrains.kotlin.gradle.plugin.diagnostics.KotlinToolingDiagnosticsSetupActionKt: loaded 2 times (x 69B)
Class org.jetbrains.kotlin.gradle.plugin.KotlinGradleBuildServices$Parameters$Inject  : loaded 2 times (x 104B)
Class org.jetbrains.kotlin.gradle.plugin.statistics.BuildFusService$Companion$registerIfAbsentImpl$2: loaded 2 times (x 73B)
Class org.jetbrains.kotlin.gradle.plugin.KotlinPluginWrapperKt$kotlinPluginVersionFromResources$1$1: loaded 2 times (x 69B)
Class org.jetbrains.plugins.gradle.model.ExternalTask                                 : loaded 2 times (x 68B)
Class com.amazon.ion.impl.bin.utf8.Utf8StringEncoderPool$1                            : loaded 2 times (x 74B)
Class com.amazon.ion.impl.lite.IonLoaderLite                                          : loaded 2 times (x 80B)
Class com.amazon.ion.impl.lite.IonContext                                             : loaded 2 times (x 68B)
Class com.amazon.ion.impl.IonWriterSystemText                                         : loaded 2 times (x 188B)
Class [Lcom.amazon.ion.impl.bin.IonManagedBinaryWriter$ImportedSymbolResolverMode;    : loaded 2 times (x 67B)
Class com.amazon.ion.ValueFactory                                                     : loaded 2 times (x 68B)
Class org.gradle.internal.time.DefaultCountdownTimer                                  : loaded 2 times (x 86B)
Class dagger.internal.codegen.xprocessing.XExpression                                 : loaded 2 times (x 70B)
Class dagger.internal.codegen.binding.DependencyEdgeImpl                              : loaded 2 times (x 74B)
Class dagger.internal.codegen.binding.$AutoValue_MultiboundMapBinding$Builder         : loaded 2 times (x 95B)
Class com.google.common.collect.FilteredMultimap                                      : loaded 2 times (x 68B)
Class dagger.internal.codegen.validation.ComponentDescriptorValidator$ComponentValidation: loaded 2 times (x 70B)
Class dagger.internal.codegen.binding.$AutoValue_DelegateDeclaration                  : loaded 2 times (x 81B)
Class dagger.internal.codegen.bindinggraphvalidation.MapMultibindingValidator_Factory : loaded 2 times (x 80B)
Class kotlin.metadata.internal.metadata.ProtoBuf$Effect$EffectType                    : loaded 2 times (x 80B)
Class org.jetbrains.kotlin.cli.common.arguments.Argument                              : loaded 2 times (x 68B)
Class org.jetbrains.kotlin.gradle.plugin.statistics.BuildFinishMetrics$reportBuildFinished$1: loaded 2 times (x 77B)
Class dagger.internal.codegen.xprocessing.XTypes$1                                    : loaded 2 times (x 69B)
Class com.squareup.kotlinpoet.LineWrapper                                             : loaded 2 times (x 76B)
Class kotlin.metadata.internal.metadata.ProtoBuf$Package                              : loaded 2 times (x 127B)
Class dagger.spi.internal.shaded.androidx.room.compiler.processing.XArrayType         : loaded 2 times (x 68B)
Class dagger.spi.internal.shaded.androidx.room.compiler.processing.InternalXAnnotationValue: loaded 2 times (x 153B)
Class org.jetbrains.kotlin.cli.common.CompilerSystemProperties                        : loaded 2 times (x 78B)
Class org.jetbrains.kotlin.gradle.plugin.diagnostics.CheckKotlinGradlePluginConfigurationErrors$Companion: loaded 2 times (x 69B)
Class com.squareup.kotlinpoet.Dynamic                                                 : loaded 2 times (x 80B)
Class com.squareup.javapoet.ParameterizedTypeName                                     : loaded 2 times (x 79B)
Class com.google.common.base.AbstractIterator$State                                   : loaded 2 times (x 77B)
Class com.google.common.reflect.Types$ClassOwnership$1                                : loaded 2 times (x 78B)
Class dagger.spi.internal.shaded.androidx.room.compiler.processing.XElementKt         : loaded 2 times (x 69B)
Class org.apache.commons.io.output.NullOutputStream                                   : loaded 2 times (x 83B)
Class org.jetbrains.kotlin.gradle.plugin.KotlinPlatformCommonPlugin                   : loaded 2 times (x 75B)
Class org.jetbrains.kotlin.gradle.utils.WhenEvaluatedKt$whenEvaluated$3               : loaded 2 times (x 77B)
Class org.jetbrains.kotlin.tooling.core.Extras$Entry                                  : loaded 2 times (x 70B)
Class org.jetbrains.kotlin.gradle.plugin.sources.InternalKotlinSourceSetKt            : loaded 2 times (x 69B)
Class org.jetbrains.kotlin.gradle.internal.Kapt3GradleSubplugin$Kapt3SubpluginContext : loaded 2 times (x 70B)
Class org.jetbrains.kotlin.gradle.artifacts.KotlinTargetArtifact                      : loaded 2 times (x 68B)
Class org.jetbrains.kotlin.gradle.dsl.KotlinJvmCompilerOptionsDefault_Decorated       : loaded 2 times (x 163B)
Class org.jetbrains.kotlin.gradle.plugin.HasKotlinDependencies                        : loaded 2 times (x 68B)
Class org.jetbrains.kotlin.gradle.targets.native.toolchain.KotlinNativeBundleBuildService$Companion: loaded 2 times (x 69B)
Class org.jetbrains.kotlin.gradle.plugin.BuildEventsListenerRegistryHolder_Decorated  : loaded 2 times (x 117B)
Class org.jetbrains.kotlin.gradle.plugin.statistics.BuildFusService$Companion$registerIfAbsentImpl$2$1: loaded 2 times (x 73B)
Class org.jetbrains.kotlin.gradle.plugin.statistics.MetricContainer                   : loaded 2 times (x 70B)
Class org.jetbrains.kotlin.gradle.plugin.statistics.old.Pre232IdeaKotlinBuildStatsMXBean: loaded 2 times (x 68B)
Class org.jetbrains.kotlin.gradle.plugin.statistics.KotlinBuildStatsServicesRegistry  : loaded 2 times (x 76B)
Class org.jetbrains.kotlin.gradle.plugin.internal.DefaultJavaSourceSetsAccessorVariantFactory: loaded 2 times (x 74B)
Class org.jetbrains.kotlin.gradle.plugin.VariantImplementationFactoriesConfigurator   : loaded 2 times (x 74B)
Class org.gradle.accessors.dm.LibrariesForLibs$PluginAccessors                        : loaded 2 times (x 78B)
Class com.amazon.ion.impl._Private_IonReaderBuilder$TwoElementSequenceInputStream     : loaded 2 times (x 90B)
Class com.amazon.ion.impl.bin.IonManagedBinaryWriter$SymbolResolver                   : loaded 2 times (x 68B)
Class com.amazon.ion.impl._Private_SymbolToken                                        : loaded 2 times (x 68B)
Class com.amazon.ion.impl.bin._Private_IonManagedBinaryWriterBuilder$AllocatorMode    : loaded 2 times (x 78B)
Class org.jetbrains.plugins.gradle.tooling.util.ObjectCollector                       : loaded 2 times (x 70B)
Class org.jetbrains.plugins.gradle.model.GradleTaskModel                              : loaded 2 times (x 68B)
Class org.gradle.tooling.internal.adapter.ProtocolToModelAdapter$AdaptingMethodInvoker: loaded 2 times (x 74B)
Class org.gradle.tooling.internal.gradle.DefaultBuildIdentifier                       : loaded 2 times (x 77B)
Class org.gradle.api.internal.classpath.Module                                        : loaded 2 times (x 68B)
Class com.squareup.kotlinpoet.PropertySpec                                            : loaded 2 times (x 78B)
Class com.squareup.kotlinpoet.CodeBlock                                               : loaded 2 times (x 70B)
Class dagger.spi.internal.shaded.androidx.room.compiler.codegen.XSpec$Builder         : loaded 2 times (x 69B)
Class dagger.internal.codegen.writing.UnscopedFrameworkInstanceCreationExpressionFactory_Factory: loaded 2 times (x 80B)
Class dagger.internal.codegen.writing.MembersInjectorProviderCreationExpression_Factory: loaded 2 times (x 70B)
Class kotlin.metadata.jvm.KotlinClassMetadata$Companion                               : loaded 2 times (x 69B)
Class com.google.common.graph.AbstractNetwork$1                                       : loaded 2 times (x 134B)
Class dagger.internal.codegen.binding.$AutoValue_InjectionBinding                     : loaded 2 times (x 91B)
Class kotlin.metadata.internal.metadata.jvm.JvmProtoBuf$JvmMethodSignature            : loaded 2 times (x 106B)
Class dagger.internal.codegen.model.$AutoValue_Key$Builder                            : loaded 2 times (x 76B)
Class dagger.internal.codegen.binding.BindingDeclaration                              : loaded 2 times (x 78B)
Class dagger.internal.codegen.binding.BindingFactory                                  : loaded 2 times (x 70B)
Class dagger.internal.codegen.validation.ExternalBindingGraphPlugins_Factory          : loaded 2 times (x 80B)
Class dagger.internal.codegen.validation.DependencyRequestValidator_Factory           : loaded 2 times (x 80B)
Class com.squareup.javapoet.LineWrapper$1                                             : loaded 2 times (x 69B)
Class com.google.common.graph.Traverser$InsertionOrder                                : loaded 2 times (x 78B)
Class com.squareup.javapoet.AnnotationSpec$Builder                                    : loaded 2 times (x 70B)
Class javax.inject.Provider                                                           : loaded 2 times (x 68B)
Class kotlin.metadata.internal.metadata.deserialization.Flags$BooleanFlagField        : loaded 2 times (x 74B)
Class [Lkotlin.metadata.internal.protobuf.Internal$EnumLite;                          : loaded 2 times (x 67B)
Class kotlin.metadata.internal.metadata.ProtoBuf$Property                             : loaded 2 times (x 149B)
Class dagger.internal.codegen.xprocessing.XAnnotationValues                           : loaded 2 times (x 69B)
Class dagger.spi.internal.shaded.com.google.auto.common.MoreTypes$DeclaredTypeVisitor : loaded 2 times (x 100B)
Class net.ltgt.gradle.incap.IncrementalAnnotationProcessorType                        : loaded 2 times (x 77B)
Class kotlin.reflect.jvm.internal.pcollections.IntTree                                : loaded 2 times (x 70B)
Class dagger.hilt.processor.internal.aggregateddeps.AutoValue_ComponentDependencies$Builder: loaded 2 times (x 74B)
Class dagger.spi.internal.shaded.androidx.room.compiler.processing.javac.JavacTypeElement$DefaultJavacTypeElement: loaded 2 times (x 296B)
Class dagger.spi.internal.shaded.androidx.room.compiler.processing.XParameterizable   : loaded 2 times (x 68B)
Class [Lkotlin.metadata.internal.metadata.ProtoBuf$Type$Argument$Projection;          : loaded 2 times (x 67B)
Class org.jetbrains.kotlin.gradle.tasks.DefaultKotlinJavaToolchain$getToolsJarFromJvm$1$1: loaded 2 times (x 77B)
Class org.jetbrains.kotlin.gradle.tasks.KotlinCompile$ClasspathSnapshotProperties_Decorated: loaded 2 times (x 135B)
Class org.jetbrains.kotlin.gradle.report.BuildReportsService$Companion                : loaded 2 times (x 69B)
Class org.jetbrains.kotlin.gradle.utils.WhenEvaluatedKt$whenEvaluated$4               : loaded 2 times (x 73B)
Class org.jetbrains.kotlin.gradle.internal.transforms.BuildToolsApiClasspathEntrySnapshotTransform$Parameters_Decorated: loaded 2 times (x 153B)
Class org.jetbrains.kotlin.gradle.plugin.mpp.compilationImpl.KotlinCompilationSourceSetInclusion$Companion$includedSourceSets$2: loaded 2 times (x 76B)
Class org.jetbrains.kotlin.gradle.plugin.diagnostics.KotlinToolingDiagnosticsSetupActionKt$KotlinToolingDiagnosticsSetupAction$1$1: loaded 2 times (x 73B)
Class org.jetbrains.kotlin.gradle.targets.js.npm.NpmDirectoryDependencyWithExternalsExtension: loaded 2 times (x 68B)
Class org.jetbrains.kotlin.gradle.plugin.KotlinProjectSetupAction                     : loaded 2 times (x 68B)
Class org.jetbrains.kotlin.gradle.plugin.KotlinGradleFinishBuildHandler$Companion     : loaded 2 times (x 69B)
Class com.intellij.openapi.externalSystem.model.project.IExternalSystemSourceType     : loaded 2 times (x 68B)
Class com.amazon.ion.impl._Private_IonReaderBuilder$Mutable                           : loaded 2 times (x 93B)
Class org.gradle.api.internal.classpath.UnknownModuleException                        : loaded 2 times (x 80B)
Class dagger.internal.codegen.xprocessing.XAnnotationSpecs$Builder                    : loaded 2 times (x 70B)
Class dagger.internal.codegen.writing.ProviderInstanceRequestRepresentation_Factory   : loaded 2 times (x 70B)
Class dagger.internal.codegen.writing.SetFactoryCreationExpression_Factory_Impl       : loaded 2 times (x 73B)
Class dagger.internal.codegen.writing.DelegateRequestRepresentation_Factory_Impl      : loaded 2 times (x 73B)
Class dagger.spi.model.DaggerElement                                                  : loaded 2 times (x 72B)
Class dagger.spi.model.ComponentPath                                                  : loaded 2 times (x 71B)
Class dagger.internal.codegen.binding.AssistedInjectionBinding                        : loaded 2 times (x 90B)
Class dagger.spi.internal.shaded.androidx.room.compiler.codegen.compat.XConverters    : loaded 2 times (x 69B)
Class dagger.internal.codegen.binding.ComponentRequirement                            : loaded 2 times (x 82B)
Class dagger.internal.codegen.binding.BindsTypeChecker$1                              : loaded 2 times (x 69B)
Class dagger.internal.codegen.binding.$AutoValue_ModuleDescriptor                     : loaded 2 times (x 84B)
Class [Ldagger.spi.internal.shaded.androidx.room.compiler.codegen.XTypeName;          : loaded 2 times (x 67B)
Class dagger.internal.codegen.binding.DependencyRequestFactory                        : loaded 2 times (x 70B)
Class dagger.internal.codegen.bindinggraphvalidation.SetMultibindingValidator_Factory : loaded 2 times (x 79B)
Class dagger.internal.codegen.bindinggraphvalidation.DependsOnProductionExecutorValidator_Factory: loaded 2 times (x 80B)
Class com.google.common.graph.DirectedGraphConnections$NodeConnection$Pred            : loaded 2 times (x 70B)
Class com.google.common.graph.ImmutableGraph                                          : loaded 2 times (x 136B)
Class com.google.common.graph.Traverser$InsertionOrder$1                              : loaded 2 times (x 78B)
Class dagger.spi.internal.shaded.androidx.room.compiler.processing.XExecutableParameterElement: loaded 2 times (x 68B)
Class dagger.hilt.processor.internal.definecomponent.DefineComponentMetadatas$DefineComponentMetadata: loaded 2 times (x 73B)
Class kotlin.metadata.KmDeclarationContainer                                          : loaded 2 times (x 68B)
Class kotlin.metadata.internal.metadata.jvm.JvmProtoBuf$JvmFieldSignature$1           : loaded 2 times (x 142B)
Class kotlin.metadata.internal.metadata.ProtoBuf$FunctionOrBuilder                    : loaded 2 times (x 68B)
Class dagger.internal.codegen.xprocessing.AutoValue_Nullability                       : loaded 2 times (x 74B)
Class dagger.hilt.processor.internal.earlyentrypoint.EarlyEntryPointProcessingStep    : loaded 2 times (x 84B)
Class org.apache.commons.io.Charsets                                                  : loaded 2 times (x 69B)
Class org.jetbrains.kotlin.gradle.tasks.KotlinCompile$createCompilerArguments$1$1     : loaded 2 times (x 77B)
Class org.jetbrains.kotlin.cli.common.arguments.K2JVMCompilerArguments$Companion      : loaded 2 times (x 69B)
Class org.jetbrains.kotlin.gradle.plugin.mpp.InternalKotlinTargetComponentKt          : loaded 2 times (x 69B)
Class org.jetbrains.kotlin.config.ApiVersion                                          : loaded 2 times (x 84B)
Class org.jetbrains.kotlin.gradle.plugin.KotlinPluginLifecycleImpl$executeCurrentStageAndScheduleNext$3: loaded 2 times (x 73B)
Class org.jetbrains.kotlin.gradle.plugin.mpp.compilationImpl.KotlinCompilationRegisterInSourceSetsConfigurator$configure$1: loaded 2 times (x 77B)
Class org.jetbrains.kotlin.gradle.plugin.mpp.InternalKotlinTarget$DefaultImpls        : loaded 2 times (x 69B)
Class org.jetbrains.kotlin.gradle.plugin.diagnostics.KotlinToolingDiagnosticsSetupActionKt$KotlinToolingDiagnosticsSetupAction$1$2: loaded 2 times (x 93B)
Class org.jetbrains.kotlin.gradle.targets.js.npm.NpmDependencyWithExternalsExtension  : loaded 2 times (x 68B)
Class org.jetbrains.kotlin.gradle.plugin.mpp.KotlinUsageContext                       : loaded 2 times (x 68B)
Class org.jetbrains.kotlin.gradle.plugin.KotlinTargetsContainer                       : loaded 2 times (x 68B)
Class org.jetbrains.kotlin.compilerRunner.GradleCliCommonizerKt                       : loaded 2 times (x 69B)
Class org.jetbrains.kotlin.gradle.utils.ConfigurationsKt                              : loaded 2 times (x 69B)
Class org.jetbrains.kotlin.gradle.plugin.StatisticsBuildFlowManager                   : loaded 2 times (x 70B)
Class org.jetbrains.kotlin.gradle.plugin.statistics.BuildFusService$Parameters        : loaded 2 times (x 68B)
Class org.jetbrains.kotlin.gradle.plugin.PluginWrappersKt                             : loaded 2 times (x 69B)
Class com.google.common.base.Stopwatch                                                : loaded 2 times (x 70B)
Class org.jetbrains.plugins.gradle.tooling.serialization.ProjectDependenciesSerializationService$ReadContext: loaded 2 times (x 70B)
Class org.gradle.internal.impldep.gnu.trove.TObjectIdentityHashingStrategy            : loaded 2 times (x 76B)
Class com.intellij.openapi.externalSystem.model.project.dependencies.ProjectDependencies: loaded 2 times (x 68B)
Class dagger.spi.internal.shaded.androidx.room.compiler.codegen.kotlin.KotlinFileSpec$Builder: loaded 2 times (x 76B)
Class dagger.spi.internal.shaded.androidx.room.compiler.codegen.impl.XFileSpecImpl$Builder: loaded 2 times (x 76B)
Class com.squareup.kotlinpoet.ParameterizedTypeName$Companion                         : loaded 2 times (x 69B)
Class dagger.internal.codegen.writing.ProvisionBindingRepresentation$1                : loaded 2 times (x 69B)
Class dagger.internal.codegen.writing.ComponentNames_Factory                          : loaded 2 times (x 80B)
Class dagger.internal.codegen.writing.ImmediateFutureRequestRepresentation$Factory    : loaded 2 times (x 68B)
Class com.google.common.graph.NetworkBuilder                                          : loaded 2 times (x 70B)
Class dagger.spi.internal.shaded.com.google.auto.common.MoreTypes$TypeVariableVisitor : loaded 2 times (x 100B)
Class dagger.internal.codegen.binding.MultiboundSetBinding$Builder                    : loaded 2 times (x 78B)
Class dagger.internal.codegen.binding.ComponentBinding$Builder                        : loaded 2 times (x 76B)
Class dagger.internal.codegen.binding.AutoValue_ComponentCreatorDescriptor            : loaded 2 times (x 80B)
Class [Ldagger.internal.codegen.validation.ModuleValidator$ModuleMethodKind;          : loaded 2 times (x 67B)
Class dagger.internal.codegen.xprocessing.XTypeElements$Visibility                    : loaded 2 times (x 77B)
Class dagger.internal.codegen.validation.BindingGraphValidator                        : loaded 2 times (x 70B)
Class dagger.internal.codegen.bindinggraphvalidation.SubcomponentFactoryMethodValidator: loaded 2 times (x 83B)
Class dagger.internal.codegen.binding.OptionalBindingDeclaration$Factory              : loaded 2 times (x 71B)
Class dagger.internal.codegen.binding.DelegateDeclaration                             : loaded 2 times (x 78B)
Class dagger.internal.codegen.processingstep.MultibindingAnnotationsProcessingStep    : loaded 2 times (x 84B)
Class dagger.internal.codegen.binding.AutoValue_ComponentDescriptor_ComponentMethodDescriptor$Builder: loaded 2 times (x 76B)
Class com.google.common.graph.Graphs$NodeVisitState                                   : loaded 2 times (x 77B)
Class com.google.common.graph.Traverser$InsertionOrder$2                              : loaded 2 times (x 78B)
Class dagger.spi.model.BindingGraph$MissingBinding                                    : loaded 2 times (x 80B)
Class kotlin.metadata.jvm.internal.JvmConstructorExtension$Companion                  : loaded 2 times (x 69B)
Class kotlin.metadata.internal.metadata.deserialization.VersionRequirementTable$Companion: loaded 2 times (x 69B)
Class dagger.internal.codegen.writing.OptionalFactoryInstanceCreationExpression_Factory: loaded 2 times (x 70B)
Class kotlin.metadata.internal.protobuf.ExtensionRegistryLite$ObjectIntPair           : loaded 2 times (x 70B)
Class dagger.spi.internal.shaded.androidx.room.compiler.processing.javac.JavacAnnotationValue: loaded 2 times (x 153B)
Class dagger.spi.internal.shaded.androidx.room.compiler.codegen.XPropertySpec$Builder : loaded 2 times (x 68B)
Class kotlin.reflect.jvm.internal.KClassImpl$Data$nestedClasses$2                     : loaded 2 times (x 77B)
Class dagger.spi.internal.shaded.androidx.room.compiler.processing.XProcessingEnv     : loaded 2 times (x 68B)
Class dagger.internal.codegen.writing.SimpleMethodRequestRepresentation               : loaded 2 times (x 72B)
Class org.apache.commons.io.filefilter.IOFileFilter                                   : loaded 2 times (x 68B)
Class com.google.common.io.Files$2                                                    : loaded 2 times (x 74B)
Class org.jetbrains.kotlin.gradle.tasks.KotlinCompile$createCompilerArguments$1$2     : loaded 2 times (x 77B)
Class org.jetbrains.kotlin.gradle.plugin.mpp.InternalKotlinTargetKt                   : loaded 2 times (x 69B)
Class org.jetbrains.kotlin.gradle.plugin.diagnostics.KotlinToolingDiagnosticsSetupActionKt$KotlinToolingDiagnosticsSetupAction$1$3: loaded 2 times (x 73B)
Class org.jetbrains.kotlin.gradle.targets.js.dsl.KotlinTargetWithNodeJsDsl            : loaded 2 times (x 68B)
Class org.jetbrains.kotlin.gradle.plugin.sources.DefaultKotlinSourceSetKt$defaultSourceSetLanguageSettingsChecker$1: loaded 2 times (x 76B)
Class org.jetbrains.kotlin.gradle.plugin.sources.InternalKotlinSourceSet              : loaded 2 times (x 68B)
Class org.jetbrains.kotlin.gradle.plugin.KotlinJvmPlugin                              : loaded 2 times (x 78B)
Class org.jetbrains.kotlin.gradle.plugin.mpp.SyncLanguageSettingsWithKotlinExtensionSetupActionKt$SyncLanguageSettingsWithKotlinExtensionSetupAction$1: loaded 2 times (x 93B)
Class org.jetbrains.kotlin.gradle.dsl.KotlinGradlePluginPublicDsl                     : loaded 2 times (x 68B)
Class org.jetbrains.kotlin.gradle.internal.properties.NativeProperties                : loaded 2 times (x 68B)
Class org.jetbrains.kotlin.statistics.BuildSessionLogger                              : loaded 2 times (x 75B)
Class org.jetbrains.kotlin.gradle.plugin.internal.ConfigurationCacheStartParameterAccessor: loaded 2 times (x 68B)
Class com.google.common.util.concurrent.AbstractFuture$Cancellation                   : loaded 2 times (x 70B)
Class com.google.common.collect.Lists$RandomAccessPartition                           : loaded 2 times (x 198B)
Class dagger.internal.codegen.writing.FrameworkInstanceSupplier                       : loaded 2 times (x 68B)
Class dagger.spi.internal.shaded.androidx.room.compiler.codegen.java.JavaCodeBlock$Builder: loaded 2 times (x 86B)
Class [Ldagger.internal.codegen.writing.ComponentImplementation$CompilerMode;         : loaded 2 times (x 67B)
Class dagger.internal.codegen.writing.AnonymousProviderCreationExpression$Factory     : loaded 2 times (x 68B)
Class dagger.internal.codegen.validation.AutoValue_SpiModelBindingGraphConverter_DaggerTypeElementImpl: loaded 2 times (x 74B)
Class dagger.spi.model.DaggerTypeElement                                              : loaded 2 times (x 72B)
Class dagger.internal.codegen.xprocessing.XAnnotationSpecs$Suppression                : loaded 2 times (x 77B)
Class com.google.common.collect.SortedMultiset                                        : loaded 2 times (x 68B)
Class dagger.internal.codegen.kotlin.MethodMetadata                                   : loaded 2 times (x 75B)
Class org.gradle.api.internal.ClassPathProvider                                       : loaded 2 times (x 68B)
Class [Lorg.gradle.api.internal.ClassPathProvider;                                    : loaded 2 times (x 67B)
Class org.gradle.tooling.ToolingModelContract                                         : loaded 2 times (x 68B)
Class dagger.internal.codegen.base.ModuleKind                                         : loaded 2 times (x 77B)
Class kotlin.text.MatchResult                                                         : loaded 2 times (x 68B)
Class com.amazon.ion.SymbolToken                                                      : loaded 2 times (x 68B)
Class com.google.common.collect.ImmutableMap$IteratorBasedImmutableMap$1EntrySetImpl  : loaded 2 times (x 152B)
Class dagger.internal.codegen.binding.BindsTypeChecker_Factory                        : loaded 2 times (x 80B)
Class com.google.common.graph.Traverser                                               : loaded 2 times (x 71B)
Class com.amazon.ion.impl.bin.IonRawBinaryWriter                                      : loaded 2 times (x 167B)
Class dagger.hilt.processor.internal.generatesrootinput.GeneratesRootInputs           : loaded 2 times (x 70B)
Class kotlin.metadata.internal.metadata.ProtoBuf$Function                             : loaded 2 times (x 150B)
Class dagger.spi.internal.shaded.androidx.room.compiler.processing.XTypeKt            : loaded 2 times (x 69B)
Class com.amazon.ion.impl.SharedSymbolTable                                           : loaded 2 times (x 91B)
Class com.amazon.ion.impl._Private_RecyclingStack$$Iterator                           : loaded 2 times (x 97B)
Class kotlin.reflect.jvm.internal.KClassImpl$Data$annotations$2                       : loaded 2 times (x 77B)
Class org.gradle.accessors.dm.LibrariesForLibs$BundleAccessors                        : loaded 2 times (x 76B)
Class kotlin.reflect.jvm.internal.pcollections.HashPMap                               : loaded 2 times (x 70B)
Class org.jetbrains.kotlin.gradle.plugin.VariantImplementationFactories$Companion$getProvider$2$1: loaded 2 times (x 77B)
Class dagger.spi.internal.shaded.androidx.room.compiler.processing.XAnnotation        : loaded 2 times (x 68B)
Class dagger.hilt.processor.internal.uninstallmodules.UninstallModulesProcessingStep  : loaded 2 times (x 84B)
Class org.jetbrains.org.objectweb.asm.FieldWriter                                     : loaded 2 times (x 75B)
Class org.jetbrains.org.objectweb.asm.MethodVisitor                                   : loaded 2 times (x 102B)
Class kotlin.io.ByteStreamsKt                                                         : loaded 2 times (x 69B)
Class org.jetbrains.kotlin.gradle.tasks.KotlinCompile$createCompilerArguments$1$3     : loaded 2 times (x 77B)
Class org.jetbrains.kotlin.cli.common.arguments.CommonToolArguments$Companion         : loaded 2 times (x 69B)
Class org.jetbrains.kotlin.gradle.utils.FutureKt$future$2$1                           : loaded 2 times (x 93B)
Class [Lorg.jetbrains.kotlin.gradle.plugin.statistics.plugins.ObservablePlugins;      : loaded 2 times (x 67B)
Class org.jetbrains.kotlin.gradle.plugin.internal.BuildIdService$Companion$registerIfAbsent$1$1: loaded 2 times (x 73B)
Class org.jetbrains.kotlin.gradle.plugin.mpp.compilationImpl.factory.KotlinCompilationDependencyConfigurationsFactoriesKt$WhenMappings: loaded 2 times (x 69B)
Class org.jetbrains.kotlin.gradle.plugin.SubpluginOption                              : loaded 2 times (x 70B)
Class org.jetbrains.kotlin.konan.target.KonanTarget$IOS_ARM64                         : loaded 2 times (x 76B)
Class org.jetbrains.kotlin.gradle.targets.js.dsl.KotlinWasmTargetDsl                  : loaded 2 times (x 68B)
Class org.jetbrains.kotlin.gradle.plugin.diagnostics.checkers.DisabledCinteropCommonizationInHmppProjectChecker$runChecks$1: loaded 2 times (x 86B)
Class org.jetbrains.kotlin.gradle.plugin.sources.ConsistencyCheck                     : loaded 2 times (x 70B)
Class org.jetbrains.kotlin.gradle.plugin.sources.DefaultKotlinSourceSetKt$defaultSourceSetLanguageSettingsChecker$2: loaded 2 times (x 76B)
Class org.jetbrains.kotlin.gradle.dsl.KotlinCommonToolOptions                         : loaded 2 times (x 68B)
Class org.jetbrains.kotlin.gradle.plugin.AbstractKotlinPlugin                         : loaded 2 times (x 77B)
Class org.jetbrains.kotlin.gradle.tasks.DefaultKotlinJavaToolchain$Companion$wireJvmTargetToJvm$1: loaded 2 times (x 73B)
Class org.jetbrains.kotlin.gradle.plugin.diagnostics.checkers.ComposePluginSuggestApplyChecker: loaded 2 times (x 72B)
Class org.jetbrains.kotlin.gradle.dsl.KotlinMultiplatformExtension                    : loaded 2 times (x 675B)
Class org.gradle.accessors.dm.LibrariesForLibs$GoogleBundleAccessors                  : loaded 2 times (x 72B)
Class com.amazon.ion.IonBufferConfiguration                                           : loaded 2 times (x 71B)
Class com.amazon.ion.impl.bin.Symbols                                                 : loaded 2 times (x 69B)
Class org.jetbrains.plugins.gradle.tooling.serialization.RepositoriesModelSerializationService: loaded 2 times (x 80B)
Class com.android.ide.gradle.model.artifacts.AdditionalClassifierArtifactsModel       : loaded 2 times (x 68B)
Class org.gradle.tooling.internal.gradle.GradleProjectIdentity                        : loaded 2 times (x 68B)
Class org.gradle.api.internal.DefaultClassPathRegistry                                : loaded 2 times (x 74B)
Class dagger.internal.codegen.writing.ProducerFromProviderCreationExpression          : loaded 2 times (x 76B)
Class dagger.spi.internal.shaded.androidx.room.compiler.codegen.java.JavaFunSpecKt$WhenMappings: loaded 2 times (x 69B)
Class dagger.internal.codegen.writing.ProducerFromProviderCreationExpression_Factory_Impl: loaded 2 times (x 73B)
Class dagger.internal.codegen.validation.AutoValue_SpiModelBindingGraphConverter_SubcomponentCreatorBindingEdgeImpl: loaded 2 times (x 75B)
Class com.google.devtools.ksp.symbol.KSDeclaration                                    : loaded 2 times (x 68B)
Class dagger.internal.codegen.model.BindingGraph$DependencyEdge                       : loaded 2 times (x 68B)
Class org.jetbrains.kotlin.gradle.plugin.internal.DefaultConfigurationTimePropertiesAccessor: loaded 2 times (x 72B)
Class org.jetbrains.kotlin.statistics.metrics.NumericalMetrics                        : loaded 2 times (x 78B)
Class dagger.internal.codegen.model.RequestKind                                       : loaded 2 times (x 77B)
Class [Ldagger.internal.codegen.validation.BindingMethodValidator$Abstractness;       : loaded 2 times (x 67B)
Class dagger.internal.codegen.processingstep.AssistedInjectProcessingStep_Factory     : loaded 2 times (x 80B)
Class dagger.spi.internal.shaded.androidx.room.compiler.processing.javac.JavacConstructorType: loaded 2 times (x 81B)
Class org.jetbrains.kotlin.gradle.plugin.mpp.SyncLanguageSettingsWithKotlinExtensionSetupActionKt: loaded 2 times (x 69B)
Class org.jetbrains.kotlin.gradle.targets.CreateDefaultCompilationsSideEffectKt       : loaded 2 times (x 69B)
Class com.squareup.javapoet.CodeBlock$Builder                                         : loaded 2 times (x 70B)
Class dagger.internal.codegen.xprocessing.XTypes$XTypeEquivalence                     : loaded 2 times (x 82B)
Class jakarta.inject.Provider                                                         : loaded 2 times (x 68B)
Class kotlin.metadata.internal.BooleanFlagDelegate                                    : loaded 2 times (x 70B)
Class org.jetbrains.kotlin.gradle.plugin.diagnostics.checkers.KotlinSourceSetTreeDependsOnMismatchChecker: loaded 2 times (x 72B)
Class org.jetbrains.kotlin.gradle.dsl.PlatformSourceSetConventionsChecker             : loaded 2 times (x 72B)
Class org.jetbrains.kotlin.gradle.plugin.KotlinPluginLifecycleCoroutineContextElement : loaded 2 times (x 82B)
Class org.jetbrains.kotlin.gradle.tasks.configuration.KaptGenerateStubsConfig$Companion$wireJavaAndKotlinOutputs$1: loaded 2 times (x 77B)
Class org.jetbrains.kotlin.gradle.plugin.Kotlin2JvmSourceSetProcessor                 : loaded 2 times (x 74B)
Class org.jetbrains.kotlin.gradle.scripting.internal.ScriptingKotlinGradleSubplugin   : loaded 2 times (x 80B)
Class com.google.common.reflect.Invokable$ConstructorInvokable                        : loaded 2 times (x 105B)
Class org.apache.commons.io.file.DeleteOption                                         : loaded 2 times (x 68B)
Class com.android.builder.model.v2.ide.JavaArtifact                                   : loaded 2 times (x 68B)
Class org.jetbrains.kotlin.cli.common.messages.MessageCollector                       : loaded 2 times (x 68B)
Class org.jetbrains.kotlin.gradle.tasks.KotlinCompile$createCompilerArguments$1$4     : loaded 2 times (x 77B)
Class [Lorg.jetbrains.kotlin.config.JvmDefaultMode;                                   : loaded 2 times (x 67B)
Class org.jetbrains.kotlin.gradle.plugin.mpp.KotlinTargetSoftwareComponentImplKt$KotlinTargetSoftwareComponent$1$1$configuration$1: loaded 2 times (x 77B)
Class org.jetbrains.kotlin.gradle.plugin.internal.MavenPluginConfigurator$DefaultMavenPluginConfiguratorVariantFactory$getInstance$1: loaded 2 times (x 72B)
Class org.jetbrains.kotlin.gradle.targets.js.npm.DefaultPeerNpmDependencyExtension$delegate$1: loaded 2 times (x 165B)
Class org.jetbrains.kotlin.gradle.targets.js.npm.NpmDependency                        : loaded 2 times (x 95B)
Class org.jetbrains.kotlin.gradle.targets.js.npm.DefaultNpmDependencyExtension        : loaded 2 times (x 150B)
Class org.jetbrains.kotlin.gradle.targets.js.npm.NpmDependency$Scope                  : loaded 2 times (x 77B)
Class org.jetbrains.kotlin.gradle.plugin.sources.FragmentConsistencyChecks$unstableFeaturesCheck$1: loaded 2 times (x 77B)
Class org.jetbrains.kotlin.gradle.plugin.sources.DefaultKotlinSourceSet               : loaded 2 times (x 139B)
Class org.jetbrains.kotlin.gradle.plugin.diagnostics.checkers.AndroidSourceSetLayoutV1SourceSetsNotFoundChecker: loaded 2 times (x 72B)
Class org.jetbrains.kotlin.gradle.utils.ConfigurationsKt$sam$org_gradle_api_Action$0  : loaded 2 times (x 73B)
Class org.jetbrains.kotlin.gradle.plugin.VariantImplementationFactories$Parameters    : loaded 2 times (x 68B)
Class [Lcom.amazon.ion.impl.bin.AbstractIonWriter$WriteValueOptimization;             : loaded 2 times (x 67B)
Class org.jetbrains.plugins.gradle.tooling.serialization.RepositoriesModelSerializationService$ReadContext: loaded 2 times (x 70B)
Class kotlin.ranges.ClosedRange                                                       : loaded 2 times (x 68B)
Class org.gradle.api.internal.ClassPathRegistry                                       : loaded 2 times (x 68B)
Class org.gradle.internal.classpath.DefaultClassPath$ImmutableUniqueList              : loaded 2 times (x 197B)
Class dagger.internal.codegen.writing.UnscopedDirectInstanceRequestRepresentationFactory: loaded 2 times (x 70B)
Class dagger.spi.internal.shaded.androidx.room.compiler.codegen.impl.XAnnotationSpecImpl$Builder: loaded 2 times (x 76B)
Class dagger.internal.codegen.validation.SpiModelBindingGraphConverter$DaggerElementImpl: loaded 2 times (x 73B)
Class com.android.builder.model.v2.models.BasicAndroidProject                         : loaded 2 times (x 68B)
Class dagger.internal.codegen.kotlin.KotlinMetadata$MethodForAnnotations              : loaded 2 times (x 70B)
Class kotlin.metadata.jvm.internal.JvmPropertyExtension                               : loaded 2 times (x 75B)
Class dagger.internal.codegen.model.DaggerProcessingEnv                               : loaded 2 times (x 72B)
Class dagger.internal.codegen.binding.AutoValue_OptionalBindingDeclaration            : loaded 2 times (x 73B)
Class [Ldagger.internal.codegen.compileroption.ProcessingEnvironmentCompilerOptions$CommandLineOption;: loaded 2 times (x 67B)
Class dagger.internal.codegen.ProcessingEnvironmentModule_FilerFactory                : loaded 2 times (x 80B)
Class dagger.internal.codegen.binding.MethodSignatureFormatter_Factory                : loaded 2 times (x 80B)
Class org.jetbrains.kotlin.gradle.tasks.configuration.BaseKotlinCompileConfig$1$3$classpathEntrySnapshotFiles$1: loaded 2 times (x 72B)
Class dagger.spi.internal.shaded.androidx.room.compiler.processing.XEnumEntry         : loaded 2 times (x 68B)
Class kotlin.metadata.jvm.JvmExtensionsKt                                             : loaded 2 times (x 69B)
Class dagger.spi.internal.shaded.androidx.room.compiler.processing.javac.kotlin.KmTypeContainer: loaded 2 times (x 74B)
Class kotlin.metadata.internal.metadata.ProtoBuf$VersionRequirementTable$1            : loaded 2 times (x 142B)
Class org.jetbrains.kotlin.statistics.metrics.OverrideMetricContainer                 : loaded 2 times (x 78B)
Class kotlin.reflect.jvm.internal.KClassImpl$Data$declaredNonStaticMembers$2          : loaded 2 times (x 77B)
Class dagger.spi.internal.shaded.androidx.room.compiler.processing.javac.JavacElement : loaded 2 times (x 175B)
Class org.jetbrains.org.objectweb.asm.ByteVector                                      : loaded 2 times (x 76B)
Class org.apache.commons.io.IOUtils                                                   : loaded 2 times (x 69B)
Class com.google.common.reflect.TypeToken                                             : loaded 2 times (x 71B)
Class org.jetbrains.kotlin.gradle.plugin.internal.state.TaskLoggers                   : loaded 2 times (x 69B)
Class org.jetbrains.kotlin.gradle.plugin.mpp.compilationImpl.factory.CompositePreConfigure: loaded 2 times (x 73B)
Class org.jetbrains.kotlin.gradle.plugin.mpp.KotlinWithJavaTargetKt                   : loaded 2 times (x 69B)
Class org.jetbrains.kotlin.gradle.plugin.statistics.KotlinBuildStatisticsUtilsKt$collectGeneralConfigurationTimeMetrics$statisticOverhead$1$2: loaded 2 times (x 73B)
Class org.jetbrains.kotlin.gradle.plugin.KotlinCompilation$DefaultImpls               : loaded 2 times (x 69B)
Class org.jetbrains.kotlin.gradle.utils.ProviderApiUtilsKt$providerWithLazyConvention$1: loaded 2 times (x 72B)
Class org.jetbrains.kotlin.konan.target.KonanTarget$Companion$predefinedTargets$2     : loaded 2 times (x 76B)
Class org.jetbrains.kotlin.gradle.plugin.sources.FragmentConsistencyChecks$unstableFeaturesCheck$2: loaded 2 times (x 76B)
Class org.jetbrains.kotlin.gradle.plugin.KotlinPluginLifecycleImpl                    : loaded 2 times (x 78B)
Class org.jetbrains.kotlin.gradle.plugin.diagnostics.KotlinToolingDiagnostics$WasmWasiEnvironmentNotChosenExplicitly: loaded 2 times (x 71B)
Class org.jetbrains.kotlin.gradle.artifacts.KotlinNativeKlibArtifactKt$KotlinNativeKlibArtifact$1: loaded 2 times (x 72B)
Class org.jetbrains.kotlin.gradle.dsl.KotlinCommonCompilerOptionsDefault              : loaded 2 times (x 92B)
Class org.jetbrains.kotlin.gradle.dsl.KotlinCommonCompilerToolOptionsDefault          : loaded 2 times (x 80B)
Class org.jetbrains.kotlin.gradle.internal.properties.NativePropertiesLoader$isUseXcodeMessageStyleEnabled$1: loaded 2 times (x 73B)
Class org.jetbrains.kotlin.gradle.plugin.StatisticsBuildFlowManager_Decorated         : loaded 2 times (x 117B)
Class org.jetbrains.kotlin.gradle.report.BuildReportMode$Companion                    : loaded 2 times (x 69B)
Class org.jetbrains.kotlin.gradle.plugin.internal.JavaSourceSetsAccessor              : loaded 2 times (x 68B)
Class org.jetbrains.kotlin.gradle.plugin.internal.ConfigurationTimePropertiesAccessor : loaded 2 times (x 68B)
Class org.jetbrains.kotlin.gradle.plugin.VariantImplementationFactories$VariantImplementationFactory: loaded 2 times (x 68B)
Class org.jetbrains.plugins.gradle.tooling.serialization.internal.adapter.InternalBuildIdentifier: loaded 2 times (x 73B)
Class com.amazon.ion.impl.bin.IonManagedBinaryWriter$UserState                        : loaded 2 times (x 83B)
Class com.amazon.ion.impl._Private_IonWriter                                          : loaded 2 times (x 68B)
Class com.amazon.ion.impl.bin._Private_IonManagedBinaryWriterBuilder                  : loaded 2 times (x 70B)
Class com.intellij.gradle.toolingExtension.impl.model.projectModel.GradleExternalProjectSerializationService$WriteContext: loaded 2 times (x 71B)
Class kotlin.collections.IntIterator                                                  : loaded 2 times (x 80B)
Class dagger.internal.codegen.writing.AutoValue_ComponentCreatorImplementation        : loaded 2 times (x 73B)
Class dagger.internal.codegen.xprocessing.XCodeBlocks                                 : loaded 2 times (x 69B)
Class dagger.internal.DelegateFactory                                                 : loaded 2 times (x 80B)
Class kotlin.reflect.jvm.internal.impl.builtins.PrimitiveType$arrayTypeFqName$2       : loaded 2 times (x 77B)
Class dagger.internal.codegen.binding.AutoValue_BoundInstanceBinding                  : loaded 2 times (x 89B)
Class dagger.internal.codegen.componentgenerator.TopLevelImplementationComponent      : loaded 2 times (x 68B)
Class dagger.internal.codegen.bindinggraphvalidation.DependsOnProductionExecutorValidator: loaded 2 times (x 83B)
Class dagger.internal.codegen.bindinggraphvalidation.ProvisionDependencyOnProducerBindingValidator_Factory$InstanceHolder: loaded 2 times (x 69B)
Class com.google.common.graph.DirectedGraphConnections$2                              : loaded 2 times (x 135B)
Class kotlin.metadata.internal.metadata.jvm.deserialization.BitEncoding               : loaded 2 times (x 69B)
Class kotlin.metadata.internal.metadata.ProtoBuf$TypeParameter$Variance$1             : loaded 2 times (x 72B)
Class dagger.spi.internal.shaded.com.google.auto.common.MoreTypes$AsElementVisitor    : loaded 2 times (x 99B)
Class [Lkotlin.metadata.internal.protobuf.WireFormat$FieldType;                       : loaded 2 times (x 67B)
Class kotlin.metadata.internal.metadata.ProtoBuf$TypeParameterOrBuilder               : loaded 2 times (x 68B)
Class [Ldagger.hilt.processor.internal.root.RootType;                                 : loaded 2 times (x 67B)
Class dagger.hilt.processor.internal.HiltProcessingEnvConfigs                         : loaded 2 times (x 69B)
Class com.google.common.io.ByteSink                                                   : loaded 2 times (x 74B)
Class com.android.builder.model.v2.dsl.SigningConfig                                  : loaded 2 times (x 68B)
Class org.jetbrains.kotlin.config.JvmDefaultMode$Companion                            : loaded 2 times (x 69B)
Class com.android.builder.model.v2.models.AndroidProject                              : loaded 2 times (x 68B)
Class org.jetbrains.kotlin.gradle.scripting.internal.ScriptingGradleSubplugin$Companion$configureForSourceSet$discoveryConfiguration$1: loaded 2 times (x 76B)
Class org.jetbrains.kotlin.gradle.plugin.mpp.KotlinWithJavaCompilationFactory$create$compilationImplFactory$1: loaded 2 times (x 73B)
Class org.jetbrains.kotlin.gradle.plugin.mpp.ApplyUserDefinedAttributesKt$UserDefinedAttributesSetupAction$1$1: loaded 2 times (x 77B)
Class org.jetbrains.kotlin.compilerRunner.CompilerSystemPropertiesService             : loaded 2 times (x 78B)
Class org.jetbrains.kotlin.gradle.plugin.mpp.compilationImpl.KotlinCompilationImpl$1  : loaded 2 times (x 77B)
Class org.jetbrains.kotlin.gradle.targets.js.npm.SemVer$Companion                     : loaded 2 times (x 69B)
Class org.jetbrains.kotlin.konan.target.KonanTarget$LINUX_ARM64                       : loaded 2 times (x 76B)
Class org.jetbrains.kotlin.konan.target.KonanTarget$LINUX_X64                         : loaded 2 times (x 76B)
Class [Lorg.jetbrains.kotlin.konan.target.Architecture;                               : loaded 2 times (x 67B)
Class org.jetbrains.kotlin.gradle.targets.native.SetupEmbedAndSignAppleFrameworkTaskSideEffectKt$special$$inlined$KotlinTargetSideEffect$1: loaded 2 times (x 72B)
Class org.jetbrains.kotlin.gradle.plugin.mpp.KotlinUsages$KotlinCinteropCompatibility : loaded 2 times (x 75B)
Class org.jetbrains.kotlin.gradle.dsl.ExplicitApiMode                                 : loaded 2 times (x 77B)
Class org.jetbrains.kotlin.gradle.utils.GradleAttributesContainerUtilsKt              : loaded 2 times (x 69B)
Class org.jetbrains.kotlin.gradle.plugin.VariantImplementationFactories$Companion     : loaded 2 times (x 69B)
Class org.jetbrains.kotlin.gradle.plugin.internal.CustomPropertiesFileValueSource$Parameters_Decorated: loaded 2 times (x 132B)
Class org.jetbrains.kotlin.gradle.dsl.KotlinTopLevelExtensionConfig                   : loaded 2 times (x 68B)
Class com.android.builder.model.v2.AndroidModel                                       : loaded 2 times (x 68B)
Class dagger.hilt.processor.internal.root.Root                                        : loaded 2 times (x 76B)
Class org.gradle.accessors.dm.LibrariesForLibs$TestBundleAccessors                    : loaded 2 times (x 73B)
Class [Lcom.amazon.ion.SymbolToken;                                                   : loaded 2 times (x 67B)
Class com.google.common.graph.ElementOrder$1                                          : loaded 2 times (x 69B)
Class org.gradle.internal.classpath.ClassPath                                         : loaded 2 times (x 68B)
Class kotlin.metadata.internal.metadata.ProtoBuf$Type$Argument$Projection$1           : loaded 2 times (x 72B)
Class dagger.spi.internal.shaded.androidx.room.compiler.codegen.VisibilityModifier    : loaded 2 times (x 77B)
Class com.squareup.kotlinpoet.KModifier$Target                                        : loaded 2 times (x 77B)
Class dagger.internal.codegen.writing.ComponentNames                                  : loaded 2 times (x 70B)
Class dagger.internal.codegen.writing.ComponentImplementation                         : loaded 2 times (x 70B)
Class dagger.internal.codegen.binding.ComponentBinding                                : loaded 2 times (x 88B)
Class [Lkotlin.metadata.internal.metadata.ProtoBuf$Expression$ConstantValue;          : loaded 2 times (x 67B)
Class dagger.internal.codegen.processingstep.SuperficialValidator                     : loaded 2 times (x 73B)
Class dagger.internal.codegen.processingstep.AssistedFactoryProcessingStep            : loaded 2 times (x 84B)
Class [Ldagger.internal.codegen.base.ContributionType;                                : loaded 2 times (x 67B)
Class dagger.internal.codegen.validation.SpiModelBindingGraphConverter$DaggerProcessingEnvImpl: loaded 2 times (x 74B)
Class dagger.internal.codegen.validation.BindsOptionalOfMethodValidator               : loaded 2 times (x 76B)
Class dagger.internal.codegen.DelegateComponentProcessor$SourceFileGeneratorsModule   : loaded 2 times (x 68B)
Class dagger.internal.codegen.validation.ProvidesMethodValidator_Factory              : loaded 2 times (x 80B)
Class dagger.internal.codegen.DaggerDelegateComponentProcessor_Injector$Factory       : loaded 2 times (x 72B)
Class com.google.common.graph.DirectedGraphConnections$3                              : loaded 2 times (x 135B)
Class com.squareup.kotlinpoet.LineWrapper$Companion                                   : loaded 2 times (x 69B)
Class kotlin.metadata.internal.FlagDelegatesImplKt$valueParameterBooleanFlag$1        : loaded 2 times (x 135B)
Class kotlin.metadata.Attributes$kind$11                                              : loaded 2 times (x 135B)
Class dagger.internal.codegen.componentgenerator.ComponentGeneratorModule             : loaded 2 times (x 68B)
Class kotlin.metadata.internal.metadata.jvm.deserialization.JvmMemberSignature        : loaded 2 times (x 72B)
Class kotlin.metadata.internal.ReadUtilsKt                                            : loaded 2 times (x 69B)
Class kotlin.metadata.internal.protobuf.GeneratedMessageLite$Builder                  : loaded 2 times (x 126B)
Class kotlin.metadata.internal.protobuf.CodedOutputStream$ByteBufferOutputStream      : loaded 2 times (x 84B)
Class dagger.internal.codegen.model.DaggerAnnotation                                  : loaded 2 times (x 73B)
Class dagger.internal.codegen.binding.LegacyBindingGraphFactory$Resolver$RequiresResolutionChecker: loaded 2 times (x 70B)
Class dagger.internal.codegen.kotlin.AutoValue_KotlinMetadata                         : loaded 2 times (x 78B)
Class dagger.hilt.processor.internal.root.RootProcessingStep                          : loaded 2 times (x 84B)
Class dagger.hilt.android.processor.internal.viewmodel.ViewModelProcessor             : loaded 2 times (x 98B)
Class [Lcom.google.common.reflect.Types$JavaVersion;                                  : loaded 2 times (x 67B)
Class com.google.common.io.Files$FileByteSource                                       : loaded 2 times (x 83B)
Class org.jetbrains.kotlin.gradle.incremental.IncrementalModuleInfoProvider           : loaded 2 times (x 68B)
Class org.jetbrains.kotlin.gradle.plugin.mpp.compilationImpl.factory.JvmWithJavaCompilationDependencyConfigurationsFactory: loaded 2 times (x 73B)
Class org.jetbrains.kotlin.gradle.plugin.mpp.KotlinWithJavaCompilationFactory$create$compilationImplFactory$2: loaded 2 times (x 73B)
Class org.jetbrains.kotlin.gradle.plugin.mpp.compilationImpl.KotlinCompilationImpl$2  : loaded 2 times (x 77B)
Class org.jetbrains.kotlin.gradle.internal.UsesClassLoadersCachingBuildService        : loaded 2 times (x 68B)
Class org.jetbrains.kotlin.gradle.dsl.PlatformSourceSetConventionsChecker$runChecks$1 : loaded 2 times (x 86B)
Class org.jetbrains.kotlin.gradle.plugin.mpp.compilationImpl.KotlinCompilationProcessorSideEffectKt$KotlinCompilationProcessorSideEffect$1: loaded 2 times (x 72B)
Class org.jetbrains.kotlin.gradle.dsl.KotlinJvmCompilerOptionsDefault                 : loaded 2 times (x 102B)
Class org.jetbrains.plugins.gradle.model.ExternalProjectDependency                    : loaded 2 times (x 68B)
Class org.jetbrains.plugins.gradle.tooling.serialization.KotlinDslScriptsModelSerializationService: loaded 2 times (x 79B)
Class kotlin.collections.ArrayDeque                                                   : loaded 2 times (x 205B)
Class dagger.internal.codegen.writing.MapRequestRepresentation                        : loaded 2 times (x 72B)
Class dagger.spi.internal.shaded.androidx.room.compiler.codegen.impl.XParameterSpecImpl: loaded 2 times (x 77B)
Class dagger.internal.codegen.binding.FrameworkType$3                                 : loaded 2 times (x 69B)
Class dagger.internal.codegen.base.AutoValue_ComponentAnnotation                      : loaded 2 times (x 74B)
Class com.google.common.graph.DirectedGraphConnections$4                              : loaded 2 times (x 81B)
Class com.google.common.graph.StandardValueGraph$1                                    : loaded 2 times (x 134B)
Class com.google.common.graph.ForwardingGraph                                         : loaded 2 times (x 134B)
Class com.squareup.javapoet.ParameterSpec$Builder                                     : loaded 2 times (x 70B)
Class kotlin.reflect.jvm.internal.KClassImpl$Data$declaredStaticMembers$2             : loaded 2 times (x 77B)
Class kotlin.reflect.jvm.internal.KProperty1Impl$delegateSource$1                     : loaded 2 times (x 77B)
Class dagger.internal.codegen.writing.DependencyMethodProviderCreationExpression_Factory_Impl: loaded 2 times (x 73B)
Class dagger.internal.codegen.writing.ProducerCreationExpression_Factory              : loaded 2 times (x 70B)
Class dagger.hilt.android.processor.internal.AndroidClassNames                        : loaded 2 times (x 69B)
Class [Ldagger.hilt.processor.internal.optionvalues.BooleanValue;                     : loaded 2 times (x 67B)
Class dagger.internal.codegen.writing.DelegatingFrameworkInstanceCreationExpression   : loaded 2 times (x 77B)
Class dagger.spi.internal.shaded.androidx.room.compiler.processing.XProcessingEnvConfig: loaded 2 times (x 69B)
Class com.google.errorprone.annotations.DoNotMock                                     : loaded 2 times (x 68B)
Class org.jetbrains.kotlin.gradle.plugin.ide.IdeMultiplatformImport                   : loaded 2 times (x 68B)
Class org.jetbrains.kotlin.compilerRunner.KotlinCompilerArgumentsLogLevel$Companion   : loaded 2 times (x 69B)
Class org.jetbrains.kotlin.gradle.plugin.DefaultKotlinBasePlugin$addKotlinCompilerConfiguration$3$1: loaded 2 times (x 77B)
Class org.jetbrains.kotlin.gradle.tasks.AbstractKotlinCompile$defaultKotlinJavaToolchain$1: loaded 2 times (x 76B)
Class org.jetbrains.kotlin.gradle.report.BuildReportsService                          : loaded 2 times (x 70B)
Class org.jetbrains.kotlin.daemon.common.MultiModuleICSettings                        : loaded 2 times (x 70B)
Class org.jetbrains.kotlin.cli.common.arguments.Freezable                             : loaded 2 times (x 70B)
Class org.jetbrains.kotlin.gradle.plugin.mpp.KotlinWithJavaCompilationFactory$create$compilationImplFactory$3: loaded 2 times (x 73B)
Class org.jetbrains.kotlin.gradle.plugin.AbstractKotlinPluginWrapper                  : loaded 2 times (x 85B)
Class org.jetbrains.kotlin.gradle.internal.transforms.BuildToolsApiClasspathEntrySnapshotTransform$Parameters: loaded 2 times (x 85B)
Class org.jetbrains.kotlin.gradle.plugin.KotlinCompilationInfoKt                      : loaded 2 times (x 69B)
Class org.jetbrains.kotlin.gradle.tasks.KotlinCompile                                 : loaded 2 times (x 496B)
Class org.jetbrains.kotlin.gradle.internal.StdlibDependencyManagementKt               : loaded 2 times (x 69B)
Class org.jetbrains.kotlin.konan.target.KonanTarget$MINGW_X64                         : loaded 2 times (x 76B)
Class org.jetbrains.kotlin.gradle.dsl.PlatformSourceSetConventionsChecker$runChecks$2 : loaded 2 times (x 76B)
Class org.jetbrains.kotlin.gradle.utils.ObservableSet                                 : loaded 2 times (x 68B)
Class org.jetbrains.kotlin.gradle.plugin.diagnostics.KotlinToolingDiagnosticsCollectorKt: loaded 2 times (x 69B)
Class org.jetbrains.kotlin.gradle.plugin.mpp.HierarchyAttributeContainer              : loaded 2 times (x 81B)
Class org.jetbrains.kotlin.gradle.tasks.UsesKotlinJavaToolchain                       : loaded 2 times (x 68B)
Class org.jetbrains.kotlin.gradle.plugin.DefaultKotlinBasePlugin$apply$1              : loaded 2 times (x 73B)
Class org.jetbrains.kotlin.statistics.metrics.StringOverridePolicy$OVERRIDE           : loaded 2 times (x 83B)
Class org.jetbrains.kotlin.gradle.internal.properties.PropertiesBuildService$Params_Decorated: loaded 2 times (x 135B)
Class org.objectweb.asm.SymbolTable$Entry                                             : loaded 2 times (x 72B)
Class com.google.common.util.concurrent.AbstractFuture$AtomicHelper                   : loaded 2 times (x 76B)
Class com.amazon.ion.system.IonSystemBuilder$Mutable                                  : loaded 2 times (x 73B)
Class com.amazon.ion.impl.bin.IonManagedBinaryWriter$SymbolResolverBuilder            : loaded 2 times (x 68B)
Class org.jetbrains.plugins.gradle.tooling.serialization.ExternalTestsSerializationService$WriteContext: loaded 2 times (x 70B)
Class org.jetbrains.kotlin.idea.gradleTooling.KotlinGradleModel                       : loaded 2 times (x 68B)
Class dagger.spi.internal.shaded.androidx.room.compiler.codegen.kotlin.KotlinFunSpec$Builder: loaded 2 times (x 89B)
Class com.squareup.kotlinpoet.FunSpec$Builder                                         : loaded 2 times (x 79B)
Class dagger.internal.codegen.componentgenerator.CurrentImplementationSubcomponent_ChildComponentImplementationFactoryModule_ProvideTopLevelImplementationFactory: loaded 2 times (x 80B)
Class dagger.internal.codegen.writing.ComponentInstanceRequestRepresentation_Factory  : loaded 2 times (x 70B)
Class dagger.internal.codegen.validation.SpiModelBindingGraphConverter$DaggerTypeImpl : loaded 2 times (x 73B)
Class dagger.spi.model.DaggerType                                                     : loaded 2 times (x 72B)
Class dagger.spi.model.AutoValue_DependencyRequest$Builder                            : loaded 2 times (x 75B)
Class com.google.common.collect.LinkedListMultimap$KeyList                            : loaded 2 times (x 70B)
Class dagger.internal.codegen.binding.SubcomponentCreatorBinding                      : loaded 2 times (x 88B)
Class dagger.internal.codegen.binding.AutoValue_DelegateDeclaration                   : loaded 2 times (x 81B)
Class dagger.internal.codegen.validation.DependencyRequestValidator                   : loaded 2 times (x 70B)
Class dagger.internal.codegen.bindinggraphvalidation.InvalidProductionBindingScopeValidator_Factory$InstanceHolder: loaded 2 times (x 69B)
Class dagger.internal.SingleCheck                                                     : loaded 2 times (x 78B)
Class kotlin.metadata.internal.metadata.ProtoBuf$Expression$ConstantValue$1           : loaded 2 times (x 72B)
Class dagger.hilt.processor.internal.root.TestRootMetadata                            : loaded 2 times (x 76B)
Class com.google.common.graph.DirectedGraphConnections$5                              : loaded 2 times (x 69B)
Class dagger.hilt.processor.internal.definecomponent.DefineComponentBuilderMetadatas  : loaded 2 times (x 70B)
Class org.gradle.api.internal.DefaultClassPathProvider                                : loaded 2 times (x 74B)
Class kotlin.metadata.Attributes$modality$10                                          : loaded 2 times (x 135B)
Class [Lkotlin.metadata.internal.metadata.ProtoBuf$Class$Kind;                        : loaded 2 times (x 67B)
Class kotlin.metadata.internal.metadata.ProtoBuf$Modality$1                           : loaded 2 times (x 72B)
Class kotlin.metadata.internal.protobuf.UninitializedMessageException                 : loaded 2 times (x 82B)
Class kotlin.metadata.internal.protobuf.Parser                                        : loaded 2 times (x 68B)
Class dagger.internal.codegen.xprocessing.XAnnotations                                : loaded 2 times (x 69B)
Class com.squareup.kotlinpoet.TypeName$Companion                                      : loaded 2 times (x 69B)
Class org.gradle.internal.impldep.gnu.trove.TObjectIntHashMap                         : loaded 2 times (x 107B)
Class org.jetbrains.org.objectweb.asm.ClassWriter                                     : loaded 2 times (x 102B)
Class org.jetbrains.kotlin.statistics.metrics.IMetricContainer                        : loaded 2 times (x 68B)
Class com.android.builder.model.v2.ide.Variant                                        : loaded 2 times (x 68B)
Class org.jetbrains.kotlin.gradle.plugin.KotlinPlatformPluginBase                     : loaded 2 times (x 74B)
Class org.jetbrains.kotlin.gradle.plugin.mpp.KotlinTargetComponentWithCoordinatesAndPublication: loaded 2 times (x 68B)
Class org.jetbrains.kotlin.gradle.plugin.mpp.KotlinWithJavaCompilationFactory$create$compilationImplFactory$4: loaded 2 times (x 73B)
Class org.jetbrains.kotlin.gradle.incremental.UsesIncrementalModuleInfoBuildService   : loaded 2 times (x 68B)
Class org.jetbrains.kotlin.konan.target.KonanTarget$ANDROID_X86                       : loaded 2 times (x 76B)
Class org.jetbrains.kotlin.gradle.dsl.PlatformSourceSetConventionsChecker$runChecks$3 : loaded 2 times (x 76B)
Class org.jetbrains.kotlin.gradle.plugin.RegisterKotlinPluginExtensionsKt             : loaded 2 times (x 69B)
Class org.jetbrains.kotlin.gradle.plugin.mpp.resources.resolve.KotlinTargetResourcesResolutionStrategy: loaded 2 times (x 77B)
Class org.jetbrains.kotlin.gradle.utils.CompilerOptionsKt$configureExperimentalTryNext$1$1: loaded 2 times (x 76B)
Class org.jetbrains.kotlin.gradle.utils.CompilerOptionsKt                             : loaded 2 times (x 69B)
Class org.jetbrains.kotlin.gradle.utils.SingleAction                                  : loaded 2 times (x 71B)
Class org.jetbrains.kotlin.gradle.plugin.PropertiesProvider$Companion                 : loaded 2 times (x 69B)
Class org.jetbrains.kotlin.gradle.plugin.internal.DefaultConfigurationTimePropertiesAccessorVariantFactory: loaded 2 times (x 74B)
Class org.objectweb.asm.Edge                                                          : loaded 2 times (x 70B)
Class com.amazon.ion.impl._Private_RecyclingStack$Recycler                            : loaded 2 times (x 68B)
Class com.amazon.ion.impl.bin.IonManagedBinaryWriter$LocalSymbolTableView             : loaded 2 times (x 105B)
Class com.amazon.ion.impl.bin.IonRawBinaryWriter$ThrowingRunnable                     : loaded 2 times (x 68B)
Class org.gradle.tooling.model.Model                                                  : loaded 2 times (x 68B)
Class dagger.internal.codegen.writing.BindingRepresentation                           : loaded 2 times (x 68B)
Class dagger.spi.internal.shaded.androidx.room.compiler.codegen.kotlin.KotlinFunSpec  : loaded 2 times (x 75B)
Class dagger.internal.codegen.writing.MembersInjectionRequestRepresentation_Factory_Impl: loaded 2 times (x 73B)
Class [Ldagger.spi.model.BindingKind;                                                 : loaded 2 times (x 67B)
Class com.intellij.gradle.toolingExtension.impl.model.buildScriptClasspathModel.GradleBuildScriptClasspathSerializationService$ReadContext: loaded 2 times (x 70B)
Class com.amazon.ion.impl._Private_IonContainer                                       : loaded 2 times (x 68B)
Class com.google.common.graph.MultiEdgesConnecting                                    : loaded 2 times (x 135B)
Class dagger.internal.codegen.binding.AutoValue_MultiboundMapBinding                  : loaded 2 times (x 90B)
Class [Ldagger.internal.codegen.base.ComponentCreatorKind;                            : loaded 2 times (x 67B)
Class dagger.internal.codegen.processingstep.ProcessingStepsModule_ProcessingStepsFactory: loaded 2 times (x 80B)
Class dagger.internal.codegen.DelegateComponentProcessor_MembersInjector              : loaded 2 times (x 73B)
Class dagger.internal.codegen.binding.LegacyBindingGraphConverter_Factory             : loaded 2 times (x 79B)
Class dagger.internal.codegen.compileroption.ProcessingEnvironmentCompilerOptions_Factory: loaded 2 times (x 80B)
Class kotlin.metadata.jvm.JvmMemberSignature                                          : loaded 2 times (x 71B)
Class com.amazon.ion.impl._Private_RecyclingQueue$ElementFactory                      : loaded 2 times (x 68B)
Class org.objectweb.asm.AnnotationVisitor                                             : loaded 2 times (x 76B)
Class dagger.spi.internal.shaded.androidx.room.compiler.processing.javac.JavacTypeElement$Companion: loaded 2 times (x 69B)
Class dagger.hilt.android.processor.internal.viewmodel.ViewModelProcessingStep        : loaded 2 times (x 84B)
Class org.jetbrains.kotlin.gradle.plugin.VariantImplementationFactoriesConfigurator$Companion$getProvider$1: loaded 2 times (x 72B)
Class org.jetbrains.kotlin.gradle.plugin.internal.MavenPluginConfigurator$MavenPluginConfiguratorVariantFactory: loaded 2 times (x 68B)
Class com.google.common.reflect.TypeToken$1                                           : loaded 2 times (x 108B)
Class org.jetbrains.kotlin.gradle.tasks.KotlinCompile$defaultKotlinJavaToolchain$1    : loaded 2 times (x 77B)
Class org.jetbrains.kotlin.gradle.tasks.KotlinJavaToolchain$JavaToolchainSetter       : loaded 2 times (x 68B)
Class org.jetbrains.kotlin.gradle.plugin.KotlinSourceSetProcessor$applyStandardTaskConfiguration$1: loaded 2 times (x 77B)
Class org.jetbrains.kotlin.gradle.plugin.SubpluginEnvironment$addSubpluginOptions$configureKotlinTask$1: loaded 2 times (x 77B)
Class com.android.ide.common.repository.AgpVersion$PreviewKind$WhenMappings           : loaded 2 times (x 69B)
Class org.jetbrains.kotlin.gradle.dsl.PlatformSourceSetConventionsChecker$runChecks$4 : loaded 2 times (x 76B)
Class org.jetbrains.kotlin.gradle.plugin.diagnostics.checkers.JsLikeEnvironmentChecker$runChecks$1: loaded 2 times (x 86B)
Class org.jetbrains.kotlin.gradle.plugin.diagnostics.UsesKotlinToolingDiagnostics     : loaded 2 times (x 68B)
Class org.jetbrains.kotlin.gradle.plugin.diagnostics.KotlinToolingDiagnostics$WasmJsEnvironmentNotChosenExplicitly: loaded 2 times (x 71B)
Class org.jetbrains.kotlin.tooling.core.ExtrasPropertyKt$extrasLazyProperty$1         : loaded 2 times (x 92B)
Class org.jetbrains.kotlin.statistics.metrics.BooleanAnonymizationPolicy$SAFE         : loaded 2 times (x 83B)
Class org.gradle.accessors.dm.LibrariesForLibs$RetrofitLibraryAccessors               : loaded 2 times (x 81B)
Class com.amazon.ion.UnknownSymbolException                                           : loaded 2 times (x 84B)
Class com.android.ide.gradle.model.composites.BuildMap                                : loaded 2 times (x 68B)
Class kotlin.text.MatchResult$Destructured                                            : loaded 2 times (x 70B)
Class org.jetbrains.kotlin.gradle.plugin.PropertiesProvider$kotlinExperimentalTryNext$1: loaded 2 times (x 73B)
Class org.jetbrains.kotlin.gradle.plugin.internal.MavenPluginConfigurator             : loaded 2 times (x 68B)
Class org.jetbrains.kotlin.statistics.metrics.BooleanOverridePolicy$OVERRIDE          : loaded 2 times (x 83B)
Class org.jetbrains.kotlin.statistics.metrics.BooleanAnonymizationPolicy              : loaded 2 times (x 83B)
Class dagger.internal.codegen.writing.InaccessibleMapKeyProxyGenerator                : loaded 2 times (x 76B)
Class dagger.internal.codegen.base.DaggerSuperficialValidation$ValidationException$UnexpectedException: loaded 2 times (x 82B)
Class dagger.internal.codegen.binding.ProvisionBinding                                : loaded 2 times (x 88B)
Class dagger.internal.codegen.xprocessing.XTypeNames                                  : loaded 2 times (x 69B)
Class dagger.internal.codegen.binding.InjectionSiteFactory                            : loaded 2 times (x 70B)
Class com.google.common.collect.Iterators$3                                           : loaded 2 times (x 80B)
Class com.google.common.graph.ElementOrder                                            : loaded 2 times (x 70B)
Class kotlin.metadata.internal.EnumFlagDelegate                                       : loaded 2 times (x 70B)
Class kotlin.metadata.Attributes                                                      : loaded 2 times (x 69B)
Class kotlin.reflect.jvm.internal.KClassImpl$Data$supertypes$2                        : loaded 2 times (x 77B)
Class org.jetbrains.kotlin.gradle.utils.ProviderApiUtilsKt$mapOrNull$1                : loaded 2 times (x 73B)
Class com.squareup.kotlinpoet.WildcardTypeName                                        : loaded 2 times (x 80B)
Class com.squareup.kotlinpoet.ClassName                                               : loaded 2 times (x 83B)
Class dagger.hilt.processor.internal.originatingelement.OriginatingElementProcessingStep: loaded 2 times (x 84B)
Class com.google.common.reflect.TypeToken$2                                           : loaded 2 times (x 108B)
Class com.android.builder.model.v2.ide.Library                                        : loaded 2 times (x 68B)
Class com.android.builder.model.v2.ide.ArtifactDependenciesAdjacencyList              : loaded 2 times (x 68B)
Class org.jetbrains.kotlin.gradle.internal.KotlinDependenciesManagementKt$configureDefaultVersionsResolutionStrategy$1$1$1: loaded 2 times (x 73B)
Class com.android.builder.model.v2.models.Versions                                    : loaded 2 times (x 68B)
Class org.jetbrains.kotlin.gradle.plugin.KotlinSourceSetProcessor$sam$java_util_function_Function$0: loaded 2 times (x 77B)
Class org.jetbrains.kotlin.gradle.plugin.mpp.compilationImpl.DefaultKotlinCompilationSourceSetsContainer$allKotlinSourceSetsImpl$1$1: loaded 2 times (x 123B)
Class org.jetbrains.kotlin.gradle.plugin.mpp.compilationImpl.DefaultKotlinCompilationSourceSetsContainer: loaded 2 times (x 76B)
Class org.jetbrains.kotlin.konan.target.KonanTarget$TVOS_SIMULATOR_ARM64              : loaded 2 times (x 76B)
Class org.jetbrains.kotlin.konan.target.KonanTarget$Companion                         : loaded 2 times (x 69B)
Class org.jetbrains.kotlin.gradle.plugin.KotlinPluginLifecycle$Stage$Companion        : loaded 2 times (x 69B)
Class org.jetbrains.kotlin.gradle.plugin.diagnostics.checkers.DeprecatedKotlinNativeTargetsChecker: loaded 2 times (x 72B)
Class org.jetbrains.kotlin.gradle.targets.native.ConfigureFrameworkExportSideEffectKt$special$$inlined$KotlinTargetSideEffect$1: loaded 2 times (x 72B)
Class org.jetbrains.kotlin.tooling.core.AbstractExtras                                : loaded 2 times (x 139B)
Class org.jetbrains.kotlin.gradle.targets.native.toolchain.KotlinNativeBundleArtifactFormat$addKotlinNativeBundleConfiguration$1: loaded 2 times (x 77B)
Class org.jetbrains.kotlin.gradle.plugin.internal.KotlinTestReportCompatibilityHelper : loaded 2 times (x 68B)
Class org.jetbrains.plugins.gradle.model.IntelliJProjectSettings                      : loaded 2 times (x 68B)
Class org.gradle.tooling.internal.adapter.ProtocolToModelAdapter$MethodInvocationCache: loaded 2 times (x 71B)
Class dagger.internal.codegen.writing.SwitchingProviders$SwitchingProviderBuilder     : loaded 2 times (x 70B)
Class dagger.internal.codegen.writing.MembersInjectionMethods                         : loaded 2 times (x 70B)
Class dagger.internal.codegen.writing.ComponentWrapperImplementation                  : loaded 2 times (x 79B)
Class com.google.devtools.ksp.symbol.KSModifierListOwner                              : loaded 2 times (x 68B)
Class dagger.internal.codegen.bindinggraphvalidation.AutoValue_DuplicateBindingsValidator_KeyWithTypeEquivalence: loaded 2 times (x 73B)
Class org.jetbrains.kotlin.gradle.targets.native.toolchain.KotlinNativeBundleBuildService$Companion$registerIfAbsent$1: loaded 2 times (x 73B)
Class dagger.internal.codegen.kotlin.ClassMetadata                                    : loaded 2 times (x 70B)
Class dagger.internal.codegen.writing.ModuleProxies                                   : loaded 2 times (x 69B)
Class dagger.internal.codegen.componentgenerator.ComponentHjarGenerator_Factory       : loaded 2 times (x 80B)
Class dagger.internal.codegen.validation.ValidationBindingGraphPlugin                 : loaded 2 times (x 83B)
Class dagger.internal.codegen.processingstep.MonitoringModuleProcessingStep           : loaded 2 times (x 84B)
Class dagger.internal.codegen.processingstep.InjectProcessingStep_Factory             : loaded 2 times (x 80B)
Class dagger.internal.codegen.bindinggraphvalidation.SubcomponentFactoryMethodValidator_Factory$InstanceHolder: loaded 2 times (x 69B)
Class org.jetbrains.kotlin.gradle.targets.CreateDefaultTestRunSideEffectKt            : loaded 2 times (x 69B)
Class org.jetbrains.kotlin.gradle.plugin.diagnostics.KotlinGradleProjectCheckersRunnerKt$launchKotlinGradleProjectCheckers$1$1: loaded 2 times (x 93B)
Class dagger.hilt.processor.internal.root.AggregatedRootMetadata                      : loaded 2 times (x 76B)
Class kotlin.metadata.Attributes$hasAnnotations$10                                    : loaded 2 times (x 135B)
Class kotlin.metadata.jvm.internal.JvmExtensionNodesKt                                : loaded 2 times (x 69B)
Class kotlin.metadata.internal.extensions.MetadataExtensions$Companion                : loaded 2 times (x 69B)
Class kotlin.metadata.internal.metadata.jvm.JvmProtoBuf$JvmFieldSignature             : loaded 2 times (x 106B)
Class org.jetbrains.kotlin.gradle.plugin.diagnostics.checkers.AndroidSourceSetLayoutV1SourceSetsNotFoundChecker$runChecks$1: loaded 2 times (x 86B)
Class org.jetbrains.kotlin.gradle.plugin.diagnostics.checkers.AndroidPluginWithoutAndroidTargetChecker$runChecks$1: loaded 2 times (x 86B)
Class org.jetbrains.kotlin.konan.target.KonanTarget                                   : loaded 2 times (x 76B)
Class dagger.spi.internal.shaded.com.google.auto.common.Overrides$ExplicitOverrides   : loaded 2 times (x 74B)
Class com.android.ide.common.gradle.Numeric                                           : loaded 2 times (x 75B)
Class dagger.spi.internal.shaded.androidx.room.compiler.processing.CommonProcessorDelegate: loaded 2 times (x 70B)
Class [Lcom.google.common.base.Supplier;                                              : loaded 2 times (x 67B)
Class org.jetbrains.kotlin.gradle.plugin.statistics.KotlinBuildStatsLoggerService$initSessionLogger$1: loaded 2 times (x 77B)
Class org.jetbrains.kotlin.gradle.plugin.KotlinCompilerArgumentsProducer$ArgumentType$Companion: loaded 2 times (x 69B)
Class org.jetbrains.kotlin.build.report.metrics.BuildTimes                            : loaded 2 times (x 70B)
Class org.jetbrains.kotlin.gradle.tasks.KotlinCompile$ClasspathSnapshotProperties     : loaded 2 times (x 73B)
Class org.jetbrains.kotlin.gradle.plugin.mpp.KotlinWithJavaCompilation                : loaded 2 times (x 197B)
Class org.jetbrains.kotlin.utils.DescriptionAware                                     : loaded 2 times (x 68B)
Class org.jetbrains.kotlin.gradle.internal.StdlibDependencyManagementKt$addStdlibDependency$1$1: loaded 2 times (x 77B)
Class org.jetbrains.kotlin.gradle.tasks.configuration.BaseKotlinCompileConfig$2$1     : loaded 2 times (x 73B)
Class org.jetbrains.kotlin.gradle.plugin.diagnostics.TransformActionUsingKotlinToolingDiagnostics: loaded 2 times (x 68B)
Class org.jetbrains.kotlin.gradle.dsl.PlatformSourceSetConventionsChecker$runChecks$6 : loaded 2 times (x 86B)
Class org.jetbrains.kotlin.gradle.plugin.sources.DefaultKotlinSourceSet_Decorated     : loaded 2 times (x 190B)
Class org.jetbrains.kotlin.gradle.utils.GradleUtilsKt$registerClassLoaderScopedBuildService$1: loaded 2 times (x 72B)
Class org.jetbrains.kotlin.gradle.plugin.mpp.KotlinCompilationsKt                     : loaded 2 times (x 69B)
Class org.jetbrains.kotlin.statistics.metrics.StringOverridePolicy                    : loaded 2 times (x 83B)
Class org.jetbrains.kotlin.gradle.plugin.statistics.DefaultKotlinBuildStatsBeanService: loaded 2 times (x 90B)
Class com.android.builder.model.v2.models.ndk.NativeModule                            : loaded 2 times (x 68B)
Class [Lorg.objectweb.asm.SymbolTable$Entry;                                          : loaded 2 times (x 67B)
Class org.gradle.accessors.dm.LibrariesForLibs$AndroidxUiToolingLibraryAccessors      : loaded 2 times (x 81B)
Class org.jetbrains.plugins.gradle.model.ExternalDependency                           : loaded 2 times (x 68B)
Class com.intellij.util.containers.IntObjectHashMap                                   : loaded 2 times (x 70B)
Class com.intellij.openapi.externalSystem.model.project.dependencies.AbstractDependencyNode: loaded 2 times (x 85B)
Class org.gradle.internal.installation.GradleInstallation$1                           : loaded 2 times (x 73B)
Class org.gradle.api.internal.classpath.ModuleRegistry                                : loaded 2 times (x 68B)
Class dagger.internal.codegen.xprocessing.XFunSpecs$1                                 : loaded 2 times (x 69B)
Class dagger.internal.codegen.xprocessing.XFunSpecs$Builder$Kind                      : loaded 2 times (x 77B)
Class org.jetbrains.kotlin.gradle.ExternalKotlinTargetApi                             : loaded 2 times (x 68B)
Class dagger.internal.codegen.componentgenerator.CurrentImplementationSubcomponent$ChildComponentImplementationFactoryModule: loaded 2 times (x 68B)
Class dagger.internal.codegen.writing.SetFactoryCreationExpression$Factory            : loaded 2 times (x 68B)
Class dagger.internal.codegen.writing.DelegateRequestRepresentation$Factory           : loaded 2 times (x 68B)
Class dagger.internal.codegen.binding.BoundInstanceBinding                            : loaded 2 times (x 88B)
Class dagger.internal.codegen.model.Key$MultibindingContributionIdentifier            : loaded 2 times (x 71B)
Class dagger.internal.codegen.binding.MapKeys                                         : loaded 2 times (x 69B)
Class dagger.internal.codegen.binding.DependencyRequestFormatter                      : loaded 2 times (x 84B)
Class dagger.internal.codegen.validation.MultibindsMethodValidator                    : loaded 2 times (x 77B)
Class [Ldagger.spi.internal.shaded.androidx.room.compiler.codegen.XClassName;         : loaded 2 times (x 67B)
Class dagger.hilt.processor.internal.aliasof.AliasOfs                                 : loaded 2 times (x 70B)
Class dagger.hilt.processor.internal.root.AutoValue_Root                              : loaded 2 times (x 77B)
Class kotlin.metadata.Attributes$modality$14                                          : loaded 2 times (x 135B)
Class kotlin.metadata.internal.protobuf.RopeByteString$RopeInputStream                : loaded 2 times (x 90B)
Class dagger.spi.internal.shaded.androidx.room.compiler.processing.InternalXAnnotationValue$Kind$Companion: loaded 2 times (x 69B)
Class org.jetbrains.kotlin.buildtools.api.jvm.ClassSnapshotGranularity                : loaded 2 times (x 77B)
Class org.jetbrains.kotlin.incremental.ClasspathChanges                               : loaded 2 times (x 69B)
Class dagger.hilt.android.processor.internal.androidentrypoint.AndroidEntryPointProcessor: loaded 2 times (x 98B)
Class dagger.hilt.processor.internal.aliasof.AliasOfProcessingStep                    : loaded 2 times (x 84B)
Class org.jetbrains.org.objectweb.asm.AnnotationVisitor                               : loaded 2 times (x 75B)
Class org.apache.commons.io.output.NullWriter                                         : loaded 2 times (x 97B)
Class com.android.builder.model.v2.ide.PrivacySandboxSdkInfo                          : loaded 2 times (x 68B)
Class org.jetbrains.kotlin.gradle.plugin.KotlinCompilerArgumentsProducer$CreateCompilerArgumentsContext$Companion: loaded 2 times (x 69B)
Class org.jetbrains.kotlin.gradle.logging.GradleKotlinLogger                          : loaded 2 times (x 78B)
Class org.jetbrains.kotlin.gradle.plugin.KotlinPluginLifecycle$ProjectConfigurationResult: loaded 2 times (x 69B)
Class org.jetbrains.kotlin.gradle.internal.KotlinDependenciesManagementKt$configureDefaultVersionsResolutionStrategy$1: loaded 2 times (x 73B)
Class org.jetbrains.kotlin.gradle.internal.StdlibDependencyManagementKt$configureStdlibDefaultDependency$1: loaded 2 times (x 77B)
Class org.jetbrains.kotlin.gradle.model.builder.KotlinModelBuilder$Companion          : loaded 2 times (x 69B)
Class org.jetbrains.kotlin.gradle.plugin.mpp.compilationImpl.KotlinCreateResourcesTaskSideEffectKt: loaded 2 times (x 69B)
Class org.jetbrains.kotlin.gradle.targets.native.internal.SetupKotlinNativePlatformDependenciesAndStdlibKt: loaded 2 times (x 69B)
Class [Lorg.jetbrains.kotlin.gradle.plugin.mpp.resources.resolve.KotlinTargetResourcesResolutionStrategy;: loaded 2 times (x 67B)
Class org.jetbrains.kotlin.gradle.plugin.mpp.KotlinUsages                             : loaded 2 times (x 69B)
Class org.jetbrains.kotlin.gradle.internal.properties.NativePropertiesLoader$Companion: loaded 2 times (x 69B)
Class [Lorg.jetbrains.kotlin.build.report.metrics.GradleBuildPerformanceMetric;       : loaded 2 times (x 67B)
Class org.jetbrains.kotlin.gradle.plugin.statistics.KotlinBuildStatsBeanService$Companion: loaded 2 times (x 69B)
Class org.jetbrains.kotlin.gradle.plugin.statistics.BuildFusService$Companion         : loaded 2 times (x 69B)
Class com.google.common.util.concurrent.internal.InternalFutureFailureAccess          : loaded 2 times (x 70B)
Class com.android.ide.common.repository.AgpVersion$PreviewKind$Companion              : loaded 2 times (x 69B)
Class com.amazon.ion.impl.bin.IonManagedBinaryWriter$SymbolState$1                    : loaded 2 times (x 78B)
Class com.amazon.ion.impl.LocalSymbolTableAsStruct$Factory                            : loaded 2 times (x 77B)
Class [Lcom.amazon.ion.IonType;                                                       : loaded 2 times (x 67B)
Class com.intellij.gradle.toolingExtension.impl.model.sourceSetDependencyModel.GradleSourceSetDependencySerialisationService$SourceSetDependencyModelReadContext: loaded 2 times (x 70B)
Class com.intellij.gradle.toolingExtension.impl.model.dependencyModel.DependencyReadContext: loaded 2 times (x 70B)
Class org.jetbrains.plugins.gradle.model.VersionCatalogsModel                         : loaded 2 times (x 68B)
Class org.gradle.tooling.internal.adapter.ObjectGraphAdapter                          : loaded 2 times (x 68B)
Class dagger.internal.codegen.writing.UnscopedDirectInstanceRequestRepresentationFactory$1: loaded 2 times (x 69B)
Class org.jetbrains.kotlin.gradle.plugin.Kotlin2JvmSourceSetProcessor$doTargetSpecificProcessing$2$2$1$1: loaded 2 times (x 72B)
Class com.squareup.kotlinpoet.AnnotationSpec                                          : loaded 2 times (x 75B)
Class org.jetbrains.kotlin.gradle.tasks.KotlinCompile$createCompilerArguments$1$2$1   : loaded 2 times (x 77B)
Class dagger.internal.codegen.writing.ProviderInstanceRequestRepresentation_Factory_Impl: loaded 2 times (x 73B)
Class dagger.internal.codegen.writing.ComponentInstanceRequestRepresentation_Factory_Impl: loaded 2 times (x 73B)
Class dagger.internal.codegen.bindinggraphvalidation.DuplicateBindingsValidator$KeyWithTypeEquivalence: loaded 2 times (x 72B)
Class dagger.hilt.android.processor.internal.androidentrypoint.AutoValue_AndroidEntryPointMetadata: loaded 2 times (x 90B)
Class dagger.internal.codegen.validation.DiagnosticMessageGenerator                   : loaded 2 times (x 70B)
Class dagger.internal.codegen.kotlin.ConstructorMetadata                              : loaded 2 times (x 75B)
Class dagger.spi.internal.shaded.androidx.room.compiler.codegen.XCodeBlock            : loaded 2 times (x 68B)
Class [Lkotlin.metadata.internal.metadata.ProtoBuf$TypeParameter$Variance;            : loaded 2 times (x 67B)
Class [Lkotlin.metadata.internal.metadata.ProtoBuf$Visibility;                        : loaded 2 times (x 67B)
Class dagger.internal.codegen.extension.Optionals                                     : loaded 2 times (x 69B)
Class dagger.internal.codegen.processingstep.ComponentHjarProcessingStep              : loaded 2 times (x 84B)
Class dagger.internal.codegen.binding.BindingNode$Factory                             : loaded 2 times (x 70B)
Class dagger.internal.codegen.processingstep.MapKeyProcessingStep_Factory             : loaded 2 times (x 80B)
Class dagger.hilt.android.processor.internal.bindvalue.BindValueMetadata              : loaded 2 times (x 71B)
Class kotlin.metadata.internal.FlagDelegatesImplKt$functionBooleanFlag$1              : loaded 2 times (x 135B)
Class dagger.hilt.processor.internal.ErrorTypeException                               : loaded 2 times (x 80B)
Class com.google.common.graph.Graphs                                                  : loaded 2 times (x 69B)
Class com.google.common.graph.MutableValueGraph                                       : loaded 2 times (x 68B)
Class dagger.spi.internal.shaded.androidx.room.compiler.processing.XFieldElement      : loaded 2 times (x 68B)
Class com.squareup.javapoet.JavaFile$1                                                : loaded 2 times (x 77B)
Class dagger.hilt.processor.internal.kotlin.KotlinMetadataFactory_Factory$InstanceHolder: loaded 2 times (x 69B)
Class kotlin.metadata.Visibility                                                      : loaded 2 times (x 77B)
Class kotlin.metadata.internal.metadata.jvm.JvmProtoBuf$StringTableTypes$Record       : loaded 2 times (x 117B)
Class kotlin.metadata.internal.protobuf.SmallSortedMap                                : loaded 2 times (x 128B)
Class com.google.common.graph.MapIteratorCache$1$1                                    : loaded 2 times (x 79B)
Class dagger.spi.internal.shaded.androidx.room.compiler.processing.XRawType           : loaded 2 times (x 68B)
Class org.jetbrains.kotlin.name.FqNameUnsafe                                          : loaded 2 times (x 70B)
Class com.android.builder.model.v2.ide.Installation                                   : loaded 2 times (x 68B)
Class com.google.common.collect.HashBiMap$Inverse                                     : loaded 2 times (x 140B)
Class org.jetbrains.kotlin.gradle.plugin.HasCompilerOptions                           : loaded 2 times (x 68B)
Class org.jetbrains.kotlin.gradle.plugin.mpp.compilationImpl.DefaultKotlinCompilationFriendPathsResolver$FriendArtifactResolver: loaded 2 times (x 68B)
Class org.jetbrains.kotlin.konan.target.KonanTarget$WATCHOS_SIMULATOR_ARM64           : loaded 2 times (x 76B)
Class org.jetbrains.kotlin.gradle.targets.js.ir.KotlinJsIrTarget                      : loaded 2 times (x 256B)
Class org.jetbrains.kotlin.gradle.plugin.mpp.DefaultKotlinUsageContext                : loaded 2 times (x 106B)
Class org.jetbrains.kotlin.gradle.plugin.KotlinPluginLifecycleImpl$start$3            : loaded 2 times (x 77B)
Class org.jetbrains.kotlin.gradle.plugin.KotlinMultiplatformPluginWrapper             : loaded 2 times (x 85B)
Class [Lorg.jetbrains.kotlin.statistics.metrics.BooleanMetrics;                       : loaded 2 times (x 67B)
Class org.jetbrains.kotlin.gradle.internal.properties.PropertiesBuildService$Companion: loaded 2 times (x 69B)
Class com.google.common.util.concurrent.AbstractFuture$UnsafeAtomicHelper             : loaded 2 times (x 76B)
Class org.jetbrains.plugins.gradle.model.ProjectImportModelProvider                   : loaded 2 times (x 68B)
Class org.jetbrains.plugins.gradle.model.ExternalSourceSet                            : loaded 2 times (x 68B)
Class com.amazon.ion.impl.bin.IonManagedBinaryWriter$SymbolState$2                    : loaded 2 times (x 78B)
Class com.amazon.ion.IonNull                                                          : loaded 2 times (x 68B)
Class com.intellij.gradle.toolingExtension.impl.model.warmUp.GradleTaskWarmUpRequest  : loaded 2 times (x 68B)
Class kotlin.metadata.internal.metadata.ProtoBuf$Type$Argument$Projection             : loaded 2 times (x 80B)
Class [Lkotlin.metadata.KmVariance;                                                   : loaded 2 times (x 67B)
Class dagger.spi.internal.shaded.androidx.room.compiler.codegen.kotlin.KotlinSpec     : loaded 2 times (x 70B)
Class dagger.internal.codegen.writing.ProductionBindingRepresentation$Factory         : loaded 2 times (x 68B)
Class com.google.common.collect.ConsumingQueueIterator                                : loaded 2 times (x 80B)
Class dagger.spi.internal.shaded.androidx.room.compiler.processing.javac.DefaultJavacType: loaded 2 times (x 183B)
Class dagger.internal.codegen.processingstep.BindingMethodProcessingStep_Factory      : loaded 2 times (x 80B)
Class dagger.internal.codegen.validation.BindingElementValidator$AllowsScoping        : loaded 2 times (x 77B)
Class dagger.internal.codegen.base.Formatter                                          : loaded 2 times (x 83B)
Class dagger.hilt.processor.internal.earlyentrypoint.AutoValue_AggregatedEarlyEntryPointMetadata: loaded 2 times (x 72B)
Class dagger.hilt.processor.internal.root.AutoValue_ComponentTreeDepsMetadata         : loaded 2 times (x 79B)
Class kotlin.metadata.KmTypeProjection$Companion                                      : loaded 2 times (x 69B)
Class dagger.spi.internal.shaded.androidx.room.compiler.processing.javac.JavacAnnotationValueKt: loaded 2 times (x 69B)
Class dagger.spi.internal.shaded.com.google.auto.common.AnnotationMirrors             : loaded 2 times (x 69B)
Class dagger.spi.internal.shaded.androidx.room.compiler.processing.XRoundEnv          : loaded 2 times (x 68B)
Class com.google.common.collect.ImmutableMap$MapViewOfValuesAsSingletonSets$1$1       : loaded 2 times (x 81B)
Class dagger.internal.codegen.binding.ComponentDescriptor$Factory                     : loaded 2 times (x 73B)
Class dagger.internal.codegen.ComponentProcessor                                      : loaded 2 times (x 96B)
Class dagger.spi.model.BindingGraph$Edge                                              : loaded 2 times (x 68B)
Class com.google.common.collect.Multimaps$CustomSetMultimap                           : loaded 2 times (x 176B)
Class com.google.common.collect.ImmutableSortedMap$1EntrySet                          : loaded 2 times (x 153B)
Class com.android.builder.model.v2.models.ModelBuilderParameter                       : loaded 2 times (x 68B)
Class org.jetbrains.kotlin.config.AnalysisFlag                                        : loaded 2 times (x 70B)
Class org.jetbrains.kotlin.gradle.plugin.mpp.compilationImpl.KotlinCompilationConfigurationsContainer: loaded 2 times (x 68B)
Class org.jetbrains.kotlin.gradle.internal.StdlibDependencyManagementKt$addStdlibDependency$1: loaded 2 times (x 73B)
Class [Lorg.jetbrains.kotlin.gradle.plugin.KotlinPluginLifecycle$CoroutineStart;      : loaded 2 times (x 67B)
Class org.jetbrains.kotlin.gradle.dsl.IosSourceSetConventionChecker                   : loaded 2 times (x 72B)
Class org.jetbrains.kotlin.gradle.plugin.diagnostics.KotlinGradleProjectChecker       : loaded 2 times (x 68B)
Class org.jetbrains.kotlin.gradle.dsl.KotlinMultiplatformSourceSetConventions         : loaded 2 times (x 68B)
Class org.jetbrains.kotlin.gradle.plugin.sources.KotlinSourceSetFactory$Companion     : loaded 2 times (x 69B)
Class org.jetbrains.kotlin.statistics.metrics.NumberOverridePolicy$SUM                : loaded 2 times (x 83B)
Class org.jetbrains.kotlin.gradle.plugin.internal.SourceSetCompatibilityHelper        : loaded 2 times (x 68B)
Class org.jetbrains.kotlin.gradle.plugin.internal.DefaultArtifactTypeAttributeAccessorVariantFactory: loaded 2 times (x 74B)
Class org.jetbrains.kotlin.gradle.plugin.internal.MppTestReportHelper$MppTestReportHelperVariantFactory: loaded 2 times (x 68B)
Class com.amazon.ion.impl.bin.IonRawBinaryWriter$ContainerInfo                        : loaded 2 times (x 72B)
Class com.amazon.ion.impl.bin.IonManagedBinaryWriter$SymbolState$3                    : loaded 2 times (x 78B)
Class com.amazon.ion.impl.bin.IonRawBinaryWriter$StreamFlushMode                      : loaded 2 times (x 77B)
Class com.amazon.ion.IonBinaryWriter                                                  : loaded 2 times (x 68B)
Class com.intellij.gradle.toolingExtension.impl.model.sourceSetArtifactIndex.GradleSourceSetArtifactBuildRequest: loaded 2 times (x 68B)
Class com.google.common.collect.Lists$TransformingRandomAccessList                    : loaded 2 times (x 197B)
Class org.gradle.api.internal.classpath.DefaultModuleRegistry                         : loaded 2 times (x 84B)
Class [Ldagger.spi.internal.shaded.androidx.room.compiler.codegen.XFileSpec$Builder;  : loaded 2 times (x 67B)
Class dagger.spi.internal.shaded.androidx.room.compiler.codegen.XAnnotationSpec$Companion: loaded 2 times (x 69B)
Class dagger.internal.codegen.writing.BindingRepresentations_Factory                  : loaded 2 times (x 79B)
Class dagger.internal.codegen.base.MapType                                            : loaded 2 times (x 70B)
Class dagger.internal.codegen.binding.MembersInjectionBinding$Builder                 : loaded 2 times (x 73B)
Class dagger.internal.codegen.binding.$AutoValue_LegacyBindingGraphFactory_LegacyResolvedBindings: loaded 2 times (x 75B)
Class [Ldagger.internal.codegen.base.OptionalType$OptionalKind;                       : loaded 2 times (x 67B)
Class [Ldagger.internal.codegen.binding.BindingType;                                  : loaded 2 times (x 67B)
Class dagger.internal.codegen.binding.FrameworkType$2                                 : loaded 2 times (x 82B)
Class dagger.internal.codegen.bindinggraphvalidation.BindingGraphValidationModule     : loaded 2 times (x 68B)
Class dagger.internal.codegen.bindinggraphvalidation.MapMultibindingValidator         : loaded 2 times (x 83B)
Class dagger.internal.codegen.validation.BindsInstanceParameterValidator_Factory      : loaded 2 times (x 80B)
Class dagger.internal.codegen.compileroption.ProcessingEnvironmentCompilerOptions$KeyOnlyOption$1: loaded 2 times (x 84B)
Class dagger.spi.BindingGraphPlugin                                                   : loaded 2 times (x 68B)
Class dagger.internal.codegen.validation.SpiModelBindingGraphConverter$DaggerExecutableElementImpl: loaded 2 times (x 73B)
Class com.google.common.graph.AbstractGraphBuilder                                    : loaded 2 times (x 70B)
Class kotlin.metadata.KmTypeAlias                                                     : loaded 2 times (x 70B)
Class kotlin.metadata.Attributes$hasAnnotations$14                                    : loaded 2 times (x 135B)
Class kotlin.metadata.internal.ReadersKt                                              : loaded 2 times (x 69B)
Class dagger.internal.codegen.writing.DerivedFromFrameworkInstanceRequestRepresentation_Factory: loaded 2 times (x 70B)
Class kotlin.metadata.internal.metadata.ProtoBuf$TypeParameter                        : loaded 2 times (x 128B)
Class kotlin.metadata.internal.metadata.ProtoBuf$PropertyOrBuilder                    : loaded 2 times (x 68B)
Class kotlin.metadata.internal.protobuf.Internal$EnumLite                             : loaded 2 times (x 68B)
Class dagger.hilt.processor.internal.BadInputException                                : loaded 2 times (x 80B)
Class dagger.internal.codegen.writing.MapFactoryCreationExpression$Factory            : loaded 2 times (x 68B)
Class dagger.internal.codegen.base.UniqueNameSet                                      : loaded 2 times (x 70B)
Class com.squareup.javapoet.TypeName                                                  : loaded 2 times (x 79B)
Class dagger.internal.codegen.writing.FrameworkFieldInitializer$InitializationState   : loaded 2 times (x 77B)
Class dagger.internal.codegen.binding.KeyVariableNamer                                : loaded 2 times (x 69B)
Class org.jetbrains.org.objectweb.asm.AnnotationWriter                                : loaded 2 times (x 76B)
Class org.gradle.tooling.internal.gradle.DefaultProjectIdentifier                     : loaded 2 times (x 84B)
Class org.jetbrains.kotlin.gradle.dsl.KotlinProjectExtensionKt$WhenMappings           : loaded 2 times (x 69B)
Class org.jetbrains.kotlin.gradle.plugin.ide.IdeCompilerArgumentsResolverImpl         : loaded 2 times (x 72B)
Class org.jetbrains.kotlin.gradle.internal.KaptGenerateStubsTask                      : loaded 2 times (x 507B)
Class org.jetbrains.kotlin.compilerRunner.KotlinCompilerArgumentsLogLevel             : loaded 2 times (x 77B)
Class org.jetbrains.kotlin.gradle.plugin.internal.state.TaskExecutionResults          : loaded 2 times (x 69B)
Class org.jetbrains.kotlin.gradle.plugin.statistics.BuildFusService$Parameters$Inject : loaded 2 times (x 110B)
Class org.jetbrains.kotlin.gradle.plugin.mpp.compilationImpl.factory.CompositePostConfigure: loaded 2 times (x 73B)
Class org.jetbrains.kotlin.gradle.targets.native.internal.CInteropConfigurationsKt    : loaded 2 times (x 69B)
Class org.jetbrains.kotlin.statistics.metrics.StatisticsValuesConsumer                : loaded 2 times (x 68B)
Class com.google.common.util.concurrent.ListenableFuture                              : loaded 2 times (x 68B)
Class com.amazon.ion.impl.bin.IonManagedBinaryWriter$SymbolState$4                    : loaded 2 times (x 78B)
Class org.jetbrains.plugins.gradle.tooling.serialization.internal.IdeaProjectSerializationService$WriteContext$1: loaded 2 times (x 81B)
Class org.jetbrains.plugins.gradle.model.ExternalProject                              : loaded 2 times (x 68B)
Class [Lcom.squareup.kotlinpoet.Import;                                               : loaded 2 times (x 67B)
Class com.squareup.kotlinpoet.TypeVariableName                                        : loaded 2 times (x 80B)
Class dagger.internal.codegen.validation.AutoValue_SpiModelBindingGraphConverter_DependencyEdgeImpl: loaded 2 times (x 77B)
Class dagger.internal.codegen.binding.MultiboundMapBinding                            : loaded 2 times (x 88B)
Class com.google.common.collect.FilteredEntryMultimap                                 : loaded 2 times (x 153B)
Class dagger.spi.internal.shaded.androidx.room.compiler.processing.XEnumTypeElement   : loaded 2 times (x 68B)
Class dagger.internal.codegen.binding.LegacyBindingGraphFactory                       : loaded 2 times (x 70B)
Class dagger.internal.codegen.compileroption.ProcessingEnvironmentCompilerOptions$KeyOnlyOption$2: loaded 2 times (x 84B)
Class com.google.common.collect.ImmutableMapValues                                    : loaded 2 times (x 124B)
Class com.squareup.javapoet.FieldSpec$Builder                                         : loaded 2 times (x 70B)
Class dagger.spi.internal.shaded.androidx.room.compiler.processing.javac.kotlin.KmConstructorContainer: loaded 2 times (x 98B)
Class dagger.hilt.processor.internal.aliasof.AutoValue_AliasOfPropagatedDataMetadata  : loaded 2 times (x 73B)
Class com.intellij.openapi.externalSystem.model.project.dependencies.DependencyNode   : loaded 2 times (x 68B)
Class com.google.common.graph.MapRetrievalCache                                       : loaded 2 times (x 73B)
Class com.amazon.ion.IonWriter                                                        : loaded 2 times (x 68B)
Class dagger.hilt.processor.internal.root.$AutoValue_AggregatedRootMetadata           : loaded 2 times (x 82B)
Class com.squareup.javapoet.ParameterSpec                                             : loaded 2 times (x 70B)
Class kotlin.metadata.internal.metadata.ProtoBuf$TypeTable                            : loaded 2 times (x 107B)
Class com.amazon.ion.impl.bin._Private_IonRawWriter                                   : loaded 2 times (x 68B)
Class kotlin.reflect.jvm.internal.KClassImpl$Data$allMembers$2                        : loaded 2 times (x 77B)
Class com.amazon.ion.impl.bin.IonRawBinaryWriter$PreallocationMode                    : loaded 2 times (x 80B)
Class com.amazon.ion.impl.lite.IonSystemLite                                          : loaded 2 times (x 273B)
Class org.gradle.accessors.dm.LibrariesForLibs                                        : loaded 2 times (x 94B)
Class org.jetbrains.kotlin.gradle.plugin.DefaultKotlinBasePlugin$addKotlinCompilerConfiguration$2$1$1$1: loaded 2 times (x 73B)
Class [Lcom.android.builder.model.v2.ide.CodeShrinker;                                : loaded 2 times (x 67B)
Class org.jetbrains.kotlin.gradle.tasks.KotlinCompilerExecutionStrategy$Companion     : loaded 2 times (x 69B)
Class org.jetbrains.kotlin.gradle.plugin.statistics.NonSynchronizedMetricsContainer   : loaded 2 times (x 75B)
Class org.jetbrains.kotlin.gradle.plugin.mpp.compilationImpl.factory.JvmWithJavaCompilationTaskNamesContainerFactory: loaded 2 times (x 73B)
Class org.jetbrains.kotlin.gradle.plugin.CompilerPluginConfig                         : loaded 2 times (x 70B)
Class org.jetbrains.kotlin.gradle.model.builder.KotlinModelBuilder                    : loaded 2 times (x 74B)
Class [Lorg.jetbrains.kotlin.tooling.core.HasMutableExtras;                           : loaded 2 times (x 67B)
Class org.jetbrains.kotlin.gradle.plugin.diagnostics.checkers.GradleDeprecatedPropertyChecker: loaded 2 times (x 72B)
Class org.jetbrains.kotlin.gradle.artifacts.KotlinJsKlibArtifactKt$KotlinJsKlibArtifact$1: loaded 2 times (x 72B)
Class org.jetbrains.kotlin.gradle.targets.CreateTargetConfigurationsSideEffectKt      : loaded 2 times (x 69B)
Class org.jetbrains.kotlin.gradle.plugin.mpp.ApplyUserDefinedAttributesKt$UserDefinedAttributesSetupAction$1: loaded 2 times (x 93B)
Class org.jetbrains.kotlin.gradle.plugin.mpp.KotlinAndroidTarget                      : loaded 2 times (x 161B)
Class org.jetbrains.kotlin.gradle.plugin.DefaultKotlinBasePlugin$addKotlinCompilerConfiguration$1: loaded 2 times (x 73B)
Class org.jetbrains.kotlin.gradle.plugin.internal.DefaultCompatibilityConventionRegistrar: loaded 2 times (x 72B)
Class org.jetbrains.kotlin.gradle.plugin.PropertiesProvider                           : loaded 2 times (x 70B)
Class com.google.common.util.concurrent.AbstractFuture                                : loaded 2 times (x 104B)
Class org.gradle.accessors.dm.LibrariesForLibs$AndroidxComposeMaterialIconsLibraryAccessors: loaded 2 times (x 75B)
Class com.amazon.ion.impl.bin.utf8.Pool                                               : loaded 2 times (x 72B)
Class com.amazon.ion.impl._Private_SymtabExtendsCache                                 : loaded 2 times (x 70B)
Class org.jetbrains.plugins.gradle.tooling.serialization.internal.IdeaProjectSerializationService$WriteContext$2: loaded 2 times (x 81B)
Class dagger.internal.codegen.binding.AnnotationExpression                            : loaded 2 times (x 70B)
Class [Ldagger.internal.codegen.writing.ComponentCreatorImplementationFactory$RequirementStatus;: loaded 2 times (x 67B)
Class dagger.internal.codegen.writing.ComponentImplementation$ChildComponentImplementationFactory: loaded 2 times (x 68B)
Class dagger.internal.codegen.writing.InjectionOrProvisionProviderCreationExpression_Factory: loaded 2 times (x 70B)
Class dagger.internal.codegen.writing.DerivedFromFrameworkInstanceRequestRepresentation$Factory: loaded 2 times (x 68B)
Class dagger.internal.codegen.DaggerDelegateComponentProcessor_Injector$CurrentImplementationSubcomponentBuilder: loaded 2 times (x 77B)
Class dagger.spi.model.DaggerAnnotation                                               : loaded 2 times (x 73B)
Class dagger.spi.model.RequestKind                                                    : loaded 2 times (x 77B)
Class org.gradle.accessors.dm.RootProjectAccessor                                     : loaded 2 times (x 74B)
Class com.google.common.collect.AbstractMultiset$ElementSet                           : loaded 2 times (x 136B)
Class dagger.internal.codegen.binding.AutoValue_BindingRequest                        : loaded 2 times (x 73B)
Class dagger.internal.codegen.binding.AutoValue_InjectionBinding                      : loaded 2 times (x 92B)
Class dagger.internal.codegen.binding.$AutoValue_ComponentBinding                     : loaded 2 times (x 89B)
Class dagger.internal.codegen.binding.OptionalBinding                                 : loaded 2 times (x 89B)
Class org.jetbrains.kotlin.gradle.utils.CompatibilityKt                               : loaded 2 times (x 69B)
Class dagger.internal.codegen.processingstep.LazyClassKeyProcessingStep_Factory       : loaded 2 times (x 80B)
Class dagger.internal.codegen.DelegateComponentProcessor_SourceFileGeneratorsModule_ProducerFactoryGeneratorFactory: loaded 2 times (x 80B)
Class dagger.internal.codegen.validation.BindsInstanceElementValidator                : loaded 2 times (x 76B)
Class dagger.internal.codegen.validation.BindsMethodValidator                         : loaded 2 times (x 76B)
Class dagger.internal.codegen.processingstep.TypeCheckingProcessingStep_MembersInjector: loaded 2 times (x 73B)
Class dagger.internal.codegen.bindinggraphvalidation.DuplicateBindingsValidator_Factory: loaded 2 times (x 80B)
Class org.jetbrains.kotlin.gradle.plugin.sources.DefaultKotlinSourceSetFactory        : loaded 2 times (x 78B)
Class dagger.hilt.processor.internal.definecomponent.AutoValue_DefineComponentClassesMetadata: loaded 2 times (x 74B)
Class org.jetbrains.kotlin.gradle.plugin.diagnostics.ToolingDiagnostic                : loaded 2 times (x 70B)
Class kotlin.metadata.internal.FlagDelegatesImplKt$propertyBooleanFlag$1              : loaded 2 times (x 135B)
Class kotlin.metadata.internal.protobuf.CodedOutputStream                             : loaded 2 times (x 70B)
Class kotlin.metadata.internal.protobuf.MessageLite$Builder                           : loaded 2 times (x 68B)
Class org.jetbrains.kotlin.gradle.tasks.TasksProviderKt                               : loaded 2 times (x 69B)
Class dagger.spi.internal.shaded.androidx.room.compiler.processing.javac.JavacProcessingEnv: loaded 2 times (x 119B)
Class com.google.common.reflect.TypeResolver$TypeTable                                : loaded 2 times (x 71B)
Class org.jetbrains.kotlin.config.ExplicitApiMode                                     : loaded 2 times (x 77B)
Class [Lorg.jetbrains.kotlin.gradle.dsl.jvm.JvmTargetValidationMode;                  : loaded 2 times (x 67B)
Class org.jetbrains.kotlin.gradle.tasks.DefaultKotlinJavaToolchain$javaVersion$1      : loaded 2 times (x 72B)
Class org.jetbrains.kotlin.gradle.plugin.mpp.MppSourcesJarKt$sourcesJarTask$1         : loaded 2 times (x 93B)
Class org.jetbrains.kotlin.gradle.plugin.mpp.compilationImpl.factory.KotlinCompilationImplFactory$KotlinCompilationOutputFactory: loaded 2 times (x 68B)
Class org.jetbrains.kotlin.konan.target.TargetSupportException                        : loaded 2 times (x 80B)
Class org.jetbrains.kotlin.gradle.plugin.KotlinCompilationToRunnableFiles             : loaded 2 times (x 68B)
Class org.jetbrains.kotlin.gradle.tooling.BuildKotlinToolingMetadataTaskKt            : loaded 2 times (x 69B)
Class org.jetbrains.kotlin.gradle.plugin.ProjectLocalConfigurations$setupAttributesMatchingStrategy$1$1: loaded 2 times (x 72B)
Class org.jetbrains.kotlin.gradle.targets.native.toolchain.KotlinNativeBundleBuildService$Companion$registerIfAbsent$2$1$1: loaded 2 times (x 73B)
Class org.jetbrains.kotlin.gradle.internal.properties.NativePropertiesLoader$isUseEmbeddableCompilerJar$1: loaded 2 times (x 73B)
Class org.jetbrains.kotlin.statistics.BuildSessionLogger$Companion                    : loaded 2 times (x 69B)
Class org.jetbrains.kotlin.gradle.plugin.internal.DefaultArtifactTypeAttributeAccessor: loaded 2 times (x 72B)
Class org.jetbrains.kotlin.gradle.plugin.internal.DefaultIdeaSyncDetectorVariantFactory: loaded 2 times (x 74B)
Class org.jetbrains.kotlin.gradle.plugin.internal.DefaultBasePluginConfigurationVariantFactory: loaded 2 times (x 74B)
Class org.objectweb.asm.RecordComponentVisitor                                        : loaded 2 times (x 75B)
Class com.amazon.ion.impl._Private_IonSymbol                                          : loaded 2 times (x 68B)
Class com.amazon.ion.impl.lite.IonValueLite                                           : loaded 2 times (x 145B)
Class com.amazon.ion.IonContainer                                                     : loaded 2 times (x 68B)
Class com.amazon.ion.impl.bin.PooledBlockAllocatorProvider                            : loaded 2 times (x 71B)
Class org.jetbrains.plugins.gradle.tooling.serialization.AnnotationProcessingModelSerializationService$ReadContext: loaded 2 times (x 70B)
Class org.jetbrains.plugins.gradle.tooling.serialization.internal.IdeaProjectSerializationService$WriteContext$3: loaded 2 times (x 81B)
Class org.gradle.util.internal.DefaultGradleVersion$Stage                             : loaded 2 times (x 73B)
Class dagger.internal.codegen.writing.FrameworkInstanceBindingRepresentation          : loaded 2 times (x 70B)
Class dagger.internal.codegen.writing.DelegateRequestRepresentation                   : loaded 2 times (x 72B)
Class dagger.internal.codegen.writing.ProducerFromProviderCreationExpression_Factory  : loaded 2 times (x 69B)
Class dagger.internal.codegen.writing.ProducerCreationExpression$Factory              : loaded 2 times (x 68B)
Class dagger.internal.codegen.binding.$AutoValue_BindingGraph                         : loaded 2 times (x 80B)
Class org.jetbrains.kotlin.konan.target.KonanTarget$ANDROID_ARM32                     : loaded 2 times (x 76B)
Class dagger.internal.codegen.base.OptionalType$OptionalKind                          : loaded 2 times (x 77B)
Class org.jetbrains.kotlin.gradle.plugin.mpp.compilationImpl.DefaultKotlinCompilationConfigurationsContainer: loaded 2 times (x 83B)
Class org.jetbrains.kotlin.gradle.plugin.mpp.compilationImpl.KotlinJvmCompilationAssociator: loaded 2 times (x 72B)
Class dagger.internal.codegen.base.RequestKinds                                       : loaded 2 times (x 69B)
Class dagger.spi.internal.shaded.androidx.room.compiler.processing.javac.JavacMethodType$Companion: loaded 2 times (x 69B)
Class dagger.hilt.processor.internal.aggregateddeps.AggregatedDepsGenerator           : loaded 2 times (x 70B)
Class dagger.internal.codegen.validation.SpiModelBindingGraphConverter                : loaded 2 times (x 69B)
Class dagger.internal.codegen.binding.AutoValue_ModuleDescriptor                      : loaded 2 times (x 84B)
Class dagger.internal.codegen.compileroption.ValidationType                           : loaded 2 times (x 77B)
Class kotlin.metadata.internal.metadata.ProtoBuf$VersionRequirement$VersionKind$1     : loaded 2 times (x 72B)
Class dagger.hilt.processor.internal.aggregateddeps.ComponentDependencies             : loaded 2 times (x 72B)
Class com.google.common.graph.StandardValueGraph                                      : loaded 2 times (x 144B)
Class kotlin.metadata.internal.protobuf.WireFormat$FieldType$1                        : loaded 2 times (x 81B)
Class kotlin.metadata.internal.protobuf.ByteString                                    : loaded 2 times (x 106B)
Class dagger.spi.internal.shaded.androidx.room.compiler.processing.javac.VisitorData  : loaded 2 times (x 70B)
Class com.android.builder.model.v2.models.AndroidDsl                                  : loaded 2 times (x 68B)
Class com.squareup.kotlinpoet.UtilKt                                                  : loaded 2 times (x 69B)
Class org.jetbrains.kotlin.gradle.plugin.statistics.IDaemonReuseCounterMXBean         : loaded 2 times (x 68B)
Class dagger.hilt.processor.internal.JavacBaseProcessingStepProcessor                 : loaded 2 times (x 98B)
Class org.jetbrains.kotlin.gradle.plugin.InternalSubpluginOption                      : loaded 2 times (x 70B)
Class com.google.common.reflect.TypeResolver$TypeTable$1                              : loaded 2 times (x 71B)
Class org.apache.commons.io.output.StringBuilderWriter                                : loaded 2 times (x 98B)
Class org.jetbrains.kotlin.gradle.internal.StdlibDependencyManagementKt$isStdlibAddedByUser$1: loaded 2 times (x 77B)
Class org.jetbrains.kotlin.gradle.plugin.mpp.KotlinCompilationsKt$sam$java_util_concurrent_Callable$0: loaded 2 times (x 73B)
Class org.jetbrains.kotlin.gradle.tasks.KotlinCompilerPluginData                      : loaded 2 times (x 70B)
Class org.jetbrains.kotlin.gradle.scripting.internal.ScriptingKotlinGradleSubplugin$applyToCompilation$1: loaded 2 times (x 73B)
Class org.jetbrains.kotlin.gradle.plugin.mpp.MppSourcesJarKt                          : loaded 2 times (x 69B)
Class org.jetbrains.kotlin.compilerRunner.CompilerSystemPropertiesService$Companion$registerIfAbsent$2$1$1: loaded 2 times (x 73B)
Class org.jetbrains.kotlin.gradle.plugin.KotlinCompilationInfo                        : loaded 2 times (x 86B)
Class org.jetbrains.kotlin.gradle.plugin.internal.UsesBuildIdProviderService          : loaded 2 times (x 68B)
Class org.jetbrains.kotlin.gradle.plugin.mpp.compilationImpl.KotlinCompilationSourceSetInclusion$include$1: loaded 2 times (x 77B)
Class org.jetbrains.kotlin.gradle.plugin.mpp.compilationImpl.factory.KotlinCompilationImplFactory$KotlinCompilationDependencyConfigurationsFactory: loaded 2 times (x 68B)
Class org.jetbrains.kotlin.gradle.tasks.BaseKotlinCompile                             : loaded 2 times (x 68B)
Class org.jetbrains.kotlin.gradle.plugin.KotlinPluginLifecycleCoroutineContextElement$Key: loaded 2 times (x 69B)
Class org.jetbrains.kotlin.gradle.internal.IdeaKt                                     : loaded 2 times (x 69B)
Class org.jetbrains.kotlin.gradle.plugin.diagnostics.KotlinToolingDiagnosticsSetupActionKt$KotlinToolingDiagnosticsSetupAction$1: loaded 2 times (x 72B)
Class org.jetbrains.kotlin.tooling.core.ExtrasPropertyKt                              : loaded 2 times (x 69B)
Class org.jetbrains.kotlin.gradle.dsl.KotlinProjectExtensionKt                        : loaded 2 times (x 69B)
Class org.jetbrains.kotlin.gradle.plugin.KotlinGradleBuildServices$Parameters_Decorated: loaded 2 times (x 132B)
Class org.jetbrains.kotlin.gradle.plugin.DefaultKotlinBasePlugin$addKotlinCompilerConfiguration$3: loaded 2 times (x 73B)
Class [Lorg.jetbrains.kotlin.statistics.metrics.IMetricContainerFactory;              : loaded 2 times (x 67B)
Class org.jetbrains.kotlin.gradle.plugin.internal.ArtifactTypeAttributeAccessor       : loaded 2 times (x 68B)
Class org.jetbrains.kotlin.gradle.plugin.internal.ArtifactTypeAttributeAccessor$ArtifactTypeAttributeAccessorVariantFactory: loaded 2 times (x 68B)
Class org.jetbrains.kotlin.gradle.plugin.internal.ConfigurationTimePropertiesAccessor$ConfigurationTimePropertiesAccessorVariantFactory: loaded 2 times (x 68B)
Class org.gradle.accessors.dm.LibrariesForLibs$AndroidxCoreLibraryAccessors           : loaded 2 times (x 75B)
Class org.jetbrains.kotlin.idea.gradleTooling.AndroidAwareGradleModelProvider         : loaded 2 times (x 77B)
Class org.jetbrains.plugins.gradle.tooling.serialization.internal.IdeaProjectSerializationService$WriteContext$4: loaded 2 times (x 81B)
Class com.intellij.gradle.toolingExtension.impl.model.sourceSetDependencyModel.GradleSourceSetDependencySerialisationService$Companion: loaded 2 times (x 69B)
Class [Lkotlin.Pair;                                                                  : loaded 2 times (x 67B)
Class kotlin.text.MatchNamedGroupCollection                                           : loaded 2 times (x 68B)
Class org.gradle.internal.time.MonotonicClock                                         : loaded 2 times (x 75B)
Class org.gradle.internal.service.ServiceLookupException                              : loaded 2 times (x 80B)
Class [Lorg.apache.commons.io.StandardLineSeparator;                                  : loaded 2 times (x 67B)
Class dagger.internal.codegen.writing.InjectionMethods$1                              : loaded 2 times (x 69B)
Class dagger.internal.codegen.writing.OptionalRequestRepresentation                   : loaded 2 times (x 72B)
Class dagger.internal.codegen.writing.OptionalFactoryInstanceCreationExpression$Factory: loaded 2 times (x 68B)
Class dagger.internal.codegen.writing.OptionalRequestRepresentation_Factory_Impl      : loaded 2 times (x 73B)
Class dagger.spi.internal.shaded.androidx.room.compiler.processing.XType              : loaded 2 times (x 68B)
Class com.squareup.kotlinpoet.UtilKt$escapeSegmentsIfNecessary$2                      : loaded 2 times (x 76B)
Class dagger.internal.codegen.binding.$AutoValue_SubcomponentCreatorBinding           : loaded 2 times (x 89B)
Class dagger.internal.codegen.validation.SpiModelBindingGraphConverter$1              : loaded 2 times (x 69B)
Class dagger.internal.codegen.writing.FactoryGenerator_Factory                        : loaded 2 times (x 80B)
Class dagger.internal.codegen.binding.InjectionAnnotations                            : loaded 2 times (x 70B)
Class dagger.internal.codegen.binding.DependencyRequestFormatter_Factory              : loaded 2 times (x 80B)
Class dagger.spi.internal.shaded.androidx.room.compiler.processing.XConstructorElement: loaded 2 times (x 68B)
Class dagger.hilt.processor.internal.Components                                       : loaded 2 times (x 69B)
Class com.squareup.kotlinpoet.CodeWriter                                              : loaded 2 times (x 76B)
Class kotlin.metadata.Attributes$hasAnnotations$18                                    : loaded 2 times (x 135B)
Class [Ldagger.hilt.processor.internal.aggregateddeps.AggregatedDepsMetadata$DependencyType;: loaded 2 times (x 67B)
Class kotlin.metadata.KmType                                                          : loaded 2 times (x 70B)
Class kotlin.metadata.jvm.internal.JvmMetadataExtensions                              : loaded 2 times (x 101B)
Class kotlin.metadata.internal.extensions.MetadataExtensions                          : loaded 2 times (x 68B)
Class kotlin.metadata.internal.protobuf.WireFormat$FieldType$2                        : loaded 2 times (x 81B)
Class kotlin.metadata.internal.protobuf.GeneratedMessageLite                          : loaded 2 times (x 99B)
Class kotlin.metadata.InconsistentKotlinMetadataException                             : loaded 2 times (x 80B)
Class com.squareup.kotlinpoet.TypeName$cachedString$2                                 : loaded 2 times (x 77B)
Class com.squareup.javapoet.LineWrapper                                               : loaded 2 times (x 70B)
Class org.jetbrains.kotlin.gradle.plugin.ide.IdeCompilerArgumentsResolver$Companion   : loaded 2 times (x 69B)
Class org.jetbrains.kotlin.gradle.internal.StdlibDependencyManagementKt$isStdlibAddedByUser$2: loaded 2 times (x 76B)
Class org.jetbrains.kotlin.gradle.tasks.KaptGenerateStubs                             : loaded 2 times (x 68B)
Class org.jetbrains.kotlin.gradle.tasks.GradleCompileTaskProvider_Decorated           : loaded 2 times (x 119B)
Class org.jetbrains.kotlin.build.report.statistics.BuildStartParameters               : loaded 2 times (x 70B)
Class org.jetbrains.kotlin.gradle.plugin.statistics.BuildFusService$Inject            : loaded 2 times (x 102B)
Class org.jetbrains.kotlin.gradle.plugin.KotlinSourceSetProcessor$addKotlinDirectoriesToJavaSourceSet$kotlinSrcDirsToAdd$1: loaded 2 times (x 73B)
Class org.jetbrains.kotlin.gradle.plugin.hierarchy.KotlinSourceSetTreeClassifierKt$sourceSetTreeClassifier$2: loaded 2 times (x 76B)
Class dagger.hilt.processor.internal.aliasof.AliasOfPropagatedDataMetadata            : loaded 2 times (x 72B)
Class org.jetbrains.kotlin.konan.target.HostManager                                   : loaded 2 times (x 70B)
Class org.jetbrains.kotlin.gradle.targets.js.npm.NpmDirectoryDependencyExtension      : loaded 2 times (x 68B)
Class org.jetbrains.kotlin.gradle.plugin.mpp.KotlinUsageContext$MavenScope            : loaded 2 times (x 77B)
Class org.jetbrains.kotlin.gradle.targets.native.KotilnNativeConfigureBinariesSideEffectKt$special$$inlined$KotlinTargetSideEffect$1: loaded 2 times (x 72B)
Class org.jetbrains.kotlin.gradle.plugin.KotlinProjectSetupAction$Companion           : loaded 2 times (x 69B)
Class org.gradle.accessors.dm.LibrariesForLibs$HiltLibraryAccessors                   : loaded 2 times (x 78B)
Class com.amazon.ion.BufferConfiguration$Builder                                      : loaded 2 times (x 76B)
Class org.jetbrains.plugins.gradle.tooling.serialization.internal.IdeaProjectSerializationService$WriteContext$5: loaded 2 times (x 81B)
Class com.intellij.gradle.toolingExtension.impl.model.sourceSetDependencyModel.GradleSourceSetDependencySerialisationService$SourceSetDependencyModelWriteContext: loaded 2 times (x 70B)
Class kotlin.sequences.SequencesKt___SequencesKt$sortedWith$1                         : loaded 2 times (x 73B)
Class org.gradle.internal.classloader.ClassLoaderFactory                              : loaded 2 times (x 68B)
Class dagger.internal.codegen.writing.StaticFactoryInstanceSupplier                   : loaded 2 times (x 73B)
Class dagger.internal.codegen.writing.FrameworkInstanceBindingRepresentation_Factory_Impl: loaded 2 times (x 73B)
Class dagger.internal.codegen.writing.ComponentMethodRequestRepresentation_Factory    : loaded 2 times (x 70B)
Class dagger.internal.codegen.DaggerDelegateComponentProcessor_Injector$TopLevelImplementationComponentImpl: loaded 2 times (x 73B)
Class com.google.devtools.ksp.symbol.KSExpectActual                                   : loaded 2 times (x 68B)
Class dagger.internal.codegen.validation.InjectBindingRegistryImpl$BindingsCollection : loaded 2 times (x 70B)
Class [Ldagger.internal.codegen.base.ClearableCache;                                  : loaded 2 times (x 67B)
Class dagger.internal.codegen.model.DependencyRequest                                 : loaded 2 times (x 73B)
Class dagger.internal.codegen.validation.ProducesMethodValidator$Validator            : loaded 2 times (x 78B)
Class dagger.internal.codegen.processingstep.MonitoringModuleGenerator_Factory        : loaded 2 times (x 80B)
Class dagger.internal.codegen.validation.InjectValidator_Factory                      : loaded 2 times (x 80B)
Class dagger.spi.model.BindingGraphPlugin                                             : loaded 2 times (x 68B)
Class com.google.common.base.Utf8                                                     : loaded 2 times (x 69B)
Class dagger.internal.codegen.binding.AutoValue_LegacyBindingGraphFactory_LegacyResolvedBindings: loaded 2 times (x 75B)
Class kotlin.metadata.Attributes$visibility$2                                         : loaded 2 times (x 135B)
Class kotlin.metadata.internal.metadata.jvm.JvmProtoBuf$StringTableTypes$Record$Operation: loaded 2 times (x 80B)
Class kotlin.metadata.internal.protobuf.WireFormat$FieldType$3                        : loaded 2 times (x 81B)
Class kotlin.metadata.internal.protobuf.AbstractMessageLite                           : loaded 2 times (x 96B)
Class dagger.internal.codegen.binding.FrameworkType$1                                 : loaded 2 times (x 82B)
Class dagger.spi.internal.shaded.androidx.room.compiler.codegen.XClassName            : loaded 2 times (x 73B)
Class org.apache.commons.io.CloseableURLConnection                                    : loaded 2 times (x 114B)
Class dagger.spi.model.DependencyRequest$Builder                                      : loaded 2 times (x 74B)
Class com.android.builder.model.v2.ide.LibraryInfo                                    : loaded 2 times (x 68B)
Class org.jetbrains.kotlin.cli.common.arguments.ArgumentParseErrors                   : loaded 2 times (x 70B)
Class org.jetbrains.kotlin.gradle.tasks.DefaultKotlinJavaToolchain$currentJvmJdkToolsJar$1: loaded 2 times (x 72B)
Class org.jetbrains.kotlin.gradle.plugin.SubpluginEnvironment                         : loaded 2 times (x 70B)
Class org.jetbrains.kotlin.gradle.internal.StdlibDependencyManagementKt$addStdlibDependency$1$1$1: loaded 2 times (x 73B)
Class org.jetbrains.kotlin.gradle.plugin.sources.AbstractKotlinSourceSet              : loaded 2 times (x 139B)
Class org.jetbrains.kotlin.gradle.tooling.BuildKotlinToolingMetadataTaskKt$RegisterBuildKotlinToolingMetadataTask$1: loaded 2 times (x 72B)
Class org.jetbrains.kotlin.compilerRunner.GradleCliCommonizerKt$maybeCreateCommonizerClasspathConfiguration$1$1: loaded 2 times (x 73B)
Class [Lorg.jetbrains.kotlin.build.report.metrics.ValueType;                          : loaded 2 times (x 67B)
Class com.amazon.ion.impl.bin.IntList                                                 : loaded 2 times (x 75B)
Class com.amazon.ion.impl._Private_RecyclingQueue$ElementIterator                     : loaded 2 times (x 80B)
Class com.amazon.ion.impl.lite._Private_LiteDomTrampoline                             : loaded 2 times (x 69B)
Class com.amazon.ion.IonType                                                          : loaded 2 times (x 77B)
Class org.jetbrains.plugins.gradle.tooling.serialization.internal.IdeaProjectSerializationService$WriteContext$6: loaded 2 times (x 81B)
Class org.jetbrains.plugins.gradle.tooling.util.IntObjectMap                          : loaded 2 times (x 71B)
Class org.gradle.internal.service.CachingServiceLocator                               : loaded 2 times (x 80B)
Class dagger.internal.codegen.writing.DependencyMethodProviderCreationExpression$Factory: loaded 2 times (x 68B)
Class [Ldagger.internal.codegen.xprocessing.XTypeSpecs$Builder$Kind;                  : loaded 2 times (x 67B)
Class dagger.internal.codegen.validation.AutoValue_SpiModelBindingGraphConverter_BindingNodeImpl: loaded 2 times (x 103B)
Class dagger.spi.model.BindingGraph                                                   : loaded 2 times (x 93B)
Class dagger.internal.codegen.binding.MembersInjectionBinding$InjectionSite$Kind      : loaded 2 times (x 77B)
Class dagger.internal.codegen.binding.AutoValue_MembersInjectionBinding_InjectionSite : loaded 2 times (x 75B)
Class dagger.internal.codegen.binding.MembersInjectionBinding$InjectionSite           : loaded 2 times (x 74B)
Class com.google.common.collect.AbstractMultimap$EntrySet                             : loaded 2 times (x 136B)
Class org.gradle.api.internal.classpath.EffectiveClassPath                            : loaded 2 times (x 88B)
Class dagger.internal.codegen.validation.DiagnosticReporterFactory_Factory            : loaded 2 times (x 80B)
Class kotlin.sequences.SequencesKt___SequencesKt$flatMap$2                            : loaded 2 times (x 123B)
Class org.jetbrains.plugins.gradle.tooling.serialization.internal.IdeaProjectSerializationService: loaded 2 times (x 75B)
Class org.jetbrains.kotlin.idea.projectModel.KotlinTaskProperties                     : loaded 2 times (x 68B)
Class kotlin.metadata.KmClass                                                         : loaded 2 times (x 75B)
Class kotlin.metadata.internal.metadata.ProtoBuf$AnnotationOrBuilder                  : loaded 2 times (x 68B)
Class kotlin.metadata.internal.protobuf.WireFormat$FieldType$4                        : loaded 2 times (x 81B)
Class com.squareup.javapoet.WildcardTypeName                                          : loaded 2 times (x 79B)
Class dagger.spi.internal.shaded.androidx.room.compiler.codegen.XClassNameKt          : loaded 2 times (x 69B)
Class org.gradle.accessors.dm.LibrariesForLibs$JetbrainsPluginAccessors               : loaded 2 times (x 72B)
Class dagger.spi.internal.shaded.androidx.room.compiler.processing.XPackageElement    : loaded 2 times (x 68B)
Class [Lcom.android.ide.common.repository.AgpVersion$PreviewKind;                     : loaded 2 times (x 67B)
Class dagger.hilt.processor.internal.root.RootProcessor                               : loaded 2 times (x 98B)
Class dagger.hilt.processor.internal.generatesrootinput.GeneratesRootInputProcessor   : loaded 2 times (x 98B)
Class org.jetbrains.kotlin.gradle.dsl.jvm.JvmTargetValidationMode                     : loaded 2 times (x 77B)
Class org.jetbrains.kotlin.gradle.tasks.configuration.TaskConfigAction$sam$org_gradle_api_Action$0: loaded 2 times (x 73B)
Class org.jetbrains.kotlin.gradle.plugin.BuildFinishedListenerService$Companion$registerIfAbsent$2$1: loaded 2 times (x 77B)
Class org.jetbrains.kotlin.gradle.plugin.KotlinTargetConfiguratorKt$WhenMappings      : loaded 2 times (x 69B)
Class org.jetbrains.kotlin.gradle.internal.KotlinTestDependencyManagementKt$configureKotlinTestDependency$1: loaded 2 times (x 77B)
Class org.jetbrains.kotlin.gradle.plugin.diagnostics.checkers.OverriddenKotlinNativeHomeChecker$StdlibExistenceCheckerValueSource$Params_Decorated: loaded 2 times (x 132B)
Class org.jetbrains.kotlin.project.model.LanguageSettings                             : loaded 2 times (x 68B)
Class org.jetbrains.kotlin.gradle.plugin.KotlinPluginLifecycleKt$kotlinPluginLifecycle$2: loaded 2 times (x 76B)
Class org.jetbrains.kotlin.gradle.plugin.statistics.BuildFusService$Companion$registerIfAbsent$1$1: loaded 2 times (x 77B)
Class org.jetbrains.kotlin.gradle.plugin.BuildFinishFlowAction$Parameters_Decorated   : loaded 2 times (x 135B)
Class org.jetbrains.kotlin.gradle.plugin.internal.BasePluginConfiguration             : loaded 2 times (x 68B)
Class org.jetbrains.kotlin.gradle.plugin.internal.CompatibilityConventionRegistrar$Factory: loaded 2 times (x 68B)
Class org.gradle.accessors.dm.LibrariesForLibs$GooglePluginAccessors                  : loaded 2 times (x 72B)
Class com.amazon.ion.impl.lite.ValueFactoryLite                                       : loaded 2 times (x 216B)
Class org.jetbrains.plugins.gradle.tooling.serialization.internal.IdeaProjectSerializationService$WriteContext$7: loaded 2 times (x 81B)
Class org.jetbrains.plugins.gradle.model.RepositoryModels                             : loaded 2 times (x 68B)
Class kotlin.collections.AbstractList$SubList                                         : loaded 2 times (x 196B)
Class dagger.spi.internal.shaded.androidx.room.compiler.codegen.kotlin.KotlinCodeBlock$Builder: loaded 2 times (x 86B)
Class dagger.spi.internal.shaded.androidx.room.compiler.codegen.kotlin.KotlinPropertySpec$Builder: loaded 2 times (x 75B)
Class dagger.internal.codegen.writing.SwitchingProviderInstanceSupplier_Factory       : loaded 2 times (x 70B)
Class dagger.internal.codegen.writing.SimpleMethodRequestRepresentation_Factory_Impl  : loaded 2 times (x 73B)
Class dagger.spi.model.Scope                                                          : loaded 2 times (x 70B)
Class dagger.internal.codegen.model.BindingGraph$MissingBinding                       : loaded 2 times (x 80B)
Class dagger.internal.codegen.kotlin.KotlinMetadata                                   : loaded 2 times (x 76B)
Class dagger.internal.codegen.model.BindingGraph$ComponentNode                        : loaded 2 times (x 68B)
Class dagger.internal.codegen.binding.AutoValue_BindingNode                           : loaded 2 times (x 107B)
Class dagger.internal.codegen.binding.ErrorMessages$Messages                          : loaded 2 times (x 70B)
Class org.jetbrains.kotlin.tooling.core.TypeUtils                                     : loaded 2 times (x 69B)
Class dagger.internal.codegen.model.AutoValue_Key                                     : loaded 2 times (x 78B)
Class dagger.internal.codegen.writing.ProducerFactoryGenerator                        : loaded 2 times (x 76B)
Class dagger.internal.codegen.compileroption.ProcessingEnvironmentCompilerOptions$KeyOnlyOption: loaded 2 times (x 84B)
Class dagger.hilt.processor.internal.definecomponent.DefineComponentBuilderMetadatas$DefineComponentBuilderMetadata: loaded 2 times (x 72B)
Class dagger.spi.internal.shaded.androidx.room.compiler.processing.KnownTypeNames     : loaded 2 times (x 69B)
Class kotlin.metadata.internal.protobuf.SmallSortedMap$1                              : loaded 2 times (x 128B)
Class dagger.spi.internal.shaded.androidx.room.compiler.processing.javac.ElementExtKt : loaded 2 times (x 69B)
Class org.jetbrains.kotlin.gradle.plugin.internal.MppTestReportHelper                 : loaded 2 times (x 68B)
Class org.jetbrains.kotlin.gradle.report.ConfigureReporingKt                          : loaded 2 times (x 69B)
Class dagger.spi.internal.shaded.androidx.room.compiler.processing.javac.AnnotationMirrorExtKt: loaded 2 times (x 69B)
Class dagger.hilt.processor.internal.definecomponent.DefineComponentProcessingStep    : loaded 2 times (x 84B)
Class org.jetbrains.kotlin.gradle.report.ReportingSettings$Companion                  : loaded 2 times (x 69B)
Class com.google.common.reflect.Types$TypeVariableInvocationHandler                   : loaded 2 times (x 73B)
Class org.jetbrains.kotlin.gradle.plugin.diagnostics.CheckKotlinGradlePluginConfigurationErrorsKt$locateOrRegisterCheckKotlinGradlePluginErrorsTask$taskProvider$1$1: loaded 2 times (x 73B)
Class [Lcom.google.common.collect.HashBiMap$BiEntry;                                  : loaded 2 times (x 67B)
Class org.jetbrains.kotlin.gradle.plugin.mpp.KotlinMetadataTarget                     : loaded 2 times (x 163B)
Class org.jetbrains.kotlin.gradle.plugin.mpp.InternalKotlinCompilation$DefaultImpls   : loaded 2 times (x 69B)
Class org.jetbrains.kotlin.gradle.plugin.mpp.compilationImpl.KotlinCompilationSourceSetInclusion$DefaultAddSourcesToCompileTask: loaded 2 times (x 72B)
Class org.jetbrains.kotlin.gradle.internal.KotlinTestDependencyManagementKt$configureKotlinTestDependency$2: loaded 2 times (x 73B)
Class org.jetbrains.kotlin.gradle.dsl.PlatformSourceSetConventionsChecker$runChecks$$inlined$CheckedPlatformInfo$default$1: loaded 2 times (x 76B)
Class [Lorg.jetbrains.kotlin.gradle.plugin.KotlinPluginLifecycle$Stage;               : loaded 2 times (x 67B)
Class org.jetbrains.kotlin.gradle.artifacts.KotlinTargetArtifact$Companion            : loaded 2 times (x 69B)
Class org.jetbrains.kotlin.gradle.plugin.mpp.compilationImpl.KotlinCreateLifecycleTasksSideEffectKt$KotlinCreateLifecycleTasksSideEffect$1: loaded 2 times (x 72B)
Class org.jetbrains.kotlin.gradle.targets.metadata.KotlinMetadataTargetConfiguratorKt$metadataCompilationsCreated$2: loaded 2 times (x 76B)
Class org.jetbrains.kotlin.gradle.dsl.KotlinGradlePluginDsl                           : loaded 2 times (x 68B)
Class org.jetbrains.kotlin.tooling.core.MutableExtras                                 : loaded 2 times (x 68B)
Class org.jetbrains.kotlin.gradle.plugin.KotlinGradleBuildServices$detectKotlinPluginLoadedInMultipleProjects$onRegister$1: loaded 2 times (x 77B)
Class org.jetbrains.kotlin.gradle.targets.js.nodejs.UnameExecutor                     : loaded 2 times (x 68B)
Class org.gradle.accessors.dm.LibrariesForLibs$RetrofitKotlinxLibraryAccessors        : loaded 2 times (x 75B)
Class com.amazon.ion.impl.bin.WriteBuffer                                             : loaded 2 times (x 76B)
Class com.amazon.ion.impl.bin.IonManagedBinaryWriter                                  : loaded 2 times (x 164B)
Class org.jetbrains.plugins.gradle.tooling.serialization.internal.IdeaProjectSerializationService$WriteContext$8: loaded 2 times (x 81B)
Class [Lorg.gradle.api.JavaVersion;                                                   : loaded 2 times (x 67B)
Class kotlin.ranges.IntRange                                                          : loaded 2 times (x 91B)
Class org.gradle.tooling.model.idea.IdeaDependencyScope                               : loaded 2 times (x 68B)
Class org.gradle.internal.time.TimeSource                                             : loaded 2 times (x 68B)
Class org.gradle.tooling.model.kotlin.dsl.KotlinDslScriptsModel                       : loaded 2 times (x 68B)
Class dagger.internal.codegen.writing.MembersInjectionBindingRepresentation           : loaded 2 times (x 73B)
Class dagger.hilt.processor.internal.DaggerModelsKt$WhenMappings                      : loaded 2 times (x 69B)
Class dagger.internal.codegen.validation.SpiModelBindingGraphConverter$SubcomponentCreatorBindingEdgeImpl: loaded 2 times (x 74B)
Class dagger.internal.codegen.extension.DaggerGraphs                                  : loaded 2 times (x 69B)
Class com.google.common.graph.NetworkConnections                                      : loaded 2 times (x 68B)
Class [Ldagger.spi.internal.shaded.androidx.room.compiler.processing.XType;           : loaded 2 times (x 67B)
Class [Ldagger.spi.internal.shaded.androidx.room.compiler.processing.XAnnotated;      : loaded 2 times (x 67B)
Class org.jetbrains.kotlin.gradle.plugin.KotlinProjectSetupActionKt                   : loaded 2 times (x 69B)
Class dagger.internal.codegen.bindinggraphvalidation.NullableBindingValidator         : loaded 2 times (x 83B)
Class org.jetbrains.kotlin.gradle.dsl.KotlinTargetContainerWithJsPresetFunctions      : loaded 2 times (x 68B)
Class com.google.common.graph.Traverser$1                                             : loaded 2 times (x 72B)
Class org.jetbrains.kotlin.gradle.plugin.mpp.compilationImpl.KotlinCreateNativeCompileTasksSideEffectKt: loaded 2 times (x 69B)
Class dagger.spi.internal.shaded.androidx.room.compiler.processing.javac.kotlin.KmBaseTypeContainer: loaded 2 times (x 68B)
Class kotlin.metadata.internal.extensions.KmExtension                                 : loaded 2 times (x 68B)
Class kotlin.metadata.internal.protobuf.Internal$EnumLiteMap                          : loaded 2 times (x 68B)
Class org.jetbrains.kotlin.gradle.plugin.mpp.KotlinTargetComponentWithPublication     : loaded 2 times (x 68B)
Class [Lorg.jetbrains.kotlin.gradle.plugin.KotlinCompilation;                         : loaded 2 times (x 67B)
Class org.jetbrains.kotlin.gradle.plugin.KotlinPluginLifecycleKt$await$1              : loaded 2 times (x 86B)
Class org.jetbrains.org.objectweb.asm.Type                                            : loaded 2 times (x 70B)
Class org.jetbrains.kotlin.name.FqName                                                : loaded 2 times (x 70B)
Class org.jetbrains.kotlin.build.report.metrics.DoNothingBuildMetricsReporter         : loaded 2 times (x 84B)
Class org.jetbrains.kotlin.gradle.plugin.diagnostics.CheckKotlinGradlePluginConfigurationErrorsKt$locateOrRegisterCheckKotlinGradlePluginErrorsTask$taskProvider$1$2: loaded 2 times (x 72B)
Class com.android.builder.model.v2.ide.TestInfo                                       : loaded 2 times (x 68B)
Class org.jetbrains.kotlin.cli.common.arguments.CommonCompilerArguments$Companion     : loaded 2 times (x 69B)
Class org.jetbrains.kotlin.gradle.tasks.CompileUsingKotlinDaemon                      : loaded 2 times (x 68B)
Class org.jetbrains.kotlin.gradle.plugin.mpp.KotlinWithJavaTarget                     : loaded 2 times (x 162B)
Class org.jetbrains.kotlin.gradle.plugin.internal.IdeaPropertiesValueSource$Parameters_Decorated: loaded 2 times (x 132B)
Class org.jetbrains.kotlin.gradle.plugin.mpp.compilationImpl.KotlinCreateNativeCompileTasksSideEffectKt$special$$inlined$KotlinCompilationSideEffect$1: loaded 2 times (x 72B)
Class org.jetbrains.kotlin.gradle.targets.KotlinTargetSideEffect$Companion            : loaded 2 times (x 69B)
Class org.jetbrains.kotlin.gradle.dsl.KotlinSingleJavaTargetExtension                 : loaded 2 times (x 98B)
Class org.jetbrains.kotlin.gradle.utils.StoredPropertyKt$extrasStoredProperty$1       : loaded 2 times (x 76B)
Class org.jetbrains.kotlin.gradle.plugin.KotlinPluginLifecycle$IllegalLifecycleException: loaded 2 times (x 80B)
Class org.jetbrains.kotlin.gradle.plugin.KotlinGradleFinishBuildHandler               : loaded 2 times (x 70B)
Class org.jetbrains.kotlin.gradle.internal.properties.NativePropertiesLoader$userProvidedNativeHome$1: loaded 2 times (x 73B)
Class [Lorg.jetbrains.kotlin.build.report.metrics.BuildPerformanceMetric;             : loaded 2 times (x 67B)
Class org.jetbrains.kotlin.statistics.metrics.StringOverridePolicy$CONCAT             : loaded 2 times (x 83B)
Class org.jetbrains.kotlin.gradle.dsl.KotlinTopLevelExtension                         : loaded 2 times (x 84B)
Class com.amazon.ion.impl.lite.IonBlobLite                                            : loaded 2 times (x 217B)
Class com.amazon.ion.impl.LocalSymbolTable                                            : loaded 2 times (x 119B)
Class org.jetbrains.plugins.gradle.tooling.serialization.SerializationService         : loaded 2 times (x 68B)
Class org.gradle.tooling.internal.gradle.GradleBuildIdentity                          : loaded 2 times (x 68B)
Class [Ldagger.internal.codegen.writing.DelegateRequestRepresentation$ScopeKind;      : loaded 2 times (x 67B)
Class dagger.internal.codegen.writing.ComponentCreatorImplementationFactory           : loaded 2 times (x 70B)
Class dagger.internal.codegen.writing.BindingRepresentations_Factory$InstanceHolder   : loaded 2 times (x 69B)
Class org.jetbrains.kotlin.gradle.plugin.mpp.compilationImpl.KotlinCompilationLanguageSettingsConfigurator: loaded 2 times (x 72B)
Class dagger.internal.codegen.binding.BindingGraph$1                                  : loaded 2 times (x 69B)
Class com.google.common.collect.Multisets$ElementSet                                  : loaded 2 times (x 134B)
Class org.jetbrains.kotlin.gradle.plugin.AbstractKotlinPlugin$rewriteMppDependenciesInPom$shouldRewritePoms$1: loaded 2 times (x 73B)
Class dagger.internal.codegen.model.$AutoValue_Key                                    : loaded 2 times (x 78B)
Class dagger.internal.codegen.processingstep.ComponentHjarProcessingStep_Factory      : loaded 2 times (x 80B)
Class dagger.internal.codegen.DaggerDelegateComponentProcessor_Injector$TopLevelImplementationComponentFactory: loaded 2 times (x 73B)
Class dagger.internal.codegen.base.ElementFormatter                                   : loaded 2 times (x 83B)
Class [Ldagger.internal.codegen.compileroption.ProcessingEnvironmentCompilerOptions$KeyOnlyOption;: loaded 2 times (x 67B)
Class kotlin.metadata.internal.metadata.ProtoBuf$Effect$InvocationKind$1              : loaded 2 times (x 72B)
Class com.google.common.graph.Traverser$2                                             : loaded 2 times (x 72B)
Class org.jetbrains.kotlin.build.report.metrics.BuildPerformanceMetrics               : loaded 2 times (x 70B)
Class dagger.hilt.processor.internal.kotlin.DaggerKotlinMetadataUtils_MetadataComponent$MetadataComponentImpl: loaded 2 times (x 73B)
Class kotlin.metadata.Attributes$visibility$6                                         : loaded 2 times (x 135B)
Class kotlin.metadata.internal.metadata.deserialization.Flags$EnumLiteFlagField       : loaded 2 times (x 74B)
Class kotlin.metadata.Attributes$hasAnnotations$2                                     : loaded 2 times (x 135B)
Class kotlin.metadata.internal.protobuf.RopeByteString                                : loaded 2 times (x 108B)
Class kotlin.metadata.internal.metadata.ProtoBuf$Contract                             : loaded 2 times (x 105B)
Class kotlin.reflect.jvm.internal.KCallableImpl$_returnType$1                         : loaded 2 times (x 77B)
Class org.jetbrains.org.objectweb.asm.ClassReader                                     : loaded 2 times (x 89B)
Class org.jetbrains.kotlin.name.ClassId$Companion                                     : loaded 2 times (x 69B)
Class org.apache.commons.io.output.AbstractByteArrayOutputStream                      : loaded 2 times (x 100B)
Class [Lorg.jetbrains.kotlin.cli.common.CompilerSystemProperties;                     : loaded 2 times (x 67B)
Class com.android.builder.model.v2.ide.JavaCompileOptions                             : loaded 2 times (x 68B)
Class org.jetbrains.kotlin.gradle.plugin.ide.IdeCompilerArgumentsResolverKt           : loaded 2 times (x 69B)
Class org.jetbrains.kotlin.gradle.plugin.ProjectLocalConfigurationsKt                 : loaded 2 times (x 69B)
Class org.jetbrains.kotlin.gradle.plugin.mpp.compilationImpl.factory.KotlinCompilationImplFactory: loaded 2 times (x 70B)
Class org.jetbrains.kotlin.gradle.internal.KotlinDomApiDependencyManagementKt$addKotlinDomApiDependency$1: loaded 2 times (x 73B)
Class org.jetbrains.kotlin.gradle.plugin.diagnostics.checkers.KotlinTargetAlreadyDeclaredChecker$runChecks$1: loaded 2 times (x 86B)
Class org.jetbrains.kotlin.gradle.plugin.mpp.KotlinTargetWithBinaries                 : loaded 2 times (x 159B)
Class [Lorg.jetbrains.kotlin.gradle.plugin.KotlinSourceSet;                           : loaded 2 times (x 67B)
Class org.jetbrains.kotlin.gradle.plugin.diagnostics.checkers.JsEnvironmentChecker$1  : loaded 2 times (x 76B)
Class org.jetbrains.kotlin.gradle.plugin.diagnostics.KotlinToolingDiagnostics$JsLikeEnvironmentNotChosenExplicitly: loaded 2 times (x 71B)
Class org.jetbrains.kotlin.gradle.plugin.KotlinTargetsContainerWithPresets            : loaded 2 times (x 68B)
Class org.jetbrains.kotlin.gradle.utils.StoredLazyProperty$getValue$1                 : loaded 2 times (x 77B)
Class org.jetbrains.kotlin.statistics.metrics.IMetricContainerFactory                 : loaded 2 times (x 68B)
Class org.jetbrains.kotlin.statistics.MetricValueValidationFailed                     : loaded 2 times (x 80B)
Class org.jetbrains.kotlin.gradle.plugin.PropertiesProvider$localProperties$2         : loaded 2 times (x 77B)
Class org.jetbrains.kotlin.gradle.plugin.internal.JavaSourceSetsAccessor$JavaSourceSetsAccessorVariantFactory: loaded 2 times (x 68B)
Class org.jetbrains.plugins.gradle.model.ExternalFilter                               : loaded 2 times (x 68B)
Class com.amazon.ion.IonList                                                          : loaded 2 times (x 68B)
Class org.jetbrains.plugins.gradle.tooling.serialization.internal.adapter.Supplier    : loaded 2 times (x 68B)
Class org.gradle.tooling.internal.adapter.ProtocolToModelAdapter$MixInMappingAction   : loaded 2 times (x 78B)
Class org.gradle.internal.exceptions.ResolutionProvider                               : loaded 2 times (x 68B)
Class dagger.internal.codegen.writing.FrameworkFieldInitializer                       : loaded 2 times (x 73B)
Class dagger.internal.codegen.writing.ComponentRequirementRequestRepresentation       : loaded 2 times (x 72B)
Class dagger.internal.codegen.writing.ComponentCreatorImplementationFactory$BuilderForCreatorDescriptor: loaded 2 times (x 80B)
Class dagger.internal.codegen.binding.$AutoValue_ProvisionBinding                     : loaded 2 times (x 89B)
Class dagger.hilt.android.processor.internal.customtestapplication.CustomTestApplicationProcessor: loaded 2 times (x 98B)
Class com.google.common.collect.Maps$2                                                : loaded 2 times (x 80B)
Class dagger.internal.codegen.base.$AutoValue_ComponentAnnotation                     : loaded 2 times (x 74B)
Class dagger.internal.codegen.model.BindingKind                                       : loaded 2 times (x 77B)
Class dagger.internal.codegen.compileroption.ProcessingEnvironmentCompilerOptions$Validation: loaded 2 times (x 91B)
Class dagger.internal.codegen.ProcessingEnvironmentModule                             : loaded 2 times (x 68B)
Class dagger.internal.codegen.ServiceLoaders$1                                        : loaded 2 times (x 69B)
Class com.google.common.graph.Traverser$3                                             : loaded 2 times (x 78B)
Class dagger.internal.codegen.xprocessing.XTypes                                      : loaded 2 times (x 69B)
Class kotlin.metadata.internal.protobuf.LazyFieldLite                                 : loaded 2 times (x 80B)
Class dagger.internal.codegen.xprocessing.XAnnotations$1                              : loaded 2 times (x 82B)
Class com.squareup.javapoet.LineWrapper$RecordingAppendable                           : loaded 2 times (x 75B)
Class dagger.hilt.processor.internal.optionvalues.BooleanValue                        : loaded 2 times (x 77B)
Class com.google.common.reflect.Types$ClassOwnership$1LocalClass                      : loaded 2 times (x 69B)
Class com.google.common.collect.ImmutableSortedMap                                    : loaded 2 times (x 215B)
Class org.jetbrains.kotlin.gradle.plugin.mpp.compilationImpl.DefaultKotlinCompilationFriendPathsResolver$resolveFriendPaths$1$1: loaded 2 times (x 77B)
Class org.jetbrains.kotlin.statistics.BuildSessionLogger$Companion$listProfileFiles$lambda$3$$inlined$sortedBy$1: loaded 2 times (x 87B)
Class org.jetbrains.kotlin.build.report.metrics.BuildMetricsReporterImpl              : loaded 2 times (x 96B)
Class org.jetbrains.kotlin.gradle.tasks.configuration.KaptGenerateStubsConfig         : loaded 2 times (x 70B)
Class org.jetbrains.kotlin.gradle.tasks.configuration.BaseKotlinCompileConfig$1$classpathConfiguration$jvmToolchain$1: loaded 2 times (x 72B)
Class org.jetbrains.kotlin.gradle.targets.js.npm.SemVer                               : loaded 2 times (x 73B)
Class org.jetbrains.kotlin.gradle.plugin.diagnostics.checkers.JsEnvironmentChecker$2  : loaded 2 times (x 76B)
Class org.jetbrains.kotlin.gradle.utils.WhenPluginEnabledKt$whenPluginsEnabled$1      : loaded 2 times (x 73B)
Class org.jetbrains.kotlin.gradle.tasks.AbstractKotlinCompileTool                     : loaded 2 times (x 364B)
Class [Lorg.jetbrains.kotlin.gradle.report.BuildReportType;                           : loaded 2 times (x 67B)
Class org.jetbrains.kotlin.gradle.plugin.statistics.KotlinBuildStatsConfiguration     : loaded 2 times (x 70B)
Class org.jetbrains.kotlin.gradle.internal.properties.PropertiesBuildService$localProperties$2: loaded 2 times (x 77B)
Class org.jetbrains.kotlin.gradle.plugin.internal.ConfigurationTimePropertiesAccessorKt: loaded 2 times (x 69B)
Class org.jetbrains.kotlin.gradle.plugin.internal.DefaultAttributeConfigurationHelperVariantFactory: loaded 2 times (x 74B)
Class com.amazon.ion.IonSystem                                                        : loaded 2 times (x 68B)
Class com.amazon.ion.impl.bin.IonManagedBinaryWriter$ImportedSymbolContext            : loaded 2 times (x 70B)
Class kotlin.text.MatchResult$DefaultImpls                                            : loaded 2 times (x 69B)
Class org.gradle.tooling.model.idea.IdeaCompilerOutput                                : loaded 2 times (x 68B)
Class org.gradle.tooling.model.ProjectIdentifier                                      : loaded 2 times (x 68B)
Class org.gradle.internal.classloader.ClasspathUtil                                   : loaded 2 times (x 69B)
Class dagger.spi.internal.shaded.androidx.room.compiler.processing.KotlinPoetExtKt    : loaded 2 times (x 69B)
Class dagger.internal.codegen.writing.MethodRequestRepresentation                     : loaded 2 times (x 75B)
Class dagger.spi.internal.shaded.androidx.room.compiler.codegen.CodeLanguage          : loaded 2 times (x 77B)
Class dagger.spi.internal.shaded.androidx.room.compiler.codegen.XAnnotationSpec$Builder: loaded 2 times (x 68B)
Class com.squareup.kotlinpoet.TypeName                                                : loaded 2 times (x 80B)
Class dagger.internal.codegen.model.BindingGraph$SubcomponentCreatorBindingEdge       : loaded 2 times (x 68B)
Class dagger.spi.internal.shaded.androidx.room.compiler.processing.javac.kotlin.JvmAbi: loaded 2 times (x 69B)
Class com.google.common.graph.Traverser$4                                             : loaded 2 times (x 78B)
Class dagger.spi.internal.shaded.androidx.room.compiler.processing.javac.JavacMethodType$NormalMethodType: loaded 2 times (x 89B)
Class dagger.internal.codegen.model.BindingGraphPlugin                                : loaded 2 times (x 68B)
Class dagger.internal.codegen.validation.MultibindsMethodValidator$Validator          : loaded 2 times (x 78B)
Class dagger.internal.codegen.processingstep.AssistedProcessingStep_Factory           : loaded 2 times (x 80B)
Class dagger.internal.codegen.validation.AssistedValidator                            : loaded 2 times (x 73B)
Class dagger.hilt.android.processor.internal.viewmodel.ViewModelValidationPlugin      : loaded 2 times (x 81B)
Class dagger.spi.internal.shaded.androidx.room.compiler.processing.javac.JavacArrayType: loaded 2 times (x 207B)
Class kotlin.metadata.internal.FlagDelegatesImplKt$classBooleanFlag$1                 : loaded 2 times (x 135B)
Class kotlin.metadata.internal.metadata.jvm.JvmProtoBuf$StringTableTypes$Record$1     : loaded 2 times (x 142B)
Class kotlin.reflect.jvm.internal.KClassImpl$Data$objectInstance$2                    : loaded 2 times (x 77B)
Class kotlin.metadata.internal.protobuf.GeneratedMessageLite$ExtendableMessageOrBuilder: loaded 2 times (x 68B)
Class com.android.builder.model.v2.ide.ComponentInfo                                  : loaded 2 times (x 68B)
Class org.jetbrains.kotlin.cli.common.arguments.ParseCommandLineArgumentsKt           : loaded 2 times (x 69B)
Class org.jetbrains.kotlin.gradle.dsl.KotlinCommonCompilerOptionsExtensionsKt$usesK2$1: loaded 2 times (x 72B)
Class org.jetbrains.kotlin.gradle.dsl.KotlinCompile                                   : loaded 2 times (x 68B)
Class org.jetbrains.kotlin.gradle.plugin.mpp.compilationImpl.DefaultKotlinCompilationFriendPathsResolver$DefaultFriendArtifactResolver: loaded 2 times (x 72B)
Class org.jetbrains.kotlin.gradle.plugin.diagnostics.checkers.InternalGradlePropertiesUsageChecker$runChecks$1: loaded 2 times (x 86B)
Class org.jetbrains.kotlin.gradle.utils.StringUtilsKt$lowerCamelCaseName$1            : loaded 2 times (x 123B)
Class org.jetbrains.kotlin.gradle.plugin.diagnostics.checkers.JsEnvironmentChecker$3  : loaded 2 times (x 76B)
Class org.jetbrains.kotlin.gradle.artifacts.KotlinLegacyMetadataArtifactKt            : loaded 2 times (x 69B)
Class org.jetbrains.kotlin.gradle.dsl.JvmTarget$Companion                             : loaded 2 times (x 69B)
Class org.jetbrains.kotlin.gradle.internal.properties.NativePropertiesLoader$downloadFromMaven$1: loaded 2 times (x 73B)
Class org.jetbrains.kotlin.gradle.plugin.internal.DefaultConfigurationCacheStartParameterAccessor_Decorated: loaded 2 times (x 123B)
Class org.jetbrains.kotlin.gradle.plugin.internal.DefaultConfigurationCacheStartParameterAccessor: loaded 2 times (x 75B)
Class kotlin.metadata.internal.metadata.jvm.JvmProtoBuf$StringTableTypesOrBuilder     : loaded 2 times (x 68B)
Class com.google.common.base.Charsets                                                 : loaded 2 times (x 69B)
Class com.google.common.util.concurrent.Uninterruptibles                              : loaded 2 times (x 69B)
Class com.android.builder.model.v2.ide.ProjectType                                    : loaded 2 times (x 77B)
Class org.gradle.accessors.dm.LibrariesForLibs$AndroidToolsLibraryAccessors           : loaded 2 times (x 75B)
Class com.intellij.gradle.toolingExtension.impl.model.sourceSetModel.GradleSourceSetSerialisationService: loaded 2 times (x 75B)
Class org.gradle.api.attributes.java.TargetJvmEnvironment                             : loaded 2 times (x 68B)
Class com.google.common.collect.ComparisonChain                                       : loaded 2 times (x 78B)
Class dagger.internal.codegen.binding.MethodSignature                                 : loaded 2 times (x 72B)
Class com.google.common.graph.Traverser$5                                             : loaded 2 times (x 78B)
Class dagger.internal.codegen.writing.ComponentCreatorImplementationFactory_Factory   : loaded 2 times (x 80B)
Class kotlin.metadata.internal.protobuf.GeneratedMessageLite$1                        : loaded 2 times (x 69B)
Class dagger.internal.codegen.binding.BindingGraph                                    : loaded 2 times (x 80B)
Class com.google.common.graph.DirectedMultiNetworkConnections$1                       : loaded 2 times (x 135B)
Class dagger.internal.codegen.binding.ErrorMessages$BuilderMessages                   : loaded 2 times (x 79B)
Class kotlin.metadata.internal.metadata.ProtoBuf$Type$Argument$1                      : loaded 2 times (x 142B)
Class [Ldagger.internal.codegen.base.ComponentKind;                                   : loaded 2 times (x 67B)
Class [Ldagger.internal.codegen.xprocessing.XTypeElements$Visibility;                 : loaded 2 times (x 67B)
Class dagger.internal.codegen.componentgenerator.ComponentGeneratorModule_ComponentHjarGeneratorFactory: loaded 2 times (x 80B)
Class dagger.internal.codegen.validation.ComponentDescriptorValidator_Factory         : loaded 2 times (x 80B)
Class dagger.internal.codegen.writing.LazyMapKeyProxyGenerator                        : loaded 2 times (x 76B)
Class dagger.internal.codegen.bindinggraphvalidation.ProvisionDependencyOnProducerBindingValidator: loaded 2 times (x 83B)
Class dagger.internal.codegen.processingstep.TypeCheckingProcessingStep               : loaded 2 times (x 84B)
Class dagger.internal.codegen.binding.SourceFiles_Factory                             : loaded 2 times (x 79B)
Class kotlin.metadata.internal.metadata.ProtoBuf$VersionRequirementTableOrBuilder     : loaded 2 times (x 68B)
Class kotlin.metadata.internal.protobuf.LazyField                                     : loaded 2 times (x 81B)
Class dagger.internal.codegen.processingstep.AssistedInjectProcessingStep             : loaded 2 times (x 84B)
Class dagger.internal.codegen.bindinggraphvalidation.IncompatiblyScopedBindingsValidator: loaded 2 times (x 83B)
Class dagger.internal.codegen.bindinggraphvalidation.MissingBindingValidator          : loaded 2 times (x 83B)
Class dagger.internal.codegen.validation.ComponentDescriptorValidator                 : loaded 2 times (x 70B)
Class com.squareup.javapoet.TypeVariableName                                          : loaded 2 times (x 79B)
Class org.jetbrains.org.objectweb.asm.ModuleVisitor                                   : loaded 2 times (x 78B)
Class com.google.common.io.CharSource                                                 : loaded 2 times (x 83B)
Class org.jetbrains.kotlin.gradle.plugin.KotlinCompilationInfo$TCS$friendPaths$1      : loaded 2 times (x 77B)
Class org.jetbrains.kotlin.statistics.metrics.ConcatMetricContainer$Companion         : loaded 2 times (x 69B)
Class com.android.builder.model.v2.dsl.BaseConfig                                     : loaded 2 times (x 68B)
Class org.jetbrains.kotlin.gradle.plugin.mpp.MppSourcesJarKt$includeSources$3         : loaded 2 times (x 73B)
Class org.jetbrains.kotlin.gradle.plugin.sources.DefaultLanguageSettingsBuilder$freeCompilerArgsProvider$1: loaded 2 times (x 93B)
Class org.jetbrains.kotlin.konan.target.HostManager$Companion                         : loaded 2 times (x 69B)
Class org.jetbrains.kotlin.gradle.targets.js.npm.DevNpmDependencyExtension            : loaded 2 times (x 68B)
Class org.jetbrains.kotlin.gradle.plugin.diagnostics.checkers.PreHmppDependenciesUsageChecker: loaded 2 times (x 72B)
Class org.jetbrains.kotlin.gradle.targets.CreateArtifactsSideEffectKt                 : loaded 2 times (x 69B)
Class org.jetbrains.kotlin.gradle.plugin.AbstractKotlinMultiplatformPluginWrapper     : loaded 2 times (x 85B)
Class org.jetbrains.kotlin.gradle.utils.GradleConfigurationUtilsKt$addGradlePluginMetadataAttributes$1: loaded 2 times (x 73B)
Class org.jetbrains.kotlin.gradle.plugin.internal.DefaultProjectIsolationStartParameterAccessor: loaded 2 times (x 75B)
Class org.jetbrains.kotlin.gradle.plugin.internal.AttributesConfigurationHelper$AttributeConfigurationHelperVariantFactory: loaded 2 times (x 68B)
Class org.gradle.accessors.dm.LibrariesForLibs$AndroidxUiLibraryAccessors             : loaded 2 times (x 83B)
Class com.amazon.ion.impl.lite.IonIntLite                                             : loaded 2 times (x 187B)
Class com.amazon.ion.util._Private_FastAppendable                                     : loaded 2 times (x 68B)
Class [Lcom.amazon.ion.impl.bin.IonRawBinaryWriter$PreallocationMode;                 : loaded 2 times (x 67B)
Class org.gradle.internal.time.TimeSource$1                                           : loaded 2 times (x 75B)
Class org.gradle.api.specs.Spec                                                       : loaded 2 times (x 68B)
Class dagger.internal.codegen.base.ComponentCreatorAnnotation                         : loaded 2 times (x 77B)
Class dagger.internal.codegen.writing.GeneratedImplementation                         : loaded 2 times (x 68B)
Class com.google.common.graph.ImmutableNetwork                                        : loaded 2 times (x 138B)
Class dagger.internal.codegen.binding.AutoValue_ComponentDeclarations_TypeNameKey     : loaded 2 times (x 73B)
Class dagger.internal.codegen.validation.BindingElementValidator$1                    : loaded 2 times (x 69B)
Class dagger.internal.codegen.binding.ProductionBinding                               : loaded 2 times (x 91B)
Class dagger.internal.codegen.validation.ExternalBindingGraphPlugins                  : loaded 2 times (x 70B)
Class dagger.internal.codegen.binding.ComponentDeclarations_Factory_Factory           : loaded 2 times (x 80B)
Class dagger.internal.codegen.binding.MultibindingDeclaration_Factory_Factory         : loaded 2 times (x 80B)
Class dagger.hilt.android.processor.internal.androidentrypoint.AndroidEntryPointProcessingStep$1: loaded 2 times (x 69B)
Class dagger.internal.codegen.base.Util                                               : loaded 2 times (x 69B)
Class dagger.hilt.processor.internal.kotlin.KotlinMetadataUtil                        : loaded 2 times (x 70B)
Class kotlin.metadata.Attributes$hasAnnotations$6                                     : loaded 2 times (x 135B)
Class dagger.internal.codegen.base.ContributionType                                   : loaded 2 times (x 77B)
Class dagger.internal.codegen.binding.$AutoValue_DelegateBinding$Builder              : loaded 2 times (x 99B)
Class dagger.internal.codegen.model.DaggerTypeElement                                 : loaded 2 times (x 71B)
Class org.jetbrains.kotlin.name.Name                                                  : loaded 2 times (x 73B)
Class com.google.common.reflect.Types$JavaVersion                                     : loaded 2 times (x 81B)
Class org.apache.commons.io.file.PathFilter                                           : loaded 2 times (x 68B)
Class org.jetbrains.kotlin.gradle.tasks.KotlinCompile$disableMultiModuleIC$2          : loaded 2 times (x 77B)
Class org.jetbrains.kotlin.gradle.tasks.GradleCompileTaskProviderKt                   : loaded 2 times (x 69B)
Class org.jetbrains.kotlin.gradle.scripting.internal.ScriptingGradleSubplugin$Companion: loaded 2 times (x 69B)
Class org.jetbrains.kotlin.gradle.scripting.internal.ScriptingGradleSubplugin         : loaded 2 times (x 72B)
Class org.jetbrains.kotlin.gradle.plugin.SubpluginEnvironment$Companion               : loaded 2 times (x 69B)
Class org.jetbrains.kotlin.gradle.plugin.mpp.ApplyUserDefinedAttributesKt$UserDefinedAttributesSetupAction$1$1$3: loaded 2 times (x 73B)
Class org.jetbrains.kotlin.gradle.tasks.configuration.BaseKotlinCompileConfig$Companion: loaded 2 times (x 69B)
Class org.jetbrains.kotlin.gradle.plugin.mpp.compilationImpl.KotlinCompilationImpl$Params: loaded 2 times (x 70B)
Class org.jetbrains.kotlin.konan.target.UtilsKt                                       : loaded 2 times (x 69B)
Class org.jetbrains.kotlin.gradle.plugin.internal.IdeaPropertiesValueSource$Parameters$Inject: loaded 2 times (x 104B)
Class org.jetbrains.kotlin.gradle.tooling.BuildKotlinToolingMetadataTask              : loaded 2 times (x 315B)
Class org.jetbrains.kotlin.gradle.plugin.internal.CompatibilityConventionRegistrarKt  : loaded 2 times (x 69B)
Class org.jetbrains.kotlin.gradle.plugin.internal.DefaultBasePluginConfiguration      : loaded 2 times (x 75B)
Class org.jetbrains.kotlin.gradle.artifacts.KotlinJvmJarArtifactKt                    : loaded 2 times (x 69B)
Class org.jetbrains.kotlin.gradle.plugin.mpp.compilationImpl.CreateCInteropTasksSideEffectKt$special$$inlined$KotlinCompilationSideEffect$1: loaded 2 times (x 72B)
Class org.jetbrains.kotlin.gradle.plugin.statistics.FinalizeConfigurationFusMetricActionKt: loaded 2 times (x 69B)
Class org.jetbrains.kotlin.gradle.plugin.mpp.resources.resolve.KotlinTargetResourcesResolutionStrategy$Companion: loaded 2 times (x 69B)
Class org.jetbrains.kotlin.gradle.targets.native.toolchain.KotlinNativeBundleBuildService$Companion$registerIfAbsent$2$1: loaded 2 times (x 77B)
Class org.jetbrains.kotlin.build.report.metrics.GradleBuildPerformanceMetric$Companion: loaded 2 times (x 69B)
Class org.jetbrains.kotlin.gradle.plugin.statistics.KotlinBuildStatsBeanService       : loaded 2 times (x 85B)
Class org.jetbrains.kotlin.gradle.internal.properties.PropertiesBuildService$configurationTimePropertiesAccessor$2: loaded 2 times (x 77B)
Class com.amazon.ion.impl.lite.IonSexpLite                                            : loaded 2 times (x 488B)
Class com.amazon.ion.impl.lite.IonListLite                                            : loaded 2 times (x 488B)
Class com.amazon.ion.IonFloat                                                         : loaded 2 times (x 68B)
Class dagger.internal.codegen.writing.ComponentInstanceRequestRepresentation          : loaded 2 times (x 72B)
Class dagger.internal.codegen.xprocessing.XParameterSpecs                             : loaded 2 times (x 69B)
Class com.google.common.collect.FilteredSetMultimap                                   : loaded 2 times (x 68B)
Class dagger.internal.codegen.binding.AutoValue_BindingGraph_TopLevelBindingGraph     : loaded 2 times (x 99B)
Class dagger.internal.codegen.binding.LegacyBindingGraphFactory$LegacyResolvedBindings: loaded 2 times (x 72B)
Class dagger.spi.internal.shaded.androidx.room.compiler.processing.ksp.KSTypeJavaPoetExtKt: loaded 2 times (x 69B)
Class com.google.common.collect.Maps$Values                                           : loaded 2 times (x 116B)
Class dagger.internal.codegen.xprocessing.XPropertySpecs$1                            : loaded 2 times (x 69B)
Class dagger.internal.codegen.validation.ProducesMethodValidator_Factory              : loaded 2 times (x 80B)
Class dagger.hilt.processor.internal.kotlin.KotlinMetadataFactory_Factory             : loaded 2 times (x 79B)
Class kotlin.metadata.internal.protobuf.GeneratedMessageLite$ExtensionDescriptor      : loaded 2 times (x 82B)
Class [Ldagger.internal.codegen.xprocessing.XFunSpecs$Builder$Kind;                   : loaded 2 times (x 67B)
Class kotlin.reflect.jvm.internal.KClassImpl$Data$constructors$2                      : loaded 2 times (x 77B)
Class org.gradle.internal.classloader.ClassLoaderVisitor                              : loaded 2 times (x 74B)
Class kotlin.text.MatcherMatchResult$groupValues$1                                    : loaded 2 times (x 196B)
Class kotlin.reflect.jvm.internal.KClassCacheKt                                       : loaded 2 times (x 69B)
Class org.jetbrains.org.objectweb.asm.Symbol                                          : loaded 2 times (x 71B)
Class org.jetbrains.kotlin.gradle.plugin.statistics.DaemonReuseCounter                : loaded 2 times (x 74B)
Class org.jetbrains.kotlin.gradle.tasks.configuration.AbstractKotlinCompileConfig$1$1 : loaded 2 times (x 72B)
Class org.jetbrains.kotlin.gradle.tasks.KotlinCompile$kotlinOptions$1                 : loaded 2 times (x 77B)
Class org.jetbrains.kotlin.gradle.scripting.internal.DiscoverScriptExtensionsTransformAction: loaded 2 times (x 76B)
Class org.jetbrains.kotlin.gradle.internal.properties.NativeProperties$Companion      : loaded 2 times (x 69B)
Class org.jetbrains.kotlin.gradle.utils.StringUtilsKt                                 : loaded 2 times (x 69B)
Class org.jetbrains.kotlin.gradle.targets.ConfigureBuildSideEffectKt$ConfigureBuildSideEffect$1: loaded 2 times (x 72B)
Class org.jetbrains.kotlin.tooling.core.ExtrasLazyProperty                            : loaded 2 times (x 68B)
Class org.jetbrains.kotlin.gradle.utils.CompletableFuture                             : loaded 2 times (x 68B)
Class org.jetbrains.kotlin.build.report.metrics.BuildPerformanceMetric                : loaded 2 times (x 68B)
Class [Lorg.jetbrains.kotlin.statistics.metrics.StringOverridePolicy;                 : loaded 2 times (x 67B)
Class com.amazon.ion.impl.LocalSymbolTable$Factory                                    : loaded 2 times (x 75B)
Class com.amazon.ion.impl.bin.IonManagedBinaryWriter$ImportedSymbolResolverMode       : loaded 2 times (x 78B)
Class com.intellij.gradle.toolingExtension.impl.model.buildScriptClasspathModel.GradleBuildScriptClasspathSerializationService: loaded 2 times (x 75B)
Class dagger.spi.internal.shaded.androidx.room.compiler.codegen.XFunSpec$Builder      : loaded 2 times (x 68B)
Class dagger.internal.codegen.xprocessing.XTypeSpecs                                  : loaded 2 times (x 69B)
Class dagger.internal.codegen.writing.ProvisionBindingRepresentation$Factory          : loaded 2 times (x 68B)
Class dagger.internal.codegen.writing.MapRequestRepresentation_Factory                : loaded 2 times (x 70B)
Class dagger.internal.codegen.binding.$AutoValue_BoundInstanceBinding$Builder         : loaded 2 times (x 93B)
Class dagger.internal.codegen.binding.ComponentRequirement$Kind                       : loaded 2 times (x 77B)
Class com.amazon.ion.impl.bin.IonManagedBinaryWriter$ImportedSymbolResolverMode$2     : loaded 2 times (x 78B)
Class dagger.internal.codegen.binding.MultibindingDeclaration                         : loaded 2 times (x 76B)
Class dagger.internal.codegen.writing.UnwrappedMapKeyGenerator_Factory                : loaded 2 times (x 80B)
Class dagger.internal.codegen.writing.ModuleProxies$ModuleConstructorProxyGenerator   : loaded 2 times (x 76B)
Class dagger.internal.codegen.binding.Declaration                                     : loaded 2 times (x 72B)
Class dagger.internal.codegen.compileroption.ProcessingEnvironmentCompilerOptions$CommandLineOption: loaded 2 times (x 68B)
Class dagger.internal.codegen.validation.ComponentValidator_Factory                   : loaded 2 times (x 80B)
Class kotlin.metadata.KmTypeProjection                                                : loaded 2 times (x 70B)
Class [Lkotlin.metadata.internal.metadata.ProtoBuf$Effect$EffectType;                 : loaded 2 times (x 67B)
Class org.jetbrains.kotlin.statistics.metrics.StringAnonymizationPolicy               : loaded 2 times (x 76B)
Class org.jetbrains.kotlin.statistics.metrics.NumberAnonymizationPolicy               : loaded 2 times (x 83B)
Class dagger.hilt.processor.internal.kotlin.DaggerKotlinMetadataUtils_MetadataComponent: loaded 2 times (x 69B)
Class org.jetbrains.kotlin.gradle.report.BuildMetricsService                          : loaded 2 times (x 84B)
Class org.jetbrains.kotlin.gradle.targets.metadata.KotlinMetadataTargetConfiguratorKt$special$$inlined$extrasStoredFuture$1: loaded 2 times (x 77B)
Class kotlin.collections.MapWithDefaultImpl                                           : loaded 2 times (x 124B)
Class com.squareup.javapoet.ArrayTypeName                                             : loaded 2 times (x 79B)
Class org.jetbrains.kotlin.gradle.targets.js.npm.NpmDependencyExtensionKt             : loaded 2 times (x 69B)
Class org.jetbrains.kotlin.gradle.plugin.diagnostics.checkers.JsEnvironmentChecker    : loaded 2 times (x 74B)
Class com.google.common.reflect.Invokable$MethodInvokable                             : loaded 2 times (x 105B)
Class org.jetbrains.kotlin.gradle.tasks.configuration.AbstractKotlinCompileConfig$getClasspathSnapshotDir$1: loaded 2 times (x 72B)
Class org.jetbrains.kotlin.gradle.tasks.configuration.AbstractKotlinCompileConfig$1$2 : loaded 2 times (x 72B)
Class com.google.common.base.Platform                                                 : loaded 2 times (x 69B)
Class org.jetbrains.kotlin.gradle.plugin.diagnostics.checkers.OverriddenKotlinNativeHomeChecker$StdlibExistenceCheckerValueSource$Params$Inject: loaded 2 times (x 104B)
Class org.jetbrains.kotlin.gradle.plugin.diagnostics.checkers.CommonMainOrTestWithDependsOnChecker: loaded 2 times (x 72B)
Class org.jetbrains.kotlin.gradle.artifacts.KotlinNativeHostSpecificMetadataArtifactKt: loaded 2 times (x 69B)
Class org.jetbrains.kotlin.gradle.plugin.mpp.compilationImpl.KotlinCreateLifecycleTasksSideEffectKt: loaded 2 times (x 69B)
Class org.jetbrains.kotlin.gradle.plugin.KotlinTarget                                 : loaded 2 times (x 68B)
Class org.jetbrains.kotlin.gradle.utils.ConfigurationsKt$createResolvable$1           : loaded 2 times (x 76B)
Class [Lorg.jetbrains.kotlin.statistics.metrics.BooleanAnonymizationPolicy;           : loaded 2 times (x 67B)
Class org.jetbrains.kotlin.gradle.targets.js.nodejs.UnameExecutor$UnameExecutorVariantFactory: loaded 2 times (x 68B)
Class Build_gradle$1                                                                  : loaded 2 times (x 76B)
Class org.jetbrains.plugins.gradle.model.FileCollectionDependency                     : loaded 2 times (x 68B)
Class com.amazon.ion.impl.LocalSymbolTableAsStruct                                    : loaded 2 times (x 124B)
Class com.amazon.ion.impl.lite.IonTimestampLite                                       : loaded 2 times (x 190B)
Class org.gradle.internal.impldep.gnu.trove.TObjectHashingStrategy                    : loaded 2 times (x 68B)
Class com.intellij.gradle.toolingExtension.impl.model.utilDummyModel.DummyModel       : loaded 2 times (x 68B)
Class org.gradle.internal.time.Clock                                                  : loaded 2 times (x 68B)
Class dagger.internal.codegen.base.MapKeyAccessibility                                : loaded 2 times (x 69B)
Class com.squareup.kotlinpoet.OriginatingElementsHolder                               : loaded 2 times (x 68B)
Class dagger.internal.codegen.binding.$AutoValue_BoundInstanceBinding                 : loaded 2 times (x 89B)
Class org.jetbrains.kotlin.gradle.plugin.diagnostics.UsesKotlinToolingDiagnosticsParameters: loaded 2 times (x 68B)
Class dagger.spi.internal.shaded.com.google.auto.common.Visibility                    : loaded 2 times (x 77B)
Class [Lorg.jetbrains.kotlin.gradle.dsl.KotlinVersion;                                : loaded 2 times (x 67B)
Class org.jetbrains.kotlin.gradle.plugin.diagnostics.ToolingDiagnosticRenderingOptions: loaded 2 times (x 70B)
Class dagger.spi.internal.shaded.com.google.auto.common.MoreTypes$ExecutableTypeVisitor: loaded 2 times (x 100B)
Class dagger.hilt.android.processor.internal.viewmodel.ViewModelValidationPluginKt    : loaded 2 times (x 69B)
Class dagger.internal.codegen.validation.ProvidesMethodValidator                      : loaded 2 times (x 76B)
Class dagger.internal.codegen.DelegateComponentProcessor_SourceFileGeneratorsModule_FactoryGeneratorFactory: loaded 2 times (x 80B)
Class dagger.hilt.processor.internal.root.ComponentGenerator                          : loaded 2 times (x 70B)
Class dagger.hilt.processor.internal.aggregateddeps.ComponentDependencies$1           : loaded 2 times (x 69B)
Class org.jetbrains.kotlin.gradle.plugin.KotlinTargetWithTests                        : loaded 2 times (x 68B)
Class [Lkotlin.metadata.ClassKind;                                                    : loaded 2 times (x 67B)
Class kotlin.metadata.internal.metadata.ProtoBuf$Class$Kind$1                         : loaded 2 times (x 72B)
Class kotlin.metadata.internal.protobuf.CodedOutputStream$OutOfSpaceException         : loaded 2 times (x 80B)
Class com.google.devtools.ksp.symbol.KSNode                                           : loaded 2 times (x 68B)
Class org.jetbrains.kotlin.compilerRunner.CompilerSystemPropertiesService$Parameters_Decorated: loaded 2 times (x 132B)
Class org.jetbrains.kotlin.gradle.plugin.AbstractKotlinPlugin$Companion$configureJavaTestFixturesSourceSets$1: loaded 2 times (x 73B)
Class org.jetbrains.kotlin.gradle.plugin.PropertiesProvider$kotlinCompilerArgumentsLogLevel$1: loaded 2 times (x 72B)
Class com.android.builder.model.v2.dsl.ProductFlavor                                  : loaded 2 times (x 68B)
Class [Lcom.android.builder.model.v2.ide.TestInfo$Execution;                          : loaded 2 times (x 67B)
Class org.jetbrains.kotlin.gradle.internal.KotlinDependenciesManagementKt$allNonProjectDependencies$1: loaded 2 times (x 72B)
Class [Lorg.jetbrains.kotlin.build.report.metrics.BuildAttributeKind;                 : loaded 2 times (x 67B)
Class org.jetbrains.kotlin.gradle.tasks.K2MultiplatformStructure                      : loaded 2 times (x 72B)
Class org.jetbrains.kotlin.gradle.plugin.KotlinJvmPlugin$apply$target$2$1             : loaded 2 times (x 101B)
Class org.jetbrains.kotlin.compilerRunner.CompilerSystemPropertiesService$Parameters  : loaded 2 times (x 68B)
Class org.jetbrains.kotlin.gradle.plugin.mpp.compilationImpl.KotlinCompilationSourceSetsContainer: loaded 2 times (x 68B)
Class org.jetbrains.kotlin.gradle.artifacts.KotlinNativeKlibArtifactKt                : loaded 2 times (x 69B)
Class org.jetbrains.kotlin.gradle.plugin.ProjectLocalConfigurations                   : loaded 2 times (x 69B)
Class org.jetbrains.kotlin.gradle.plugin.mpp.KotlinUsages$KotlinUsagesDisambiguation  : loaded 2 times (x 74B)
Class org.jetbrains.kotlin.tooling.core.Extras$Key$Companion                          : loaded 2 times (x 69B)
Class org.jetbrains.kotlin.tooling.core.Extras$Key                                    : loaded 2 times (x 70B)
Class [Lorg.objectweb.asm.AnnotationWriter;                                           : loaded 2 times (x 67B)
Class com.amazon.ion.IonString                                                        : loaded 2 times (x 68B)
Class org.jetbrains.plugins.gradle.model.GradleSourceSetDependencyModel               : loaded 2 times (x 68B)
Class kotlin.io.FilePathComponents                                                    : loaded 2 times (x 70B)
Class org.gradle.tooling.internal.adapter.TypeInspector                               : loaded 2 times (x 71B)
Class org.gradle.tooling.internal.adapter.ProtocolToModelAdapter$NoOpDecoration       : loaded 2 times (x 77B)
Class org.gradle.tooling.model.Element                                                : loaded 2 times (x 68B)
Class [Ldagger.internal.codegen.writing.FrameworkFieldInitializer$InitializationState;: loaded 2 times (x 67B)
Class dagger.spi.internal.shaded.androidx.room.compiler.codegen.XCodeBlock$Builder$Companion: loaded 2 times (x 69B)
Class com.squareup.kotlinpoet.AnnotationSpec$Builder                                  : loaded 2 times (x 75B)
Class dagger.internal.codegen.writing.InjectionOrProvisionProviderCreationExpression_Factory_Impl: loaded 2 times (x 73B)
Class dagger.internal.codegen.writing.ProducerNodeInstanceRequestRepresentation$Factory: loaded 2 times (x 68B)
Class dagger.internal.codegen.writing.SetRequestRepresentation_Factory                : loaded 2 times (x 70B)
Class dagger.internal.codegen.writing.AssistedFactoryRequestRepresentation_Factory    : loaded 2 times (x 70B)
Class dagger.internal.codegen.DaggerDelegateComponentProcessor_Injector$CurrentImplementationSubcomponentImpl: loaded 2 times (x 73B)
Class dagger.internal.codegen.kotlin.ParameterMetadata                                : loaded 2 times (x 70B)
Class kotlin.metadata.internal.metadata.jvm.deserialization.JvmMemberSignature$Field  : loaded 2 times (x 73B)
Class dagger.internal.codegen.binding.ComponentDescriptor$ComponentMethodDescriptor$Builder: loaded 2 times (x 68B)
Class org.jetbrains.kotlin.gradle.plugin.CreateCompilerArgumentsContextImpl$ContributeCompilerArgumentsContextImpl: loaded 2 times (x 77B)
Class org.jetbrains.kotlin.config.LanguageVersionSettings                             : loaded 2 times (x 68B)
Class org.apache.commons.io.file.PathUtils                                            : loaded 2 times (x 69B)
Class dagger.internal.codegen.binding.DelegateBinding                                 : loaded 2 times (x 89B)
Class dagger.internal.codegen.base.SourceFileGenerator                                : loaded 2 times (x 76B)
Class dagger.internal.codegen.binding.SourceFiles                                     : loaded 2 times (x 69B)
Class dagger.internal.codegen.DaggerDelegateComponentProcessor_Injector               : loaded 2 times (x 69B)
Class com.google.common.io.ByteSource$ConcatenatedByteSource                          : loaded 2 times (x 83B)
Class org.jetbrains.org.objectweb.asm.ClassVisitor                                    : loaded 2 times (x 85B)
Class kotlin.metadata.internal.FlagDelegatesImplKt$typeBooleanFlag$1                  : loaded 2 times (x 135B)
Class kotlin.metadata.internal.metadata.jvm.deserialization.JvmNameResolverBase$Companion: loaded 2 times (x 69B)
Class kotlin.metadata.internal.metadata.ProtoBuf$TypeParameter$1                      : loaded 2 times (x 142B)
Class kotlin.metadata.internal.metadata.ProtoBuf$Type                                 : loaded 2 times (x 143B)
Class dagger.spi.internal.shaded.androidx.room.compiler.processing.javac.kotlin.KmVisibility: loaded 2 times (x 68B)
Class kotlin.reflect.jvm.internal.pcollections.IntTreePMap                            : loaded 2 times (x 70B)
Class kotlin.reflect.jvm.internal.KDeclarationContainerImpl$Data$moduleData$2         : loaded 2 times (x 77B)
Class dagger.spi.internal.shaded.androidx.room.compiler.processing.XProcessingEnv$Platform: loaded 2 times (x 77B)
Class kotlin.metadata.internal.metadata.jvm.JvmProtoBuf$JvmFieldSignatureOrBuilder    : loaded 2 times (x 68B)
Class org.jetbrains.kotlin.gradle.tasks.configuration.AbstractKotlinCompileConfig$1$4 : loaded 2 times (x 73B)
Class org.jetbrains.kotlin.gradle.plugin.KotlinSourceSetProcessor                     : loaded 2 times (x 74B)
Class org.jetbrains.kotlin.gradle.scripting.internal.ScriptingGradleSubpluginKt$ScriptingGradleSubpluginSetupAction$1: loaded 2 times (x 72B)
Class kotlin.metadata.internal.metadata.jvm.JvmProtoBuf$JvmMethodSignature$Builder    : loaded 2 times (x 132B)
Class kotlin.metadata.Attributes$kind$7                                               : loaded 2 times (x 135B)
Class org.jetbrains.kotlin.gradle.plugin.diagnostics.CheckKotlinGradlePluginConfigurationErrors: loaded 2 times (x 315B)
Class org.jetbrains.kotlin.gradle.plugin.sources.DefaultKotlinSourceSetKt             : loaded 2 times (x 69B)
Class org.jetbrains.kotlin.gradle.dsl.KotlinJvmOptions                                : loaded 2 times (x 68B)
Class org.jetbrains.kotlin.gradle.plugin.mpp.HierarchyAttributeContainer$1            : loaded 2 times (x 76B)
Class org.jetbrains.kotlin.gradle.plugin.KotlinPluginLifecycle                        : loaded 2 times (x 68B)
Class org.jetbrains.kotlin.gradle.plugin.KotlinJsPluginWrapper                        : loaded 2 times (x 85B)
Class org.jetbrains.kotlin.gradle.dsl.ToolchainSupport                                : loaded 2 times (x 68B)
Class kotlin.metadata.Attributes$modality$6                                           : loaded 2 times (x 135B)
Class org.jetbrains.kotlin.gradle.plugin.mpp.InternalKotlinTarget                     : loaded 2 times (x 68B)
Class org.jetbrains.kotlin.statistics.metrics.NumberAnonymizationPolicy$RANDOM_10_PERCENT: loaded 2 times (x 83B)
Class org.jetbrains.kotlin.statistics.metrics.StringMetrics                           : loaded 2 times (x 78B)
Class com.google.common.cache.LocalCache$StrongValueReference                         : loaded 2 times (x 88B)
Class com.google.common.util.concurrent.AbstractFuture$SynchronizedHelper             : loaded 2 times (x 76B)
Class org.gradle.accessors.dm.LibrariesForLibs$MockitoLibraryAccessors                : loaded 2 times (x 76B)
Class com.amazon.ion.BufferConfiguration                                              : loaded 2 times (x 71B)
Class com.amazon.ion.system.SimpleCatalog                                             : loaded 2 times (x 89B)
Class com.intellij.gradle.toolingExtension.impl.model.taskModel.GradleTaskSerialisationService: loaded 2 times (x 74B)
Class com.android.ide.gradle.model.LegacyV1AgpVersionModel                            : loaded 2 times (x 68B)
Class kotlin.Triple                                                                   : loaded 2 times (x 70B)
Class dagger.internal.codegen.writing.AssistedFactoryRequestRepresentation            : loaded 2 times (x 72B)
Class dagger.internal.codegen.writing.ComponentCreatorImplementationFactory$1         : loaded 2 times (x 69B)
Class dagger.spi.internal.shaded.androidx.room.compiler.codegen.impl.XAnnotationSpecImpl: loaded 2 times (x 75B)
Class dagger.internal.codegen.writing.ComponentImplementation_Factory                 : loaded 2 times (x 80B)
Class dagger.internal.codegen.DaggerDelegateComponentProcessor_Injector$TopLevelImplementationComponentImpl$1: loaded 2 times (x 80B)
Class dagger.internal.codegen.bindinggraphvalidation.DependencyCycleValidator$1       : loaded 2 times (x 69B)
Class dagger.internal.codegen.binding.SubcomponentCreatorBindingEdgeImpl              : loaded 2 times (x 73B)
Class dagger.hilt.processor.internal.AutoValue_ComponentDescriptor$Builder            : loaded 2 times (x 78B)
Class dagger.internal.codegen.base.ComponentCreatorKind                               : loaded 2 times (x 77B)
Class dagger.internal.codegen.validation.ModuleValidator_Factory                      : loaded 2 times (x 80B)
Class dagger.internal.codegen.validation.BindsOptionalOfMethodValidator_Factory       : loaded 2 times (x 80B)
Class com.google.common.graph.AbstractValueGraph                                      : loaded 2 times (x 143B)
Class [Lcom.squareup.javapoet.LineWrapper$FlushType;                                  : loaded 2 times (x 67B)
Class kotlin.metadata.internal.extensions.KmExtensionType                             : loaded 2 times (x 70B)
Class kotlin.metadata.internal.metadata.ProtoBuf$Type$1                               : loaded 2 times (x 142B)
Class dagger.spi.internal.shaded.androidx.room.compiler.processing.javac.JavacExecutableElement: loaded 2 times (x 219B)
Class dagger.spi.model.BindingGraph$Node                                              : loaded 2 times (x 68B)
Class dagger.spi.internal.shaded.com.google.auto.common.MoreElements$TypeElementVisitor: loaded 2 times (x 91B)
Class dagger.spi.internal.shaded.androidx.room.compiler.processing.InternalXAnnotation: loaded 2 times (x 138B)
Class dagger.internal.codegen.model.AutoValue_DaggerType                              : loaded 2 times (x 73B)
Class org.jetbrains.kotlin.gradle.plugin.CompositeSubpluginOption                     : loaded 2 times (x 70B)
Class org.jetbrains.kotlin.gradle.tasks.CompilerPluginOptions                         : loaded 2 times (x 70B)
Class [Lorg.jetbrains.kotlin.config.JVMAssertionsMode;                                : loaded 2 times (x 67B)
Class org.jetbrains.kotlin.config.JVMAssertionsMode                                   : loaded 2 times (x 77B)
Class org.jetbrains.kotlin.gradle.tasks.configuration.AbstractKotlinCompileConfig$1$5 : loaded 2 times (x 73B)
Class org.jetbrains.kotlin.gradle.plugin.mpp.KotlinTargetSoftwareComponentImpl        : loaded 2 times (x 88B)
Class org.jetbrains.kotlin.gradle.plugin.mpp.DefaultKotlinUsageContext$PublishOnlyIf  : loaded 2 times (x 68B)
Class org.jetbrains.kotlin.gradle.dsl.KotlinCommonCompilerOptionsHelper               : loaded 2 times (x 69B)
Class org.jetbrains.kotlin.gradle.plugin.KotlinJvmPlugin$Companion                    : loaded 2 times (x 69B)
Class org.jetbrains.kotlin.gradle.plugin.diagnostics.KotlinToolingDiagnostics         : loaded 2 times (x 69B)
Class org.jetbrains.kotlin.gradle.artifacts.KotlinMetadataArtifactKt                  : loaded 2 times (x 69B)
Class org.jetbrains.kotlin.gradle.targets.CreateArtifactsSideEffectKt$CreateArtifactsSideEffect$1: loaded 2 times (x 72B)
Class org.jetbrains.kotlin.gradle.internal.properties.PropertiesBuildService$property$1$valueFromGradleAndLocalProperties$1: loaded 2 times (x 73B)
Class org.jetbrains.kotlin.gradle.plugin.KotlinPluginWrapperKt$kotlinToolingVersion$2 : loaded 2 times (x 76B)
Class org.objectweb.asm.Type                                                          : loaded 2 times (x 70B)
Class org.jetbrains.plugins.gradle.tooling.util.IntObjectMap$1                        : loaded 2 times (x 75B)
Class org.gradle.internal.impldep.com.google.common.base.Preconditions                : loaded 2 times (x 69B)
Class org.gradle.tooling.model.internal.ImmutableDomainObjectSet                      : loaded 2 times (x 153B)
Class org.gradle.internal.classloader.VisitableURLClassLoader$InstrumentingVisitableURLClassLoader: loaded 2 times (x 121B)
Class com.squareup.kotlinpoet.FileSpec$Companion                                      : loaded 2 times (x 69B)
Class dagger.internal.codegen.writing.InjectionMethods                                : loaded 2 times (x 69B)
Class dagger.spi.internal.shaded.androidx.room.compiler.codegen.kotlin.KotlinFunSpecKt: loaded 2 times (x 69B)
Class dagger.internal.codegen.xprocessing.XPropertySpecs$Builder                      : loaded 2 times (x 85B)
Class dagger.internal.codegen.writing.ComponentImplementation$ShardImplementation     : loaded 2 times (x 79B)
Class dagger.internal.codegen.writing.ProducerCreationExpression_Factory_Impl         : loaded 2 times (x 73B)
Class dagger.internal.codegen.writing.DependencyMethodProducerCreationExpression$Factory: loaded 2 times (x 68B)
Class dagger.internal.codegen.writing.PrivateMethodRequestRepresentation_Factory      : loaded 2 times (x 70B)
Class dagger.internal.codegen.writing.MembersInjectionMethods_Factory                 : loaded 2 times (x 80B)
Class dagger.internal.codegen.model.$AutoValue_ComponentPath                          : loaded 2 times (x 72B)
Class com.google.common.graph.MultiEdgesConnecting$1                                  : loaded 2 times (x 80B)
Class dagger.internal.codegen.binding.ComponentDeclarations                           : loaded 2 times (x 70B)
Class dagger.internal.codegen.binding.$AutoValue_MembersInjectionBinding_InjectionSite: loaded 2 times (x 75B)
Class dagger.internal.codegen.writing.ProductionBindingRepresentation_Factory         : loaded 2 times (x 70B)
Class dagger.internal.codegen.writing.SwitchingProviders                              : loaded 2 times (x 70B)
Class [Ldagger.spi.internal.shaded.androidx.room.compiler.processing.XProcessingStep; : loaded 2 times (x 67B)
Class dagger.internal.codegen.binding.DeclarationFormatter                            : loaded 2 times (x 84B)
Class [Ldagger.internal.codegen.validation.BindingElementValidator$AllowsScoping;     : loaded 2 times (x 67B)
Class dagger.internal.codegen.validation.BindingMethodValidator                       : loaded 2 times (x 76B)
Class dagger.internal.codegen.processingstep.MonitoringModuleProcessingStep_Factory   : loaded 2 times (x 80B)
Class dagger.internal.codegen.base.DaggerSuperficialValidation$ValidationException$UnknownErrorType: loaded 2 times (x 82B)
Class [Ldagger.internal.codegen.compileroption.ProcessingEnvironmentCompilerOptions$EnumOption;: loaded 2 times (x 67B)
Class dagger.internal.codegen.bindinggraphvalidation.InjectBindingValidator_Factory   : loaded 2 times (x 80B)
Class com.google.common.graph.DirectedGraphConnections$2$1                            : loaded 2 times (x 80B)
Class dagger.hilt.processor.internal.Processors                                       : loaded 2 times (x 69B)
Class dagger.internal.codegen.writing.FrameworkFieldInitializer$FrameworkInstanceCreationExpression: loaded 2 times (x 68B)
Class dagger.internal.codegen.writing.ComponentCreatorImplementationFactory$Builder   : loaded 2 times (x 80B)
Class com.squareup.kotlinpoet.TypeSpec$Builder                                        : loaded 2 times (x 79B)
Class dagger.spi.internal.shaded.androidx.room.compiler.processing.XMessager          : loaded 2 times (x 71B)
Class dagger.internal.codegen.writing.DerivedFromFrameworkInstanceRequestRepresentation: loaded 2 times (x 72B)
Class dagger.internal.codegen.writing.DelegateRequestRepresentation$1                 : loaded 2 times (x 69B)
Class org.gradle.internal.classloader.DefaultClassLoaderFactory                       : loaded 2 times (x 80B)
Class org.apache.commons.io.FileUtils                                                 : loaded 2 times (x 69B)
Class com.google.common.io.Files$FileByteSink                                         : loaded 2 times (x 75B)
Class com.android.builder.model.v2.ide.AndroidGradlePluginProjectFlags                : loaded 2 times (x 68B)
Class [Lcom.android.builder.model.v2.ide.AndroidGradlePluginProjectFlags$BooleanFlag; : loaded 2 times (x 67B)
Class com.android.builder.model.v2.ide.BasicVariant                                   : loaded 2 times (x 68B)
Class org.jetbrains.kotlin.gradle.tasks.configuration.AbstractKotlinCompileConfig$1$6 : loaded 2 times (x 73B)
Class [Lorg.jetbrains.kotlin.gradle.tasks.KotlinCompilerExecutionStrategy;            : loaded 2 times (x 67B)
Class org.jetbrains.kotlin.gradle.tasks.FailedCompilationException                    : loaded 2 times (x 80B)
Class org.jetbrains.kotlin.gradle.plugin.internal.DefaultAttributesConfigurationHelper$setAttribute$1: loaded 2 times (x 73B)
Class org.jetbrains.kotlin.gradle.plugin.mpp.DefaultKotlinUsageContext$1              : loaded 2 times (x 72B)
Class org.jetbrains.kotlin.gradle.utils.WhenEvaluatedKt$whenEvaluated$afterAndroidDispatchQueue$1$1$1: loaded 2 times (x 73B)
Class org.jetbrains.kotlin.gradle.plugin.mpp.compilationImpl.KotlinCompilationImpl$associateWith$2: loaded 2 times (x 77B)
Class org.jetbrains.kotlin.gradle.plugin.hierarchy.KotlinSourceSetTreeClassifier      : loaded 2 times (x 68B)
Class org.jetbrains.kotlin.gradle.plugin.mpp.compilationImpl.KotlinCompilationAssociator: loaded 2 times (x 68B)
Class org.jetbrains.kotlin.konan.target.UtilsKt$evaluatePresetName$1                  : loaded 2 times (x 76B)
Class org.jetbrains.kotlin.gradle.plugin.mpp.KotlinNativeTarget                       : loaded 2 times (x 169B)
Class org.jetbrains.kotlin.gradle.plugin.diagnostics.checkers.KotlinSourceSetTreeDependsOnMismatchChecker$runChecks$1: loaded 2 times (x 86B)
Class org.jetbrains.kotlin.gradle.plugin.diagnostics.checkers.PreHmppDependenciesUsageChecker$runChecks$1: loaded 2 times (x 86B)
Class org.jetbrains.kotlin.gradle.utils.ProjectExtensionsKt                           : loaded 2 times (x 69B)
Class org.jetbrains.kotlin.gradle.plugin.KotlinSourceSetTree$Companion                : loaded 2 times (x 69B)
Class org.jetbrains.kotlin.gradle.plugin.diagnostics.KotlinGradleProjectChecker$Companion: loaded 2 times (x 69B)
Class org.jetbrains.kotlin.gradle.plugin.KotlinGradleBuildServices$Parameters         : loaded 2 times (x 68B)
Class org.jetbrains.kotlin.gradle.plugin.statistics.BuildFusService$Companion$registerIfAbsent$1$1$1: loaded 2 times (x 73B)
Class org.jetbrains.kotlin.statistics.fileloggers.MetricsContainer$Companion          : loaded 2 times (x 69B)
Class org.objectweb.asm.ByteVector                                                    : loaded 2 times (x 77B)
Class org.gradle.accessors.dm.LibrariesForLibs$KspLibraryAccessors                    : loaded 2 times (x 75B)
Class [Lcom.amazon.ion.impl.bin.IonRawBinaryWriter$StreamFlushMode;                   : loaded 2 times (x 67B)
Class com.amazon.ion.UnsupportedIonVersionException                                   : loaded 2 times (x 83B)
Class org.gradle.internal.classloader.VisitableURLClassLoader$Spec                    : loaded 2 times (x 72B)
Class org.gradle.internal.classpath.DefaultClassPath                                  : loaded 2 times (x 88B)
Class dagger.spi.internal.shaded.androidx.room.compiler.codegen.java.JavaTypeSpec$Builder: loaded 2 times (x 88B)
Class [Ldagger.internal.codegen.writing.ComponentImplementation$FieldSpecKind;        : loaded 2 times (x 67B)
Class dagger.internal.codegen.writing.ComponentImplementation$FieldSpecKind           : loaded 2 times (x 77B)
Class dagger.spi.internal.shaded.androidx.room.compiler.codegen.java.JavaParameterSpec: loaded 2 times (x 76B)
Class com.intellij.util.containers.IntObjectHashMap$ArrayProducer                     : loaded 2 times (x 68B)
Class dagger.spi.model.BindingKind                                                    : loaded 2 times (x 77B)
Class dagger.spi.internal.shaded.androidx.room.compiler.processing.javac.kotlin.KmAnnotationContainer: loaded 2 times (x 70B)
Class dagger.internal.codegen.binding.$AutoValue_MultiboundMapBinding                 : loaded 2 times (x 90B)
Class dagger.internal.codegen.binding.AutoValue_ComponentBinding                      : loaded 2 times (x 89B)
Class com.amazon.ion.impl.bin.IonManagedBinaryWriter$ImportedSymbolResolverMode$1     : loaded 2 times (x 78B)
Class com.amazon.ion.impl.lite.IonSymbolLite                                          : loaded 2 times (x 244B)
Class dagger.internal.codegen.base.RequestKinds$1                                     : loaded 2 times (x 69B)
Class dagger.internal.codegen.base.DaggerSuperficialValidation$1                      : loaded 2 times (x 69B)
Class dagger.internal.codegen.binding.ModuleDescriptor$Factory                        : loaded 2 times (x 73B)
Class dagger.internal.codegen.processingstep.BindsInstanceProcessingStep_Factory      : loaded 2 times (x 80B)
Class dagger.internal.codegen.validation.BindingMethodValidator$ExceptionSuperclass$1 : loaded 2 times (x 79B)
Class dagger.internal.codegen.writing.UnwrappedMapKeyGenerator                        : loaded 2 times (x 79B)
Class dagger.internal.codegen.bindinggraphvalidation.SetMultibindingValidator_Factory$InstanceHolder: loaded 2 times (x 69B)
Class dagger.internal.codegen.bindinggraphvalidation.MissingBindingValidator_Factory  : loaded 2 times (x 80B)
Class dagger.internal.codegen.binding.ModuleDescriptor_Factory_Factory                : loaded 2 times (x 80B)
Class dagger.internal.codegen.binding.DelegateDeclaration_Factory_Factory             : loaded 2 times (x 80B)
Class com.google.common.graph.DirectedGraphConnections$2$2                            : loaded 2 times (x 80B)
Class dagger.spi.internal.shaded.androidx.room.compiler.processing.javac.JavacMethodParameter: loaded 2 times (x 221B)
Class dagger.hilt.processor.internal.root.ComponentTreeDepsMetadata                   : loaded 2 times (x 78B)
Class com.squareup.javapoet.TypeSpec                                                  : loaded 2 times (x 70B)
Class dagger.spi.internal.shaded.androidx.room.compiler.processing.javac.kotlin.KotlinClassMetadataUtilsKt: loaded 2 times (x 69B)
Class kotlin.metadata.Attributes$visibility$10                                        : loaded 2 times (x 135B)
Class kotlin.reflect.jvm.internal.KMutableProperty1Impl$_setter$1                     : loaded 2 times (x 77B)
Class kotlin.metadata.internal.metadata.deserialization.ProtoTypeTableUtilKt          : loaded 2 times (x 69B)
Class dagger.spi.internal.shaded.androidx.room.compiler.processing.XExecutableType    : loaded 2 times (x 68B)
Class [Lcom.amazon.ion.impl.bin.IonRawBinaryWriter$StreamCloseMode;                   : loaded 2 times (x 67B)
Class org.jetbrains.kotlin.idea.gradleTooling.AndroidAwareGradleModelProvider$Companion: loaded 2 times (x 69B)
Class org.objectweb.asm.MethodTooLargeException                                       : loaded 2 times (x 81B)
Class org.jetbrains.kotlin.gradle.plugin.internal.DefaultKotlinTestReportCompatibilityHelperVariantFactory: loaded 2 times (x 74B)
Class org.jetbrains.kotlin.gradle.internal.properties.PropertiesBuildService$MemoizedCallable$value$2: loaded 2 times (x 77B)
Class com.google.common.reflect.Types$ClassOwnership                                  : loaded 2 times (x 78B)
Class com.google.common.collect.ImmutableSortedMap$1EntrySet$1                        : loaded 2 times (x 211B)
Class org.jetbrains.kotlin.gradle.plugin.DefaultKotlinBasePlugin$addKotlinCompilerConfiguration$2$1$1: loaded 2 times (x 73B)
Class org.jetbrains.kotlin.gradle.plugin.statistics.BuildFinishMetrics                : loaded 2 times (x 69B)
Class com.android.builder.model.v2.ide.BundleInfo                                     : loaded 2 times (x 68B)
Class com.android.builder.model.v2.ide.SourceProvider                                 : loaded 2 times (x 68B)
Class org.jetbrains.kotlin.gradle.tasks.configuration.AbstractKotlinCompileConfig$1$7 : loaded 2 times (x 73B)
Class org.jetbrains.kotlin.gradle.plugin.mpp.KotlinSoftwareComponentKt                : loaded 2 times (x 69B)
Class org.jetbrains.kotlin.gradle.scripting.internal.DiscoverScriptExtensionsTransformAction$Parameters_Decorated: loaded 2 times (x 135B)
Class org.jetbrains.kotlin.gradle.plugin.mpp.compilationImpl.KotlinCompilationSourceSetInclusion$AddSourcesToCompileTask: loaded 2 times (x 68B)
Class org.jetbrains.kotlin.konan.target.Architecture                                  : loaded 2 times (x 77B)
Class org.jetbrains.kotlin.gradle.plugin.internal.IdeaPropertiesValueSource$Parameters: loaded 2 times (x 68B)
Class [Lorg.jetbrains.kotlin.gradle.plugin.HasProject;                                : loaded 2 times (x 67B)
Class org.jetbrains.kotlin.gradle.utils.MutableObservableSetImpl                      : loaded 2 times (x 161B)
Class org.jetbrains.kotlin.gradle.tasks.KotlinTasksProvider                           : loaded 2 times (x 70B)
Class org.jetbrains.kotlin.gradle.plugin.KotlinJsCompilerTypeHolder                   : loaded 2 times (x 68B)
Class org.jetbrains.kotlin.gradle.targets.native.internal.SetupKotlinNativePlatformDependenciesAndStdlibKt$ExcludeDefaultPlatformDependenciesFromKotlinNativeCompileTasks$1: loaded 2 times (x 72B)
Class org.jetbrains.kotlin.gradle.dsl.DefaultToolchainSupport$wireToolchainToTasks$1  : loaded 2 times (x 73B)
Class org.jetbrains.kotlin.gradle.dsl.KotlinCommonCompilerOptions                     : loaded 2 times (x 68B)
Class org.jetbrains.kotlin.gradle.internal.properties.PropertiesBuildService$MemoizedCallable: loaded 2 times (x 73B)
Class org.objectweb.asm.Symbol                                                        : loaded 2 times (x 71B)
Class com.amazon.ion.impl.bin.IonManagedBinaryWriter$SymbolState                      : loaded 2 times (x 78B)
Class com.amazon.ion.IonStruct                                                        : loaded 2 times (x 68B)
Class org.jetbrains.plugins.gradle.model.GradleBuildScriptClasspathModel              : loaded 2 times (x 68B)
Class org.gradle.util.internal.DefaultGradleVersion                                   : loaded 2 times (x 78B)
Class [Ldagger.internal.codegen.writing.FrameworkInstanceKind;                        : loaded 2 times (x 67B)
Class dagger.spi.internal.shaded.androidx.room.compiler.codegen.impl.XTypeSpecImpl    : loaded 2 times (x 76B)
Class dagger.spi.internal.shaded.androidx.room.compiler.codegen.kotlin.KotlinAnnotationSpec$Builder: loaded 2 times (x 76B)
Class dagger.internal.codegen.writing.ProducerNodeInstanceRequestRepresentation_Factory_Impl: loaded 2 times (x 73B)
Class dagger.internal.codegen.validation.AutoValue_SpiModelBindingGraphConverter_DaggerTypeImpl: loaded 2 times (x 74B)
Class kotlin.metadata.KmAnnotation                                                    : loaded 2 times (x 70B)
Class dagger.internal.codegen.binding.ErrorMessages                                   : loaded 2 times (x 69B)
Class dagger.internal.codegen.model.AutoValue_Key_MultibindingContributionIdentifier  : loaded 2 times (x 72B)
Class [Lorg.jetbrains.kotlin.statistics.ValueAnonymizer;                              : loaded 2 times (x 67B)
Class dagger.internal.codegen.binding.ComponentDeclarations$Factory                   : loaded 2 times (x 70B)
Class dagger.internal.codegen.validation.BindingMethodValidator$ExceptionSuperclass$2 : loaded 2 times (x 79B)
Class dagger.internal.codegen.base.ContributionType$HasContributionType               : loaded 2 times (x 68B)
Class dagger.internal.codegen.kotlin.KotlinMetadataUtil                               : loaded 2 times (x 70B)
Class dagger.hilt.android.processor.internal.bindvalue.AutoValue_BindValueMetadata    : loaded 2 times (x 72B)
Class dagger.hilt.processor.internal.ComponentDescriptor$Builder                      : loaded 2 times (x 68B)
Class kotlin.annotation.Repeatable                                                    : loaded 2 times (x 68B)
Class com.squareup.javapoet.JavaFile                                                  : loaded 2 times (x 70B)
Class org.jetbrains.kotlin.gradle.plugin.KotlinGradleBuildServices                    : loaded 2 times (x 78B)
Class org.jetbrains.kotlin.gradle.targets.native.toolchain.KotlinNativeBundleBuildService: loaded 2 times (x 75B)
Class kotlin.metadata.internal.metadata.ProtoBuf$MemberKind                           : loaded 2 times (x 80B)
Class [Ldagger.spi.internal.shaded.androidx.room.compiler.processing.InternalXAnnotationValue$Kind;: loaded 2 times (x 67B)
Class dagger.internal.codegen.xprocessing.XAnnotationValues$1                         : loaded 2 times (x 82B)
Class com.squareup.javapoet.ClassName$1                                               : loaded 2 times (x 95B)
Class org.jetbrains.kotlin.gradle.targets.native.toolchain.KotlinNativeBundleBuildService$Parameters: loaded 2 times (x 68B)
Class dagger.spi.internal.shaded.com.google.auto.common.Overrides                     : loaded 2 times (x 70B)
Class org.jetbrains.kotlin.gradle.tasks.DefaultKotlinJavaToolchain                    : loaded 2 times (x 75B)
Class dagger.spi.internal.shaded.androidx.room.compiler.processing.InternalXAnnotated : loaded 2 times (x 68B)
Class dagger.spi.internal.shaded.androidx.room.compiler.processing.XBasicAnnotationProcessor: loaded 2 times (x 68B)
Class com.google.common.io.Closer                                                     : loaded 2 times (x 76B)
Class org.jetbrains.kotlin.gradle.tasks.AbstractKotlinCompile$friendPathsSet$1        : loaded 2 times (x 73B)
Class org.jetbrains.kotlin.statistics.metrics.OrMetricContainer                       : loaded 2 times (x 78B)
Class org.jetbrains.kotlin.build.report.metrics.BuildAttributes                       : loaded 2 times (x 70B)
Class org.jetbrains.kotlin.gradle.scripting.ScriptingExtension_Decorated              : loaded 2 times (x 126B)
Class org.jetbrains.kotlin.gradle.plugin.cocoapods.KotlinCocoapodsPlugin$Companion    : loaded 2 times (x 69B)
Class org.jetbrains.kotlin.gradle.plugin.mpp.compilationImpl.KotlinCompilationImpl    : loaded 2 times (x 138B)
Class [Lorg.jetbrains.kotlin.gradle.plugin.mpp.compilationImpl.factory.KotlinCompilationImplFactory$PostConfigure;: loaded 2 times (x 67B)
Class org.jetbrains.kotlin.konan.target.KonanTarget$MACOS_X64                         : loaded 2 times (x 76B)
Class org.jetbrains.kotlin.konan.util.Named                                           : loaded 2 times (x 68B)
Class org.jetbrains.kotlin.gradle.plugin.KotlinSourceSet$Companion                    : loaded 2 times (x 69B)
Class org.jetbrains.kotlin.gradle.targets.native.toolchain.UnzipTransformationAction  : loaded 2 times (x 78B)
Class [Lorg.jetbrains.kotlin.gradle.report.BuildReportMode;                           : loaded 2 times (x 67B)
Class org.jetbrains.kotlin.statistics.metrics.BooleanOverridePolicy                   : loaded 2 times (x 83B)
Class org.jetbrains.kotlin.gradle.plugin.AbstractKotlinAndroidPluginWrapper           : loaded 2 times (x 85B)
Class com.google.common.base.CharMatcher$Ascii                                        : loaded 2 times (x 110B)
Class org.gradle.accessors.dm.LibrariesForLibs$KotlinxVersionAccessors                : loaded 2 times (x 74B)
Class org.gradle.tooling.model.GradleModuleVersion                                    : loaded 2 times (x 68B)
Class org.gradle.internal.classloader.ClassLoaderSpec                                 : loaded 2 times (x 69B)
Class com.squareup.kotlinpoet.AnnotationSpec$Companion                                : loaded 2 times (x 69B)
Class dagger.internal.codegen.writing.ComponentCreatorImplementationFactory$BuilderForGeneratedRootComponentBuilder: loaded 2 times (x 80B)
Class dagger.spi.internal.shaded.androidx.room.compiler.codegen.XPropertySpec$Companion: loaded 2 times (x 69B)
Class dagger.internal.codegen.writing.ComponentImplementation$TypeSpecKind            : loaded 2 times (x 77B)
Class dagger.internal.codegen.validation.SpiModelBindingGraphConverter$ComponentNodeImpl: loaded 2 times (x 85B)
Class org.jetbrains.kotlin.gradle.tasks.DefaultKotlinJavaToolchain$Companion          : loaded 2 times (x 69B)
Class dagger.internal.codegen.kotlin.FunctionMetadata                                 : loaded 2 times (x 68B)
Class com.google.common.collect.FilteredKeyMultimap$Entries                           : loaded 2 times (x 129B)
Class dagger.internal.codegen.binding.$AutoValue_ComponentDescriptor                  : loaded 2 times (x 95B)
Class dagger.internal.codegen.binding.AutoValue_MultibindingDeclaration               : loaded 2 times (x 77B)
Class dagger.internal.codegen.validation.BindingMethodValidator$ExceptionSuperclass$3 : loaded 2 times (x 79B)
Class dagger.hilt.android.processor.internal.androidentrypoint.AndroidEntryPointMetadata$Type: loaded 2 times (x 70B)
Class kotlin.metadata.internal.extensions.KmTypeExtension                             : loaded 2 times (x 68B)
Class kotlin.metadata.internal.protobuf.FieldSet                                      : loaded 2 times (x 70B)
Class dagger.spi.internal.shaded.androidx.room.compiler.processing.XExecutableElement : loaded 2 times (x 68B)
Class org.jetbrains.kotlin.gradle.plugin.sources.DefaultKotlinSourceSet$MetadataDependencyTransformation: loaded 2 times (x 70B)
Class dagger.spi.internal.shaded.androidx.room.compiler.processing.XHasModifiers      : loaded 2 times (x 68B)
Class com.google.common.base.Platform$JdkPatternCompiler                              : loaded 2 times (x 73B)
Class dagger.hilt.android.processor.internal.bindvalue.BindValueProcessingStep        : loaded 2 times (x 84B)
Class com.google.common.io.ByteSource$EmptyByteSource                                 : loaded 2 times (x 83B)
Class org.jetbrains.kotlin.gradle.plugin.statistics.DaemonReuseCounter$Companion      : loaded 2 times (x 69B)
Class [Lorg.jetbrains.kotlin.gradle.dsl.ExplicitApiMode;                              : loaded 2 times (x 67B)
Class org.jetbrains.kotlin.gradle.tasks.DefaultKotlinJavaToolchain$DefaultJavaToolchainSetter: loaded 2 times (x 73B)
Class org.jetbrains.kotlin.build.report.metrics.BuildAttributeKind                    : loaded 2 times (x 77B)
Class org.jetbrains.kotlin.gradle.scripting.internal.ScriptingGradleSubpluginKt       : loaded 2 times (x 69B)
Class org.jetbrains.kotlin.gradle.plugin.mpp.KotlinCompilationsKt$moduleNameForCompilation$1: loaded 2 times (x 73B)
Class org.jetbrains.kotlin.gradle.plugin.sources.KotlinDependencyScopeKt              : loaded 2 times (x 69B)
Class org.jetbrains.kotlin.gradle.plugin.diagnostics.TransformActionUsingKotlinToolingDiagnostics$Parameters: loaded 2 times (x 68B)
Class org.jetbrains.kotlin.compilerRunner.CompilerSystemPropertiesService$Companion$registerIfAbsent$2$1: loaded 2 times (x 77B)
Class org.jetbrains.kotlin.gradle.plugin.mpp.KotlinCompilationsKt$addSourcesToKotlinCompileTask$1: loaded 2 times (x 73B)
Class org.jetbrains.kotlin.gradle.internal.KotlinDependenciesManagementKt$configureDefaultVersionsResolutionStrategy$1$1: loaded 2 times (x 73B)
Class org.jetbrains.kotlin.gradle.utils.KotlinExtensionUtilsKt$forAllTargets$1        : loaded 2 times (x 93B)
Class org.jetbrains.kotlin.gradle.plugin.diagnostics.CheckKotlinGradlePluginConfigurationErrorsKt$locateOrRegisterCheckKotlinGradlePluginErrorsTask$taskProvider$1: loaded 2 times (x 73B)
Class org.jetbrains.kotlin.gradle.plugin.diagnostics.checkers.OverriddenKotlinNativeHomeChecker$StdlibExistenceCheckerValueSource$Params: loaded 2 times (x 68B)
Class org.jetbrains.kotlin.gradle.dsl.PlatformSourceSetConventionsChecker$nativeTargetPresets$1$1: loaded 2 times (x 77B)
Class org.jetbrains.kotlin.gradle.tooling.BuildKotlinToolingMetadataTaskKt$buildKotlinToolingMetadataTask$1: loaded 2 times (x 76B)
Class org.jetbrains.kotlin.gradle.internal.Kapt3GradleSubplugin$Companion             : loaded 2 times (x 69B)
Class org.jetbrains.kotlin.gradle.plugin.mpp.compilationImpl.KotlinCreateCompilationArchiveTaskKt$KotlinRegisterCompilationArchiveTasksExtension$1: loaded 2 times (x 72B)
Class [Lorg.jetbrains.kotlin.statistics.metrics.NumberOverridePolicy;                 : loaded 2 times (x 67B)
Class org.jetbrains.kotlin.gradle.internal.properties.PropertiesBuildService$GradleProperty: loaded 2 times (x 68B)
Class org.jetbrains.kotlin.gradle.utils.StoredPropertyKt$projectStoredProperty$1      : loaded 2 times (x 76B)
Class org.objectweb.asm.AnnotationWriter                                              : loaded 2 times (x 77B)
Class org.gradle.accessors.dm.LibrariesForLibs$AndroidxEspressoLibraryAccessors       : loaded 2 times (x 75B)
Class org.gradle.accessors.dm.LibrariesForLibs$VersionAccessors                       : loaded 2 times (x 105B)
Class com.amazon.ion.impl.IonWriterSystemTextMarkup                                   : loaded 2 times (x 190B)
Class com.amazon.ion.impl.bin.BlockAllocator                                          : loaded 2 times (x 78B)
Class kotlin.jvm.internal.FunctionReferenceImpl                                       : loaded 2 times (x 120B)
Class dagger.internal.codegen.writing.DelegateRequestRepresentation$ScopeKind         : loaded 2 times (x 77B)
Class com.squareup.kotlinpoet.TypeSpec$Kind                                           : loaded 2 times (x 77B)
Class com.squareup.kotlinpoet.PropertySpec$Builder                                    : loaded 2 times (x 79B)
Class dagger.internal.codegen.writing.MembersInjectorProviderCreationExpression$Factory: loaded 2 times (x 68B)
Class dagger.internal.codegen.writing.DependencyMethodProviderCreationExpression_Factory: loaded 2 times (x 70B)
Class dagger.internal.codegen.writing.DependencyMethodProducerCreationExpression_Factory_Impl: loaded 2 times (x 73B)
Class dagger.internal.codegen.writing.StaticFactoryInstanceSupplier_Factory_Impl      : loaded 2 times (x 73B)
Class dagger.spi.model.Key$1                                                          : loaded 2 times (x 69B)
Class dagger.internal.codegen.validation.SpiModelBindingGraphConverter$DaggerTypeElementImpl: loaded 2 times (x 73B)
Class dagger.internal.codegen.kotlin.PropertyMetadata                                 : loaded 2 times (x 70B)
Class dagger.internal.codegen.binding.$AutoValue_InjectionBinding$Builder             : loaded 2 times (x 95B)
Class org.jetbrains.kotlin.gradle.plugin.KotlinPluginLifecycle$ProjectConfigurationResult$Failure: loaded 2 times (x 70B)
Class com.google.common.collect.Collections2$TransformedCollection                    : loaded 2 times (x 116B)
Class org.jetbrains.kotlin.gradle.plugin.mpp.compilationImpl.factory.DefaultKotlinCompilationSourceSetsContainerFactory$DefaultSourceSetNaming: loaded 2 times (x 68B)
Class dagger.internal.codegen.base.AutoValue_ModuleAnnotation                         : loaded 2 times (x 74B)
Class dagger.MembersInjector                                                          : loaded 2 times (x 68B)
Class dagger.internal.codegen.processingstep.SuperficialValidator_Factory             : loaded 2 times (x 80B)
Class org.jetbrains.kotlin.gradle.plugin.Kotlin2JvmSourceSetProcessor$doTargetSpecificProcessing$2: loaded 2 times (x 93B)
Class org.jetbrains.kotlin.gradle.plugin.KotlinSourceSetProcessor$applyStandardTaskConfiguration$1$1: loaded 2 times (x 77B)
Class org.jetbrains.kotlin.name.FqNameUnsafe$1                                        : loaded 2 times (x 72B)
Class dagger.spi.internal.shaded.androidx.room.compiler.processing.InternalXAnnotationValue$Companion: loaded 2 times (x 69B)
Class kotlin.metadata.jvm.JvmMethodSignature                                          : loaded 2 times (x 72B)
Class kotlin.metadata.internal.metadata.jvm.JvmProtoBuf$StringTableTypes              : loaded 2 times (x 108B)
Class [Lkotlin.metadata.internal.metadata.ProtoBuf$MemberKind;                        : loaded 2 times (x 67B)
Class dagger.spi.internal.shaded.androidx.room.compiler.processing.XMemberContainer   : loaded 2 times (x 68B)
Class dagger.hilt.android.processor.internal.bindvalue.BindValueProcessor             : loaded 2 times (x 98B)
Class com.google.common.io.Closer$Suppressor                                          : loaded 2 times (x 68B)
Class com.google.common.io.LineProcessor                                              : loaded 2 times (x 68B)
Class org.jetbrains.kotlin.gradle.tasks.K2MultiplatformStructure$RefinesEdge          : loaded 2 times (x 70B)
Class org.jetbrains.kotlin.gradle.plugin.KotlinSourceSetProcessor$addKotlinDirectoriesToJavaSourceSet$1: loaded 2 times (x 86B)
Class org.jetbrains.kotlin.gradle.plugin.mpp.SyncLanguageSettingsWithKotlinExtensionSetupActionKt$SyncLanguageSettingsWithKotlinExtensionSetupAction$1$1: loaded 2 times (x 73B)
Class org.jetbrains.kotlin.gradle.tasks.configuration.TaskConfigAction$configureTask$1: loaded 2 times (x 77B)
Class org.jetbrains.kotlin.gradle.internal.ClassLoadersCachingBuildService            : loaded 2 times (x 74B)
Class org.jetbrains.kotlin.gradle.plugin.diagnostics.checkers.DuplicateSourceSetChecker$runChecks$1: loaded 2 times (x 86B)
Class org.jetbrains.kotlin.gradle.plugin.diagnostics.ToolingDiagnostic$Severity       : loaded 2 times (x 77B)
Class org.jetbrains.kotlin.gradle.dsl.JvmTarget                                       : loaded 2 times (x 77B)
Class org.jetbrains.kotlin.gradle.plugin.VariantImplementationFactories$Inject        : loaded 2 times (x 104B)
Class org.jetbrains.kotlin.gradle.plugin.VariantImplementationFactoriesConfigurator$Companion: loaded 2 times (x 69B)
Class org.objectweb.asm.RecordComponentWriter                                         : loaded 2 times (x 76B)
Class [Lcom.android.builder.model.v2.ide.ProjectType;                                 : loaded 2 times (x 67B)
Class com.google.common.util.concurrent.AbstractFuture$Listener                       : loaded 2 times (x 70B)
Class com.amazon.ion.impl._Private_RecyclingQueue                                     : loaded 2 times (x 78B)
Class com.amazon.ion.system.IonWriterBuilderBase                                      : loaded 2 times (x 81B)
Class org.gradle.tooling.internal.adapter.ProtocolToModelAdapter$DefaultViewBuilder   : loaded 2 times (x 78B)
Class [Ldagger.internal.codegen.writing.ComponentImplementation$TypeSpecKind;         : loaded 2 times (x 67B)
Class dagger.spi.internal.shaded.androidx.room.compiler.processing.javac.kotlin.KmValueParameterContainer: loaded 2 times (x 70B)
Class com.squareup.kotlinpoet.TaggableKt                                              : loaded 2 times (x 69B)
Class dagger.internal.codegen.writing.ProviderInstanceRequestRepresentation$Factory   : loaded 2 times (x 68B)
Class dagger.internal.codegen.writing.MapFactoryCreationExpression_Factory            : loaded 2 times (x 70B)
Class dagger.internal.codegen.writing.ComponentProvisionRequestRepresentation_Factory_Impl: loaded 2 times (x 73B)
Class dagger.internal.codegen.binding.MultiboundMapBinding$Builder                    : loaded 2 times (x 78B)
Class dagger.internal.codegen.binding.SubcomponentCreatorBinding$Builder              : loaded 2 times (x 76B)
Class dagger.spi.internal.shaded.androidx.room.compiler.processing.javac.JavacTypeVariableType: loaded 2 times (x 207B)
Class dagger.internal.codegen.binding.AutoValue_ProvisionBinding                      : loaded 2 times (x 90B)
Class com.google.common.graph.PredecessorsFunction                                    : loaded 2 times (x 68B)
Class dagger.internal.codegen.validation.ComponentValidator                           : loaded 2 times (x 73B)
Class dagger.internal.codegen.validation.BindsInstanceMethodValidator_Factory         : loaded 2 times (x 80B)
Class dagger.internal.codegen.validation.DiagnosticMessageGenerator_Factory_Factory   : loaded 2 times (x 80B)
Class dagger.spi.internal.shaded.androidx.room.compiler.processing.XMethodElementKt   : loaded 2 times (x 69B)
Class dagger.internal.codegen.compileroption.CompilerOptions                          : loaded 2 times (x 92B)
Class kotlin.metadata.Attributes$visibility$14                                        : loaded 2 times (x 135B)
Class dagger.spi.internal.shaded.androidx.room.compiler.processing.XElement           : loaded 2 times (x 68B)
Class dagger.internal.codegen.processingstep.ModuleProcessingStep_Factory             : loaded 2 times (x 80B)
Class [Lorg.objectweb.asm.Label;                                                      : loaded 2 times (x 67B)
Class [Lcom.android.builder.model.v2.ide.AaptOptions$Namespacing;                     : loaded 2 times (x 67B)
Class org.jetbrains.kotlin.gradle.plugin.Kotlin2JvmSourceSetProcessor$doTargetSpecificProcessing$2$2$2$1: loaded 2 times (x 72B)
Class [Lorg.jetbrains.kotlin.compilerRunner.KotlinCompilerArgumentsLogLevel;          : loaded 2 times (x 67B)
Class org.jetbrains.kotlin.gradle.tasks.KotlinCompile_Decorated                       : loaded 2 times (x 596B)
Class org.jetbrains.kotlin.gradle.plugin.mpp.SyncLanguageSettingsWithKotlinExtensionSetupActionKt$SyncLanguageSettingsWithKotlinExtensionSetupAction$1$2: loaded 2 times (x 73B)
Class org.jetbrains.kotlin.gradle.plugin.internal.BuildIdService$Companion            : loaded 2 times (x 69B)
Class com.android.ide.common.gradle.Version$Companion$ParseState                      : loaded 2 times (x 68B)
Class org.jetbrains.kotlin.gradle.plugin.diagnostics.checkers.OverriddenKotlinNativeHomeChecker$StdlibExistenceCheckerValueSource$Companion: loaded 2 times (x 69B)
Class org.jetbrains.kotlin.gradle.targets.js.dsl.KotlinWasmSubTargetContainerDsl      : loaded 2 times (x 68B)
Class org.jetbrains.kotlin.gradle.plugin.diagnostics.checkers.WasmWasiEnvironmentChecker$1: loaded 2 times (x 76B)
Class org.jetbrains.kotlin.gradle.plugin.diagnostics.checkers.DisabledCinteropCommonizationInHmppProjectChecker: loaded 2 times (x 72B)
Class org.jetbrains.kotlin.gradle.plugin.diagnostics.checkers.NoKotlinTargetsDeclaredChecker: loaded 2 times (x 72B)
Class org.jetbrains.kotlin.gradle.utils.StoredPropertyStorage                         : loaded 2 times (x 70B)
Class org.jetbrains.kotlin.gradle.plugin.KotlinSourceSetContainer                     : loaded 2 times (x 68B)
Class org.objectweb.asm.Attribute                                                     : loaded 2 times (x 75B)
Class org.gradle.tooling.internal.adapter.ProtocolToModelAdapter$ViewGraphDetails$1   : loaded 2 times (x 75B)
Class org.gradle.internal.classloader.VisitableURLClassLoader                         : loaded 2 times (x 115B)
Class dagger.spi.internal.shaded.androidx.room.compiler.codegen.XFileSpec             : loaded 2 times (x 68B)
Class dagger.internal.codegen.xprocessing.Accessibility                               : loaded 2 times (x 69B)
Class com.squareup.kotlinpoet.TypeSpec$Companion                                      : loaded 2 times (x 69B)
Class [Ldagger.internal.codegen.writing.ComponentImplementation$MethodSpecKind;       : loaded 2 times (x 67B)
Class dagger.internal.codegen.validation.SpiModelBindingGraphConverter$DependencyEdgeImpl: loaded 2 times (x 76B)
Class dagger.spi.model.AutoValue_Key                                                  : loaded 2 times (x 78B)
Class dagger.internal.codegen.binding.ComponentDeclarations$TypeNameKey               : loaded 2 times (x 72B)
Class dagger.internal.codegen.processingstep.LazyClassKeyProcessingStep               : loaded 2 times (x 84B)
Class dagger.internal.codegen.binding.ConfigurationAnnotations                        : loaded 2 times (x 69B)
Class dagger.internal.codegen.model.AutoValue_DaggerAnnotation                        : loaded 2 times (x 74B)
Class dagger.internal.codegen.bindinggraphvalidation.DependencyCycleValidator         : loaded 2 times (x 83B)
Class dagger.internal.codegen.bindinggraphvalidation.SubcomponentFactoryMethodValidator_Factory: loaded 2 times (x 79B)
Class kotlin.metadata.internal.extensions.KmTypeParameterExtension                    : loaded 2 times (x 68B)
Class [Lnet.ltgt.gradle.incap.IncrementalAnnotationProcessorType;                     : loaded 2 times (x 67B)
Class dagger.spi.internal.shaded.androidx.room.compiler.codegen.java.JavaSpec         : loaded 2 times (x 70B)
Class dagger.spi.internal.shaded.androidx.room.compiler.codegen.java.JavaFunSpecKt    : loaded 2 times (x 69B)
Class dagger.spi.internal.shaded.androidx.room.compiler.codegen.XAnnotationSpec$Builder$Companion: loaded 2 times (x 69B)
Class dagger.internal.codegen.xprocessing.XFunSpecs$Builder                           : loaded 2 times (x 111B)
Class org.jetbrains.kotlin.gradle.plugin.statistics.plugins.ObservablePlugins         : loaded 2 times (x 77B)
Class org.jetbrains.kotlin.gradle.plugin.sources.InternalKotlinSourceSetKt$awaitPlatformCompilations$1: loaded 2 times (x 86B)
Class [Lorg.jetbrains.kotlin.gradle.plugin.sources.KotlinDependencyScope;             : loaded 2 times (x 67B)
Class org.jetbrains.kotlin.gradle.tasks.configuration.BaseKotlinCompileConfig$configureCommonParameters$1: loaded 2 times (x 72B)
Class org.jetbrains.kotlin.gradle.plugin.mpp.compilationImpl.factory.ConfigurationNaming: loaded 2 times (x 68B)
Class org.jetbrains.kotlin.gradle.plugin.mpp.compilationImpl.DefaultKotlinCompilationPostConfigureKt: loaded 2 times (x 69B)
Class org.jetbrains.kotlin.konan.target.KonanTarget$WATCHOS_X64                       : loaded 2 times (x 76B)
Class org.jetbrains.kotlin.gradle.plugin.diagnostics.KotlinGradleProjectCheckersRunnerKt: loaded 2 times (x 69B)
Class [Lorg.jetbrains.kotlin.tooling.core.HasExtras;                                  : loaded 2 times (x 67B)
Class org.jetbrains.kotlin.gradle.plugin.diagnostics.checkers.IncorrectCompileOnlyDependenciesChecker: loaded 2 times (x 72B)
Class org.jetbrains.kotlin.gradle.plugin.diagnostics.checkers.WasmWasiEnvironmentChecker$2: loaded 2 times (x 76B)
Class org.jetbrains.kotlin.gradle.artifacts.KotlinLegacyCompatibilityMetadataArtifactKt$KotlinLegacyCompatibilityMetadataArtifact$1: loaded 2 times (x 72B)
Class org.jetbrains.kotlin.gradle.dsl.DefaultToolchainSupport$wireToolchainToTasks$1$1: loaded 2 times (x 73B)
Class org.jetbrains.kotlin.gradle.utils.SingleActionPerProject                        : loaded 2 times (x 71B)
Class org.jetbrains.kotlin.gradle.plugin.DefaultKotlinBasePlugin                      : loaded 2 times (x 80B)
Class com.google.common.util.concurrent.AbstractFuture$Waiter                         : loaded 2 times (x 70B)
Class com.android.ide.common.repository.AgpVersion$Companion                          : loaded 2 times (x 69B)
Class com.amazon.ion.impl.bin.IonRawBinaryWriter$1                                    : loaded 2 times (x 75B)
Class [Lcom.amazon.ion.SymbolTable;                                                   : loaded 2 times (x 67B)
Class com.amazon.ion.impl.bin.IonBinaryWriterAdapter$Factory                          : loaded 2 times (x 68B)
Class com.amazon.ion.impl.BlockedBuffer$BufferedOutputStream                          : loaded 2 times (x 88B)
Class org.jetbrains.plugins.gradle.tooling.serialization.ExternalTestsSerializationService$ReadContext: loaded 2 times (x 70B)
Class kotlin.sequences.FlatteningSequence$iterator$1                                  : loaded 2 times (x 77B)
Class dagger.internal.codegen.binding.ContributionBinding$1                           : loaded 2 times (x 69B)
Class dagger.internal.codegen.xprocessing.XParameterSpecs$1                           : loaded 2 times (x 69B)
Class org.gradle.tooling.model.idea.IdeaDependency                                    : loaded 2 times (x 68B)
Class dagger.internal.codegen.writing.ProviderInstanceRequestRepresentation           : loaded 2 times (x 74B)
Class dagger.spi.internal.shaded.androidx.room.compiler.codegen.XTypeSpec$Builder     : loaded 2 times (x 68B)
Class com.squareup.kotlinpoet.FunSpec                                                 : loaded 2 times (x 78B)
Class dagger.spi.internal.shaded.androidx.room.compiler.codegen.XParameterSpec$Companion: loaded 2 times (x 69B)
Class dagger.internal.codegen.writing.AssistedFactoryRequestRepresentation_Factory_Impl: loaded 2 times (x 73B)
Class dagger.spi.model.$AutoValue_ComponentPath                                       : loaded 2 times (x 72B)
Class org.gradle.internal.operations.MultipleBuildOperationFailures                   : loaded 2 times (x 93B)
Class org.gradle.tooling.internal.adapter.MethodInvocation                            : loaded 2 times (x 83B)
Class com.google.common.collect.FilteredKeySetMultimap                                : loaded 2 times (x 200B)
Class com.google.common.collect.FilteredKeyMultimap                                   : loaded 2 times (x 152B)
Class dagger.spi.internal.shaded.androidx.room.compiler.processing.javac.kotlin.JvmDescriptorUtilsKt: loaded 2 times (x 69B)
Class dagger.internal.codegen.base.ComponentKind                                      : loaded 2 times (x 77B)
Class dagger.internal.codegen.base.FrameworkTypes                                     : loaded 2 times (x 69B)
Class dagger.internal.codegen.validation.BindingElementValidator$ElementValidator     : loaded 2 times (x 75B)
Class com.squareup.javapoet.FieldSpec                                                 : loaded 2 times (x 70B)
Class dagger.spi.internal.shaded.androidx.room.compiler.processing.javac.JavacConstructorElement: loaded 2 times (x 252B)
Class dagger.hilt.processor.internal.root.RootType                                    : loaded 2 times (x 77B)
Class com.squareup.javapoet.LineWrapper$FlushType                                     : loaded 2 times (x 77B)
Class kotlin.sequences.TransformingSequence                                           : loaded 2 times (x 73B)
Class kotlin.metadata.internal.extensions.KmClassExtension                            : loaded 2 times (x 68B)
Class kotlin.metadata.internal.metadata.jvm.JvmProtoBuf$JvmPropertySignature$1        : loaded 2 times (x 142B)
Class com.intellij.util.ThrowableConsumer                                             : loaded 2 times (x 68B)
Class dagger.spi.internal.shaded.androidx.room.compiler.processing.XEquality          : loaded 2 times (x 68B)
Class dagger.spi.internal.shaded.androidx.room.compiler.processing.javac.JavacProcessingEnv$Companion: loaded 2 times (x 69B)
Class org.gradle.accessors.dm.LibrariesForLibs$KotlinxLibraryAccessors                : loaded 2 times (x 77B)
Class org.jetbrains.kotlin.statistics.metrics.StatisticsValuesConsumer$DefaultImpls   : loaded 2 times (x 69B)
Class com.android.builder.model.v2.ide.AaptOptions                                    : loaded 2 times (x 68B)
Class [Lcom.android.builder.model.v2.ide.BytecodeTransformation;                      : loaded 2 times (x 67B)
Class com.google.common.collect.HashBiMap                                             : loaded 2 times (x 141B)
Class [Lorg.jetbrains.kotlin.gradle.plugin.mpp.KotlinUsageContext$MavenScope;         : loaded 2 times (x 67B)
Class org.jetbrains.kotlin.gradle.plugin.mpp.compilationImpl.factory.DefaultKotlinCompilationSourceSetsContainerFactory$DefaultDefaultSourceSetNaming: loaded 2 times (x 72B)
Class org.jetbrains.kotlin.gradle.plugin.KotlinJvmPlugin$apply$target$1               : loaded 2 times (x 77B)
Class org.jetbrains.kotlin.gradle.tasks.configuration.BaseKotlinCompileConfig$configureCommonParameters$2: loaded 2 times (x 73B)
Class org.jetbrains.kotlin.gradle.plugin.mpp.compilationImpl.KotlinCompilationCompilerOptionsFromTargetConfigurator: loaded 2 times (x 72B)
Class com.google.common.base.Strings                                                  : loaded 2 times (x 69B)
Class com.android.ide.common.gradle.Version$Companion                                 : loaded 2 times (x 69B)
Class org.jetbrains.kotlin.gradle.plugin.internal.IdeaPropertiesValueSource           : loaded 2 times (x 76B)
Class org.jetbrains.kotlin.gradle.utils.FailuresKt$ideaSyncClasspathModeUtil$1        : loaded 2 times (x 70B)
Class org.jetbrains.kotlin.gradle.plugin.diagnostics.KotlinToolingDiagnosticsCollector$Inject: loaded 2 times (x 94B)
Class org.jetbrains.kotlin.gradle.artifacts.KotlinJsKlibArtifactKt                    : loaded 2 times (x 69B)
Class org.jetbrains.kotlin.gradle.dsl.KotlinTargetContainerWithWasmPresetFunctions    : loaded 2 times (x 68B)
Class org.jetbrains.kotlin.gradle.plugin.GradleUtilsKt                                : loaded 2 times (x 69B)
Class org.jetbrains.kotlin.gradle.internal.properties.PropertiesBuildService          : loaded 2 times (x 74B)
Class org.objectweb.asm.Handler                                                       : loaded 2 times (x 70B)
Class com.amazon.ion.impl.bin.AbstractIonWriter$WriteValueOptimization                : loaded 2 times (x 77B)
Class dagger.spi.internal.shaded.androidx.room.compiler.codegen.XMemberName           : loaded 2 times (x 70B)
Class org.objectweb.asm.ClassVisitor                                                  : loaded 2 times (x 86B)
Class dagger.internal.codegen.componentgenerator.CurrentImplementationSubcomponent_ChildComponentImplementationFactoryModule_ProvideChildComponentImplementationFactoryFactory: loaded 2 times (x 80B)
Class dagger.internal.codegen.writing.DelegatingFrameworkInstanceCreationExpression_Factory: loaded 2 times (x 70B)
Class dagger.internal.codegen.writing.DirectInstanceBindingRepresentation_Factory     : loaded 2 times (x 70B)
Class [Lorg.objectweb.asm.Symbol;                                                     : loaded 2 times (x 67B)
Class com.android.utils.FileUtils                                                     : loaded 2 times (x 69B)
Class org.jetbrains.kotlin.gradle.dsl.KotlinProjectExtension                          : loaded 2 times (x 96B)
Class com.google.common.graph.AbstractNetwork                                         : loaded 2 times (x 137B)
Class org.jetbrains.kotlin.gradle.plugin.VariantImplementationFactories$Companion$getProvider$1: loaded 2 times (x 73B)
Class dagger.spi.internal.shaded.com.google.auto.common.AnnotationOutput$1            : loaded 2 times (x 105B)
Class dagger.internal.codegen.validation.DependencyRequestValidator$Validator         : loaded 2 times (x 70B)
Class dagger.internal.codegen.processingstep.MapKeyProcessingStep                     : loaded 2 times (x 84B)
Class dagger.hilt.processor.internal.root.RootGenerator                               : loaded 2 times (x 70B)
Class org.jetbrains.kotlin.gradle.internal.properties.PropertiesBuildService$BooleanGradleProperty: loaded 2 times (x 74B)
Class org.jetbrains.kotlin.gradle.plugin.statistics.KotlinBuildStatsBeanService$Companion$initStatsService$1: loaded 2 times (x 77B)
Class com.google.common.graph.AbstractGraph                                           : loaded 2 times (x 133B)
Class dagger.internal.codegen.extension.DaggerCollectors$ToOptionalState              : loaded 2 times (x 70B)
Class kotlin.metadata.Attributes$isNullCheckPredicate$2                               : loaded 2 times (x 135B)
Class kotlin.metadata.internal.metadata.deserialization.ProtoBufUtilKt                : loaded 2 times (x 69B)
Class dagger.spi.internal.shaded.androidx.room.compiler.processing.javac.kotlin.KmFunctionContainer: loaded 2 times (x 68B)
Class dagger.spi.internal.shaded.androidx.room.compiler.processing.XMethodElement     : loaded 2 times (x 68B)
Class org.jetbrains.kotlin.statistics.metrics.StringOverridePolicy$OVERRIDE_VERSION_IF_NOT_SET: loaded 2 times (x 83B)
Class kotlin.reflect.jvm.internal.KCallableImpl$_typeParameters$1                     : loaded 2 times (x 77B)
Class kotlin.reflect.jvm.internal.pcollections.MapEntry                               : loaded 2 times (x 70B)
Class org.jetbrains.kotlin.gradle.plugin.KotlinGradlePluginExtensionPointInternal     : loaded 2 times (x 74B)
Class org.jetbrains.kotlin.gradle.plugin.KotlinTargetComponent                        : loaded 2 times (x 68B)
Class dagger.spi.internal.shaded.androidx.room.compiler.processing.util.MemoizedSequence: loaded 2 times (x 73B)
Class org.jetbrains.kotlin.gradle.tasks.KotlinCompile$javaSources$1                   : loaded 2 times (x 73B)
Class org.jetbrains.kotlin.incremental.IncrementalCompilationFeatures                 : loaded 2 times (x 69B)
Class org.jetbrains.kotlin.gradle.plugin.KotlinJvmPlugin$apply$target$2               : loaded 2 times (x 76B)
Class org.jetbrains.kotlin.gradle.plugin.KotlinTarget$DefaultImpls                    : loaded 2 times (x 69B)
Class org.jetbrains.kotlin.gradle.plugin.internal.IdeaPropertiesValueSource$Inject    : loaded 2 times (x 107B)
Class org.jetbrains.kotlin.gradle.plugin.diagnostics.KotlinToolingDiagnosticsCollector: loaded 2 times (x 74B)
Class org.jetbrains.kotlin.gradle.plugin.mpp.compilationImpl.KotlinCreateCompilationArchiveTaskKt: loaded 2 times (x 69B)
Class org.jetbrains.kotlin.tooling.core.MutableExtrasImpl                             : loaded 2 times (x 163B)
Class org.jetbrains.kotlin.gradle.plugin.statistics.KotlinBuildStatsMXBean            : loaded 2 times (x 68B)
Class org.jetbrains.kotlin.gradle.utils.FileUtilsKt                                   : loaded 2 times (x 69B)
Class com.android.builder.model.v2.models.ndk.NativeModelBuilderParameter             : loaded 2 times (x 68B)
Class com.amazon.ion.impl.bin.BlockAllocatorProvider                                  : loaded 2 times (x 70B)
Class org.jetbrains.plugins.gradle.tooling.serialization.internal.IdeaProjectSerializationService$WriteContext: loaded 2 times (x 70B)
Class com.intellij.gradle.toolingExtension.impl.model.sourceSetDependencyModel.GradleSourceSetDependencySerialisationService: loaded 2 times (x 75B)
Class org.jetbrains.plugins.gradle.model.GradleSourceSetModel                         : loaded 2 times (x 68B)
Class kotlin.KotlinNothingValueException                                              : loaded 2 times (x 80B)
Class org.gradle.internal.classpath.DefaultClassPath$ImmutableUniqueList$Builder      : loaded 2 times (x 73B)
Class com.google.common.collect.LinkedListMultimap$ValueForKeyIterator                : loaded 2 times (x 97B)
Class dagger.internal.codegen.writing.SwitchingProviderInstanceSupplier               : loaded 2 times (x 73B)
Class dagger.internal.codegen.writing.ImmediateFutureRequestRepresentation            : loaded 2 times (x 72B)
Class dagger.internal.codegen.writing.RequestRepresentation                           : loaded 2 times (x 71B)
Class com.squareup.kotlinpoet.PropertySpec$Companion                                  : loaded 2 times (x 69B)
Class dagger.internal.codegen.writing.SimpleMethodRequestRepresentation_Factory       : loaded 2 times (x 70B)
Class org.jetbrains.kotlin.gradle.dsl.KotlinCommonCompilerToolOptionsHelper           : loaded 2 times (x 69B)
Class org.jetbrains.kotlin.gradle.plugin.KotlinPluginLifecycleImpl$WhenMappings       : loaded 2 times (x 69B)
Class kotlin.metadata.internal.metadata.jvm.JvmProtoBuf$JvmPropertySignature$Builder  : loaded 2 times (x 139B)
Class dagger.spi.internal.shaded.androidx.room.compiler.codegen.XFunSpec              : loaded 2 times (x 68B)
Class dagger.internal.codegen.model.BindingGraph                                      : loaded 2 times (x 92B)
Class dagger.internal.codegen.binding.MembersInjectionBinding                         : loaded 2 times (x 81B)
Class dagger.hilt.android.processor.internal.androidentrypoint.Generators             : loaded 2 times (x 69B)
Class org.jetbrains.kotlin.gradle.plugin.diagnostics.checkers.DeprecatedKotlinNativeTargetsChecker$runChecks$1: loaded 2 times (x 86B)
Class kotlin.metadata.Attributes$visibility$18                                        : loaded 2 times (x 135B)
Class org.jetbrains.kotlin.gradle.plugin.KotlinPluginLifecycleImplKt                  : loaded 2 times (x 69B)
Class kotlin.reflect.jvm.internal.KProperty1Impl$_getter$1                            : loaded 2 times (x 77B)
Class org.jetbrains.kotlin.gradle.targets.js.dsl.KotlinJsTargetDsl                    : loaded 2 times (x 68B)
Class dagger.spi.internal.shaded.com.google.auto.common.MoreTypes$TypeEquivalence     : loaded 2 times (x 80B)
Class org.jetbrains.kotlin.konan.target.KonanTarget$WATCHOS_ARM32                     : loaded 2 times (x 76B)
Class dagger.internal.codegen.DelegateComponentProcessor                              : loaded 2 times (x 70B)
Class dagger.hilt.processor.internal.root.ComponentTreeDepsProcessingStep             : loaded 2 times (x 84B)
Class org.jetbrains.kotlin.gradle.plugin.mpp.compilationImpl.factory.KotlinCompilationDependencyConfigurationsFactoriesKt$KotlinCompilationDependencyConfigurationsContainer$1: loaded 2 times (x 76B)
Class org.jetbrains.kotlin.gradle.internal.ClassLoadersCachingBuildService$Companion$registerIfAbsent$1$1: loaded 2 times (x 77B)
Class org.jetbrains.kotlin.gradle.plugin.mpp.KotlinCompilationFactory$DefaultImpls    : loaded 2 times (x 69B)
Class org.jetbrains.kotlin.gradle.plugin.KotlinProjectSetupActionKt$KotlinProjectSetupCoroutine$1$1: loaded 2 times (x 93B)
Class org.jetbrains.kotlin.gradle.plugin.diagnostics.checkers.InternalGradlePropertiesUsageChecker: loaded 2 times (x 72B)
Class org.jetbrains.kotlin.gradle.plugin.mpp.compilationImpl.CreateCInteropTasksSideEffectKt: loaded 2 times (x 69B)
Class org.jetbrains.kotlin.gradle.targets.metadata.KotlinMetadataTargetConfiguratorKt : loaded 2 times (x 69B)
Class org.jetbrains.kotlin.gradle.testing.internal.KotlinTestsRegistry$Companion      : loaded 2 times (x 69B)
Class org.jetbrains.kotlin.gradle.dsl.KotlinCommonCompilerToolOptions                 : loaded 2 times (x 68B)
Class org.jetbrains.kotlin.gradle.internal.properties.PropertiesBuildService$Companion$registerIfAbsent$1: loaded 2 times (x 73B)
Class org.jetbrains.kotlin.gradle.plugin.internal.DefaultConfigurationCacheStartParameterAccessorVariantFactory: loaded 2 times (x 74B)
Class org.gradle.accessors.dm.LibrariesForLibs$KotlinxPluginAccessors                 : loaded 2 times (x 72B)
Class com.amazon.ion.impl.lite.IonSequenceLite                                        : loaded 2 times (x 430B)
Class com.amazon.ion.impl._Private_Utils$1                                            : loaded 2 times (x 87B)
Class com.amazon.ion.impl.SymbolTableAsStruct                                         : loaded 2 times (x 68B)
Class com.android.ide.gradle.model.dependencies.Coordinates                           : loaded 2 times (x 68B)
Class org.gradle.tooling.internal.adapter.WeakIdentityHashMap$AbsentValueProvider     : loaded 2 times (x 68B)
Class dagger.internal.codegen.writing.BindingRepresentations                          : loaded 2 times (x 69B)
Class dagger.internal.codegen.writing.ComponentImplementation$MethodSpecKind          : loaded 2 times (x 77B)
Class [Ldagger.spi.internal.shaded.androidx.room.compiler.codegen.XParameterSpec$Builder;: loaded 2 times (x 67B)
Class dagger.internal.codegen.xprocessing.XParameterSpecs$Builder                     : loaded 2 times (x 77B)
Class dagger.internal.codegen.writing.MembersInjectionRequestRepresentation_Factory   : loaded 2 times (x 70B)
Class dagger.spi.model.BindingGraph$SubcomponentCreatorBindingEdge                    : loaded 2 times (x 68B)
Class org.jetbrains.kotlin.gradle.plugin.mpp.compilationImpl.factory.KotlinCompilationImplFactory$PreConfigure: loaded 2 times (x 68B)
Class com.google.common.graph.MutableNetwork                                          : loaded 2 times (x 68B)
Class kotlin.metadata.KmClassifier$TypeAlias                                          : loaded 2 times (x 70B)
Class dagger.internal.codegen.binding.ComponentDescriptor                             : loaded 2 times (x 93B)
Class dagger.internal.codegen.processingstep.MultibindingAnnotationsProcessingStep_Factory: loaded 2 times (x 80B)
Class dagger.internal.codegen.writing.AnnotationCreatorGenerator_Factory              : loaded 2 times (x 80B)
Class [Ldagger.internal.codegen.compileroption.ValidationType;                        : loaded 2 times (x 67B)
Class dagger.internal.codegen.base.ElementFormatter_Factory$InstanceHolder            : loaded 2 times (x 69B)
Class dagger.spi.internal.shaded.androidx.room.compiler.processing.KClassExtKt        : loaded 2 times (x 69B)
Class org.jetbrains.kotlin.gradle.tasks.configuration.AbstractKotlinCompileConfig$2   : loaded 2 times (x 77B)
Class dagger.spi.internal.shaded.com.google.auto.common.MoreTypes$ArrayTypeVisitor    : loaded 2 times (x 100B)
Class org.jetbrains.kotlin.gradle.internal.transforms.BuildToolsApiClasspathEntrySnapshotTransform: loaded 2 times (x 80B)
Class [Ldagger.hilt.android.processor.internal.androidentrypoint.AndroidEntryPointMetadata$AndroidType;: loaded 2 times (x 67B)
Class kotlin.metadata.Attributes$hasAnnotations$22                                    : loaded 2 times (x 135B)
Class kotlin.metadata.internal.metadata.jvm.deserialization.JvmNameResolverKt         : loaded 2 times (x 69B)
Class kotlin.metadata.internal.metadata.ProtoBuf$ConstructorOrBuilder                 : loaded 2 times (x 68B)
Class com.squareup.javapoet.TypeName$1                                                : loaded 2 times (x 107B)
Class org.jetbrains.kotlin.gradle.plugin.mpp.KotlinWithJavaCompilationFactory         : loaded 2 times (x 79B)
Class dagger.spi.internal.shaded.androidx.room.compiler.processing.javac.JavacProcessingEnv$WhenMappings: loaded 2 times (x 69B)
Class org.jetbrains.kotlin.gradle.plugin.Kotlin2JvmSourceSetProcessor$doTargetSpecificProcessing$1: loaded 2 times (x 77B)
Class org.jetbrains.kotlin.gradle.tasks.CacheableTasksKt$cacheOnlyIfEnabledForKotlin$1: loaded 2 times (x 73B)
Class org.jetbrains.kotlin.gradle.tasks.AbstractKotlinCompile$compilerRunner$1        : loaded 2 times (x 73B)
Class kotlin.reflect.jvm.internal.KClassImpl$Data$typeParameters$2                    : loaded 2 times (x 77B)
Class org.jetbrains.kotlin.config.ExplicitApiMode$Companion                           : loaded 2 times (x 69B)
Class kotlin.reflect.jvm.internal.ReflectProperties$LazyVal                           : loaded 2 times (x 73B)
Class com.android.builder.model.v2.ide.AaptOptions$Namespacing                        : loaded 2 times (x 77B)
Class org.jetbrains.kotlin.statistics.AnonymizerUtilsKt$salt$2                        : loaded 2 times (x 76B)
Class org.jetbrains.kotlin.gradle.plugin.sources.SourceSetsVisibilityInferenceKt      : loaded 2 times (x 69B)
Class org.jetbrains.kotlin.gradle.tasks.AbstractKotlinCompile$kotlinLogger$2          : loaded 2 times (x 77B)
Class org.jetbrains.kotlin.build.report.metrics.BuildPerformanceMetrics$Companion     : loaded 2 times (x 69B)
Class org.jetbrains.kotlin.cli.common.arguments.K2JVMCompilerArguments                : loaded 2 times (x 79B)
Class org.jetbrains.kotlin.gradle.plugin.Kotlin2JvmSourceSetProcessor$doRegisterTask$1$1: loaded 2 times (x 77B)
Class org.jetbrains.kotlin.gradle.plugin.KotlinCompilationProcessor                   : loaded 2 times (x 72B)
Class org.jetbrains.kotlin.config.LanguageVersion                                     : loaded 2 times (x 89B)
Class org.jetbrains.kotlin.gradle.plugin.mpp.compilationImpl.DefaultKotlinCompilationSourceSetsContainer$source$1: loaded 2 times (x 77B)
Class org.jetbrains.kotlin.gradle.internal.KotlinTestDependencyManagementKt           : loaded 2 times (x 69B)
Class org.jetbrains.kotlin.konan.target.KonanTarget$ANDROID_X64                       : loaded 2 times (x 76B)
Class [Lorg.jetbrains.kotlin.gradle.plugin.sources.ConsistencyCheck;                  : loaded 2 times (x 67B)
Class org.jetbrains.kotlin.gradle.report.ReportingSettings                            : loaded 2 times (x 70B)
Class org.jetbrains.kotlin.statistics.metrics.StringAnonymizationPolicy$ComponentVersionAnonymizer: loaded 2 times (x 76B)
Class org.jetbrains.kotlin.gradle.plugin.internal.BasePluginConfiguration$BasePluginConfigurationVariantFactory: loaded 2 times (x 68B)
Class org.jetbrains.kotlin.gradle.plugin.KotlinBasePluginWrapper                      : loaded 2 times (x 85B)
Class com.amazon.ion.impl.bin.AbstractIonWriter                                       : loaded 2 times (x 159B)
Class org.jetbrains.plugins.gradle.tooling.util.ObjectCollector$Processor             : loaded 2 times (x 68B)
Class com.google.common.reflect.TypeCapture                                           : loaded 2 times (x 69B)
Class org.gradle.internal.exceptions.NonGradleCauseExceptionsHolder                   : loaded 2 times (x 68B)
Class org.gradle.tooling.model.idea.IdeaModuleDependency                              : loaded 2 times (x 68B)
Class org.gradle.tooling.internal.adapter.ViewBuilder                                 : loaded 2 times (x 68B)
Class dagger.internal.codegen.writing.UnscopedFrameworkInstanceCreationExpressionFactory$1: loaded 2 times (x 69B)
Class com.squareup.javapoet.TypeName$2                                                : loaded 2 times (x 69B)
Class dagger.spi.internal.shaded.androidx.room.compiler.codegen.XCodeBlock$Companion  : loaded 2 times (x 69B)
Class dagger.internal.codegen.xprocessing.XTypeSpecs$Builder$Kind                     : loaded 2 times (x 77B)
Class dagger.internal.codegen.validation.SpiModelBindingGraphConverter$BindingGraphImpl: loaded 2 times (x 94B)
Class dagger.spi.internal.shaded.androidx.room.compiler.processing.javac.JavacTypeElement: loaded 2 times (x 296B)
Class dagger.internal.codegen.binding.Binding                                         : loaded 2 times (x 79B)
Class dagger.internal.codegen.binding.OptionalBindingDeclaration_Factory_Factory      : loaded 2 times (x 80B)
Class kotlin.metadata.internal.metadata.ProtoBuf$VersionRequirement$VersionKind       : loaded 2 times (x 80B)
Class com.google.common.graph.IncidentEdgeSet                                         : loaded 2 times (x 134B)
Class [Lcom.google.common.graph.Traverser$InsertionOrder;                             : loaded 2 times (x 67B)
Class com.squareup.kotlinpoet.TagMap                                                  : loaded 2 times (x 75B)
Class kotlin.metadata.KmValueParameter                                                : loaded 2 times (x 70B)
Class kotlin.metadata.internal.protobuf.ByteString$Output                             : loaded 2 times (x 84B)
Class kotlin.metadata.internal.protobuf.LiteralByteString                             : loaded 2 times (x 110B)
Class com.google.common.collect.CompactHashing                                        : loaded 2 times (x 69B)
Class dagger.internal.codegen.binding.ErrorMessages$ComponentCreatorMessages          : loaded 2 times (x 79B)
Class kotlin.metadata.KmClassifier$TypeParameter                                      : loaded 2 times (x 69B)
Class dagger.spi.model.AutoValue_Scope                                                : loaded 2 times (x 71B)
Class dagger.hilt.processor.internal.originatingelement.OriginatingElementProcessor   : loaded 2 times (x 98B)
Class org.jetbrains.org.objectweb.asm.SymbolTable$Entry                               : loaded 2 times (x 72B)
Class org.apache.commons.io.StandardLineSeparator                                     : loaded 2 times (x 77B)
Class org.jetbrains.kotlin.gradle.plugin.statistics.NonSynchronizedMetricsContainer$MetricDescriptor: loaded 2 times (x 73B)
Class com.android.builder.model.v2.ide.AndroidLibraryData                             : loaded 2 times (x 68B)
Class com.android.builder.model.v2.ide.ApiVersion                                     : loaded 2 times (x 68B)
Class org.jetbrains.kotlin.gradle.plugin.mpp.compilationImpl.factory.KotlinCompilationImplFactoryKt: loaded 2 times (x 69B)
Class com.android.ide.common.gradle.Version                                           : loaded 2 times (x 73B)
Class org.jetbrains.kotlin.gradle.plugin.diagnostics.KotlinToolingDiagnostics$JsEnvironmentNotChosenExplicitly: loaded 2 times (x 71B)
Class org.jetbrains.kotlin.gradle.targets.native.internal.SetupKotlinNativePlatformDependenciesAndStdlibKt$special$$inlined$KotlinCompilationSideEffectCoroutine$1: loaded 2 times (x 72B)
Class org.jetbrains.kotlin.gradle.plugin.ProjectLocalConfigurations$ProjectLocalCompatibility: loaded 2 times (x 74B)
Class org.jetbrains.kotlin.gradle.dsl.KotlinJvmCompilerOptions                        : loaded 2 times (x 68B)
Class org.jetbrains.kotlin.gradle.plugin.internal.DefaultProjectIsolationStartParameterAccessor$Factory: loaded 2 times (x 74B)
Class org.gradle.accessors.dm.RootProjectAccessor_Decorated                           : loaded 2 times (x 122B)
Class com.amazon.ion.system.IonReaderBuilder                                          : loaded 2 times (x 91B)
Class org.jetbrains.plugins.gradle.model.AnnotationProcessingConfig                   : loaded 2 times (x 68B)
Class com.amazon.ion.IonReader                                                        : loaded 2 times (x 68B)
Class com.google.common.collect.Lists$OnePlusArrayList                                : loaded 2 times (x 197B)
Class dagger.internal.codegen.writing.ComponentRequirementExpressions$ComponentParameterField: loaded 2 times (x 79B)
Class dagger.internal.codegen.writing.ComponentProvisionRequestRepresentation_Factory : loaded 2 times (x 70B)
Class dagger.internal.codegen.writing.MembersInjectionBindingRepresentation_Factory   : loaded 2 times (x 70B)
Class dagger.internal.codegen.validation.AutoValue_SpiModelBindingGraphConverter_DaggerExecutableElementImpl: loaded 2 times (x 74B)
Class dagger.spi.model.DependencyRequest                                              : loaded 2 times (x 73B)
Class dagger.internal.codegen.binding.$AutoValue_SubcomponentCreatorBinding$Builder   : loaded 2 times (x 91B)
Class dagger.internal.codegen.writing.PrivateMethodRequestRepresentation$Factory      : loaded 2 times (x 68B)
Class dagger.internal.codegen.model.DaggerType                                        : loaded 2 times (x 72B)
Class dagger.internal.codegen.validation.DiagnosticReporterFactory                    : loaded 2 times (x 70B)
Class dagger.internal.codegen.binding.LegacyBindingGraphConverter                     : loaded 2 times (x 69B)
Class dagger.internal.codegen.compileroption.ProcessingEnvironmentCompilerOptions     : loaded 2 times (x 93B)
Class dagger.hilt.android.processor.internal.androidentrypoint.ApplicationGenerator   : loaded 2 times (x 70B)
Class dagger.hilt.processor.internal.root.RootMetadata                                : loaded 2 times (x 70B)
Class dagger.hilt.processor.internal.definecomponent.AutoValue_DefineComponentBuilderMetadatas_DefineComponentBuilderMetadata: loaded 2 times (x 73B)
Class kotlin.metadata.KmClassifier                                                    : loaded 2 times (x 69B)
Class kotlin.metadata.internal.protobuf.ByteString$ByteIterator                       : loaded 2 times (x 68B)
Class dagger.internal.codegen.writing.DelegateRequestRepresentation_Factory           : loaded 2 times (x 70B)
Class dagger.internal.codegen.writing.MapRequestRepresentation$Factory                : loaded 2 times (x 68B)
Class kotlin.reflect.jvm.internal.KPropertyImpl$_descriptor$1                         : loaded 2 times (x 77B)
Class dagger.internal.codegen.writing.SetFactoryCreationExpression_Factory            : loaded 2 times (x 70B)
Class dagger.spi.internal.shaded.androidx.room.compiler.codegen.XTypeName             : loaded 2 times (x 73B)
Class dagger.spi.internal.shaded.androidx.room.compiler.codegen.impl.XFunSpecImpl     : loaded 2 times (x 76B)
Class dagger.internal.codegen.writing.MemberSelect                                    : loaded 2 times (x 73B)
Class dagger.hilt.processor.internal.generatesrootinput.GeneratesRootInputProcessingStep: loaded 2 times (x 84B)
Class org.gradle.tooling.internal.adapter.TargetTypeProvider                          : loaded 2 times (x 68B)
Class [Lcom.google.common.io.FileWriteMode;                                           : loaded 2 times (x 67B)
Class org.jetbrains.kotlin.gradle.tasks.CompilerPluginOptionsKt                       : loaded 2 times (x 69B)
Class com.android.builder.model.v2.models.Versions$Version                            : loaded 2 times (x 68B)
Class org.jetbrains.kotlin.buildtools.api.SourcesChanges                              : loaded 2 times (x 68B)
Class org.jetbrains.kotlin.konan.target.HostManager$Companion$targetAliases$2         : loaded 2 times (x 76B)
Class org.jetbrains.kotlin.gradle.plugin.KotlinPluginLifecycleImpl$launch$1           : loaded 2 times (x 77B)
Class org.jetbrains.kotlin.gradle.utils.Completable                                   : loaded 2 times (x 70B)
Class org.jetbrains.kotlin.gradle.plugin.DefaultKotlinBasePlugin$addKotlinCompilerConfiguration$2$1: loaded 2 times (x 73B)
Class org.jetbrains.kotlin.gradle.plugin.statistics.KotlinBuildStatsServicesRegistry$Companion: loaded 2 times (x 69B)
Class org.jetbrains.kotlin.gradle.targets.js.nodejs.DefaultUnameExecutorVariantFactory: loaded 2 times (x 74B)
Class org.jetbrains.kotlin.gradle.plugin.internal.DefaultCompatibilityConventionRegistrar$Factory: loaded 2 times (x 74B)
Class com.amazon.ion.IonClob                                                          : loaded 2 times (x 68B)
Class org.jetbrains.plugins.gradle.tooling.ModelBuilderService$Parameter              : loaded 2 times (x 68B)
Class dagger.spi.internal.shaded.androidx.room.compiler.codegen.kotlin.KotlinCodeBlock: loaded 2 times (x 74B)
Class dagger.spi.internal.shaded.androidx.room.compiler.codegen.impl.XCodeBlockImpl   : loaded 2 times (x 75B)
Class dagger.internal.codegen.writing.ComponentInstanceRequestRepresentation$Factory  : loaded 2 times (x 68B)
Class kotlin.ranges.IntProgression$Companion                                          : loaded 2 times (x 69B)
Class org.jetbrains.plugins.gradle.model.AnnotationProcessingModel                    : loaded 2 times (x 68B)
Class dagger.internal.codegen.binding.InjectionBinding$Builder                        : loaded 2 times (x 78B)
Class dagger.spi.internal.shaded.androidx.room.compiler.processing.DeclarationCollectorKt$collectAllMethods$1: loaded 2 times (x 93B)
Class dagger.internal.codegen.binding.DelegateBinding$Builder                         : loaded 2 times (x 80B)
Class [Ldagger.internal.codegen.model.RequestKind;                                    : loaded 2 times (x 67B)
Class dagger.internal.codegen.validation.BindsMethodValidator$Validator               : loaded 2 times (x 78B)
Class dagger.internal.codegen.bindinggraphvalidation.CompositeBindingGraphPlugin_Factory: loaded 2 times (x 70B)
Class dagger.internal.codegen.validation.MembersInjectionValidator_Factory            : loaded 2 times (x 80B)
Class dagger.hilt.processor.internal.definecomponent.DefineComponentMetadatas         : loaded 2 times (x 70B)
Class dagger.internal.Preconditions                                                   : loaded 2 times (x 69B)
Class [Lkotlin.metadata.internal.metadata.ProtoBuf$Modality;                          : loaded 2 times (x 67B)
Class kotlin.metadata.jvm.internal.JvmTypeExtension$Companion                         : loaded 2 times (x 69B)
Class kotlin.metadata.internal.metadata.jvm.JvmProtoBuf$StringTableTypes$1            : loaded 2 times (x 142B)
Class kotlin.metadata.internal.protobuf.ExtensionRegistryLite                         : loaded 2 times (x 72B)
Class kotlin.metadata.internal.metadata.deserialization.MetadataVersion               : loaded 2 times (x 72B)
Class org.jetbrains.plugins.gradle.model.GradleExtensions                             : loaded 2 times (x 68B)
Class com.amazon.ion.system.IonBinaryWriterBuilder                                    : loaded 2 times (x 97B)
Class com.amazon.ion.impl.bin.IonManagedBinaryWriter$UserState$4                      : loaded 2 times (x 83B)
Class org.jetbrains.plugins.gradle.model.UnresolvedExternalDependency                 : loaded 2 times (x 68B)
Class dagger.hilt.processor.internal.earlyentrypoint.EarlyEntryPointProcessor         : loaded 2 times (x 98B)
Class [Lorg.jetbrains.org.objectweb.asm.Symbol;                                       : loaded 2 times (x 67B)
Class com.google.common.io.Files                                                      : loaded 2 times (x 69B)
Class org.jetbrains.kotlin.gradle.plugin.ide.IdeCompilerArgumentsResolver             : loaded 2 times (x 68B)
Class org.jetbrains.kotlin.gradle.tasks.DefaultKotlinJavaToolchain$DefaultJdkSetter   : loaded 2 times (x 74B)
Class org.jetbrains.kotlin.cli.common.arguments.CommonCompilerArguments               : loaded 2 times (x 78B)
Class com.google.common.cache.LocalCache$WriteThroughEntry                            : loaded 2 times (x 77B)
Class com.google.common.cache.LocalCache$HashIterator                                 : loaded 2 times (x 84B)
Class org.jetbrains.kotlin.gradle.plugin.mpp.KotlinWithJavaTarget_Decorated           : loaded 2 times (x 219B)
Class org.jetbrains.kotlin.gradle.plugin.diagnostics.checkers.IncorrectCompileOnlyDependenciesChecker$runChecks$1: loaded 2 times (x 86B)
Class org.jetbrains.kotlin.gradle.plugin.mpp.KotlinOnlyTarget                         : loaded 2 times (x 155B)
Class org.jetbrains.kotlin.gradle.targets.js.npm.BaseNpmDependencyExtension           : loaded 2 times (x 68B)
Class org.jetbrains.kotlin.gradle.dsl.KotlinVersion$Companion                         : loaded 2 times (x 69B)
Class org.jetbrains.kotlin.gradle.InternalKotlinGradlePluginApi                       : loaded 2 times (x 68B)
Class org.jetbrains.kotlin.gradle.dsl.DefaultToolchainSupport                         : loaded 2 times (x 74B)
Class org.jetbrains.kotlin.gradle.plugin.internal.CustomPropertiesFileValueSource     : loaded 2 times (x 80B)
Class org.gradle.accessors.dm.LibrariesForLibs$AndroidPluginAccessors                 : loaded 2 times (x 73B)
Class com.amazon.ion.impl.lite.IonLobLite                                             : loaded 2 times (x 182B)
Class com.amazon.ion.impl.lite.IonTextLite                                            : loaded 2 times (x 179B)
Class com.amazon.ion.IonNumber                                                        : loaded 2 times (x 68B)
Class org.gradle.internal.impldep.gnu.trove.TObjectIntProcedure                       : loaded 2 times (x 68B)
Class org.gradle.tooling.internal.adapter.ProtocolToModelAdapter$ReflectionMethodInvoker: loaded 2 times (x 74B)
Class dagger.internal.codegen.writing.InjectionMethods$ProvisionMethod                : loaded 2 times (x 69B)
Class dagger.spi.internal.shaded.androidx.room.compiler.codegen.XName                 : loaded 2 times (x 70B)
Class dagger.spi.internal.shaded.androidx.room.compiler.codegen.java.JavaAnnotationSpec$Builder: loaded 2 times (x 76B)
Class org.gradle.accessors.dm.LibrariesForLibs$JavaxLibraryAccessors                  : loaded 2 times (x 75B)
Class org.jetbrains.kotlin.gradle.plugin.internal.DefaultMppTestReportHelperVariantFactory: loaded 2 times (x 74B)
Class kotlin.metadata.jvm.internal.JvmPropertyExtension$Companion                     : loaded 2 times (x 69B)
Class org.jetbrains.kotlin.gradle.plugin.internal.AttributesConfigurationHelper       : loaded 2 times (x 68B)
Class org.jetbrains.kotlin.gradle.internal.properties.PropertiesBuildService$IntGradleProperty: loaded 2 times (x 74B)
Class dagger.spi.internal.shaded.androidx.room.compiler.processing.XProcessingEnv$WhenMappings: loaded 2 times (x 69B)
Class org.jetbrains.kotlin.gradle.plugin.mpp.KotlinUsages$KotlinMetadataDisambiguation: loaded 2 times (x 74B)
Class dagger.internal.codegen.validation.MembersInjectionValidator                    : loaded 2 times (x 70B)
Class dagger.internal.codegen.binding.KeyFactory_Factory                              : loaded 2 times (x 80B)
Class dagger.hilt.processor.internal.uninstallmodules.AutoValue_AggregatedUninstallModulesMetadata: loaded 2 times (x 73B)
Class [Lcom.google.common.graph.ElementOrder$Type;                                    : loaded 2 times (x 67B)
Class dagger.hilt.processor.internal.AutoValue_ComponentDescriptor                    : loaded 2 times (x 75B)
Class dagger.hilt.processor.internal.ComponentNames                                   : loaded 2 times (x 70B)
Class kotlin.metadata.Attributes$hasAnnotations$26                                    : loaded 2 times (x 135B)
Class org.jetbrains.kotlin.gradle.plugin.mpp.compilationImpl.KotlinCompilationSideEffect$Companion: loaded 2 times (x 69B)
Class org.jetbrains.kotlin.gradle.artifacts.KotlinLegacyMetadataArtifactKt$KotlinLegacyMetadataArtifact$1: loaded 2 times (x 72B)
Class org.jetbrains.kotlin.gradle.artifacts.KotlinNativeHostSpecificMetadataArtifactKt$KotlinNativeHostSpecificMetadataArtifact$1: loaded 2 times (x 72B)
Class dagger.spi.internal.shaded.com.google.auto.common.Overrides$NativeOverrides     : loaded 2 times (x 72B)
Class com.squareup.javapoet.Util                                                      : loaded 2 times (x 69B)
Class org.jetbrains.kotlin.konan.target.KonanTarget$ANDROID_ARM64                     : loaded 2 times (x 76B)
Class org.jetbrains.kotlin.gradle.plugin.mpp.compilationImpl.KotlinCompilationFriendPathsResolver: loaded 2 times (x 68B)
Class org.jetbrains.kotlin.gradle.tasks.configuration.AbstractKotlinCompileConfig$1   : loaded 2 times (x 77B)
Class com.google.common.reflect.Types$NativeTypeVariableEquals                        : loaded 2 times (x 69B)
Class com.google.common.reflect.TypeParameter                                         : loaded 2 times (x 70B)
Class org.jetbrains.kotlin.gradle.tasks.TaskOutputsBackup                             : loaded 2 times (x 70B)
Class org.jetbrains.kotlin.gradle.plugin.cocoapods.KotlinCocoapodsPlugin              : loaded 2 times (x 74B)
Class org.jetbrains.kotlin.gradle.internal.CompilerOptionsDslHelpersKt                : loaded 2 times (x 69B)
Class org.jetbrains.kotlin.gradle.internal.ClassLoadersCachingBuildService$Companion$registerIfAbsent$1$1$1: loaded 2 times (x 73B)
Class [Lcom.android.ide.common.gradle.Separator;                                      : loaded 2 times (x 67B)
Class org.jetbrains.kotlin.gradle.internal.StdlibDependencyManagementKt$configureStdlibVersionAlignment$1$1: loaded 2 times (x 73B)
Class org.jetbrains.kotlin.gradle.dsl.KotlinProjectExtension$awaitSourceSets$1        : loaded 2 times (x 86B)
Class org.jetbrains.kotlin.konan.target.Family                                        : loaded 2 times (x 77B)
Class org.jetbrains.kotlin.gradle.plugin.KotlinPluginLifecycle$CoroutineStart         : loaded 2 times (x 77B)
Class org.jetbrains.kotlin.gradle.plugin.internal.DefaultIdeaSyncDetector             : loaded 2 times (x 73B)
Class org.jetbrains.kotlin.gradle.tasks.TasksProviderKt$sam$org_gradle_api_Action$0   : loaded 2 times (x 73B)
Class org.jetbrains.kotlin.gradle.tooling.BuildKotlinToolingMetadataTask$FromKotlinExtension: loaded 2 times (x 315B)
Class org.jetbrains.kotlin.gradle.utils.FailuresKt                                    : loaded 2 times (x 69B)
Class org.jetbrains.kotlin.gradle.targets.native.internal.CInteropConfigurationsKt$special$$inlined$KotlinTargetSideEffect$1: loaded 2 times (x 72B)
Class org.jetbrains.kotlin.gradle.targets.native.toolchain.KotlinNativeBundleArtifactFormat: loaded 2 times (x 69B)
Class org.jetbrains.kotlin.gradle.internal.properties.NativePropertiesLoader$konanDataDirProperty$1: loaded 2 times (x 73B)
Class org.jetbrains.kotlin.gradle.plugin.statistics.BuildFusService$Parameters_Decorated: loaded 2 times (x 141B)
Class org.jetbrains.kotlin.gradle.internal.properties.PropertiesBuildService$Params$Inject: loaded 2 times (x 106B)
Class org.jetbrains.kotlin.gradle.plugin.sources.KotlinDependencyScope                : loaded 2 times (x 77B)
Class com.google.common.cache.LocalCache$AbstractReferenceEntry                       : loaded 2 times (x 105B)
Class [Lcom.amazon.ion.impl.bin.IonManagedBinaryWriter$UserState;                     : loaded 2 times (x 67B)
Class com.amazon.ion.impl.bin.utf8.Utf8StringEncoder                                  : loaded 2 times (x 78B)
Class com.amazon.ion.IonBool                                                          : loaded 2 times (x 68B)
Class com.intellij.openapi.externalSystem.model.project.dependencies.ComponentDependencies: loaded 2 times (x 68B)
Class org.jetbrains.kotlin.gradle.plugin.mpp.KotlinMetadataCompilation                : loaded 2 times (x 68B)
Class dagger.internal.codegen.writing.ComponentRequirementExpression                  : loaded 2 times (x 68B)
Class com.squareup.kotlinpoet.ParameterizedTypeName                                   : loaded 2 times (x 80B)
Class org.jetbrains.kotlin.gradle.utils.FutureKt$future$1                             : loaded 2 times (x 93B)
Class dagger.internal.codegen.writing.FrameworkInstanceBindingRepresentation_Factory  : loaded 2 times (x 70B)
Class dagger.spi.model.Key                                                            : loaded 2 times (x 76B)
Class dagger.internal.codegen.validation.AutoValue_SpiModelBindingGraphConverter_BindingGraphImpl: loaded 2 times (x 95B)
Class org.jetbrains.kotlin.gradle.report.GradleBuildMetricsReporter                   : loaded 2 times (x 96B)
Class dagger.internal.codegen.binding.SourceFiles$1                                   : loaded 2 times (x 69B)
Class kotlin.metadata.jvm.JvmFieldSignature                                           : loaded 2 times (x 72B)
Class dagger.spi.internal.shaded.androidx.room.compiler.processing.javac.JavacFieldElement: loaded 2 times (x 223B)
Class org.jetbrains.kotlin.gradle.tasks.KotlinCompile$androidLayoutResources$1        : loaded 2 times (x 72B)
Class com.android.builder.model.v2.ide.AndroidArtifact                                : loaded 2 times (x 68B)
Class dagger.internal.codegen.writing.InaccessibleMapKeyProxyGenerator_Factory        : loaded 2 times (x 80B)
Class dagger.internal.codegen.model.BindingGraph$Node                                 : loaded 2 times (x 68B)
Class com.google.common.io.ByteArrayDataOutput                                        : loaded 2 times (x 68B)
Class dagger.internal.codegen.DelegateComponentProcessor$Injector$Factory             : loaded 2 times (x 68B)
Class dagger.hilt.processor.internal.aggregateddeps.ComponentDependencies$Builder     : loaded 2 times (x 73B)
Class com.google.common.graph.EndpointPairIterator                                    : loaded 2 times (x 80B)
Class com.google.common.graph.MapIteratorCache$1                                      : loaded 2 times (x 135B)
Class com.google.common.graph.StandardMutableGraph                                    : loaded 2 times (x 158B)
Class kotlin.metadata.internal.metadata.ProtoBuf$Class$1                              : loaded 2 times (x 142B)
Class kotlin.metadata.internal.protobuf.WireFormat$JavaType                           : loaded 2 times (x 77B)
Class com.google.devtools.ksp.symbol.KSAnnotated                                      : loaded 2 times (x 68B)
Class [Ldagger.spi.internal.shaded.androidx.room.compiler.processing.XProcessingEnv$Platform;: loaded 2 times (x 67B)
Class kotlin.reflect.jvm.internal.impl.builtins.PrimitiveType$typeFqName$2            : loaded 2 times (x 77B)
Class kotlin.metadata.jvm.KotlinClassMetadata$Class                                   : loaded 2 times (x 75B)
Class kotlin.reflect.jvm.internal.KClassImpl$Data$allNonStaticMembers$2               : loaded 2 times (x 77B)
Class kotlin.metadata.internal.metadata.jvm.JvmProtoBuf$JvmPropertySignature          : loaded 2 times (x 112B)
Class kotlin.metadata.Modality                                                        : loaded 2 times (x 77B)
Class [Lkotlin.metadata.Modality;                                                     : loaded 2 times (x 67B)
Class com.squareup.kotlinpoet.TypeNames                                               : loaded 2 times (x 69B)
Class dagger.hilt.processor.internal.ProcessorErrorHandler                            : loaded 2 times (x 70B)
Class dagger.internal.codegen.extension.DaggerCollectors                              : loaded 2 times (x 69B)
Class [Ldagger.spi.internal.shaded.androidx.room.compiler.processing.XProcessingEnv$Backend;: loaded 2 times (x 67B)
Class org.jetbrains.org.objectweb.asm.Attribute                                       : loaded 2 times (x 73B)
Class org.jetbrains.org.objectweb.asm.Label                                           : loaded 2 times (x 70B)
Class org.jetbrains.kotlin.statistics.BuildSession                                    : loaded 2 times (x 70B)
Class org.jetbrains.kotlin.cli.common.arguments.InternalArgument                      : loaded 2 times (x 68B)
Class com.android.builder.model.v2.models.VariantDependencies                         : loaded 2 times (x 68B)
Class org.jetbrains.kotlin.gradle.internal.Kapt3KotlinGradleSubpluginKt               : loaded 2 times (x 69B)
Class org.jetbrains.kotlin.gradle.dsl.KotlinJvmCompile                                : loaded 2 times (x 68B)
Class dagger.hilt.processor.internal.root.AutoValue_AggregatedRootMetadata            : loaded 2 times (x 82B)
Class org.jetbrains.kotlin.konan.target.KonanTarget$LINUX_ARM32_HFP                   : loaded 2 times (x 76B)
Class org.jetbrains.kotlin.gradle.internal.Kapt3GradleSubplugin                       : loaded 2 times (x 81B)
Class org.jetbrains.kotlin.gradle.plugin.diagnostics.checkers.CInteropInputChecker    : loaded 2 times (x 72B)
Class org.jetbrains.kotlin.gradle.plugin.statistics.FinalizeConfigurationFusMetricActionKt$FinalizeConfigurationFusMetricAction$1: loaded 2 times (x 93B)
Class org.jetbrains.kotlin.gradle.internal.KotlinDependenciesManagementKt$CustomizeKotlinDependenciesSetupAction$1: loaded 2 times (x 72B)
Class org.jetbrains.kotlin.gradle.plugin.KotlinGradlePluginExtensionPointInternal$registeredExtensions$2: loaded 2 times (x 76B)
Class org.jetbrains.kotlin.statistics.metrics.BooleanOverridePolicy$OR                : loaded 2 times (x 83B)
Class org.jetbrains.kotlin.gradle.plugin.UsesVariantImplementationFactories           : loaded 2 times (x 68B)
Class org.objectweb.asm.SymbolTable                                                   : loaded 2 times (x 70B)
Class org.gradle.accessors.dm.LibrariesForLibs$AndroidxLifecycleViewmodelLibraryAccessors: loaded 2 times (x 75B)
Class com.intellij.openapi.externalSystem.model.project.dependencies.DependencyScopeNode: loaded 2 times (x 87B)
Class com.amazon.ion.IonLoader                                                        : loaded 2 times (x 68B)
Class org.jetbrains.plugins.gradle.model.GradleProperty                               : loaded 2 times (x 68B)
Class org.gradle.api.Named                                                            : loaded 2 times (x 68B)
Class org.gradle.internal.classloader.SystemClassLoaderSpec                           : loaded 2 times (x 69B)
Class dagger.internal.codegen.binding.FrameworkField                                  : loaded 2 times (x 70B)
Class [Ldagger.spi.internal.shaded.androidx.room.compiler.codegen.VisibilityModifier; : loaded 2 times (x 67B)
Class dagger.hilt.processor.internal.root.ComponentTree                               : loaded 2 times (x 70B)
Class dagger.internal.codegen.writing.ProductionBindingRepresentation_Factory_Impl    : loaded 2 times (x 73B)
Class dagger.internal.codegen.writing.OptionalRequestRepresentation_Factory           : loaded 2 times (x 70B)
Class dagger.internal.codegen.writing.MembersInjectorGenerator_Factory                : loaded 2 times (x 80B)
Class dagger.internal.codegen.validation.AnyBindingMethodValidator                    : loaded 2 times (x 73B)
Class dagger.internal.codegen.binding.AutoValue_MembersInjectionBinding               : loaded 2 times (x 82B)
Class dagger.internal.codegen.bindinggraphvalidation.InvalidProductionBindingScopeValidator: loaded 2 times (x 83B)
Class dagger.spi.internal.shaded.androidx.room.compiler.processing.javac.kotlin.KmFunctionContainerImpl: loaded 2 times (x 98B)
Class dagger.internal.codegen.binding.AutoValue_SubcomponentDeclaration               : loaded 2 times (x 76B)
Class dagger.internal.codegen.xprocessing.XMethodElements                             : loaded 2 times (x 69B)
Class [Ldagger.spi.model.DaggerProcessingEnv$Backend;                                 : loaded 2 times (x 67B)
Class dagger.spi.model.DaggerProcessingEnv                                            : loaded 2 times (x 73B)
Class [Ldagger.internal.codegen.compileroption.ProcessingEnvironmentCompilerOptions$Feature;: loaded 2 times (x 67B)
Class dagger.internal.codegen.bindinggraphvalidation.ProvisionDependencyOnProducerBindingValidator_Factory: loaded 2 times (x 79B)
Class dagger.internal.codegen.DaggerDelegateComponentProcessor_Injector$InjectorImpl  : loaded 2 times (x 73B)
Class com.google.common.collect.Multisets                                             : loaded 2 times (x 69B)
Class dagger.spi.internal.shaded.com.google.auto.common.MoreTypes$CastingTypeVisitor  : loaded 2 times (x 100B)
Class dagger.spi.internal.shaded.androidx.room.compiler.processing.javac.JavacMethodType: loaded 2 times (x 89B)
Class dagger.internal.codegen.binding.AutoValue_BindingGraph                          : loaded 2 times (x 80B)
Class kotlin.reflect.jvm.internal.KClassImpl$Data$sealedSubclasses$2                  : loaded 2 times (x 77B)
Class dagger.internal.codegen.writing.OptionalFactories_PerGeneratedFileCache_Factory$InstanceHolder: loaded 2 times (x 69B)
Class com.squareup.kotlinpoet.WildcardTypeName$Companion                              : loaded 2 times (x 69B)
Class dagger.spi.internal.shaded.androidx.room.compiler.processing.javac.kotlin.KmClassContainer: loaded 2 times (x 77B)
Class dagger.internal.codegen.xprocessing.XExpressionType                             : loaded 2 times (x 70B)
Class dagger.internal.codegen.xprocessing.XProcessingEnvs$1                           : loaded 2 times (x 69B)
Class org.jetbrains.org.objectweb.asm.Frame                                           : loaded 2 times (x 71B)
Class org.jetbrains.kotlin.gradle.tasks.CacheableTasksKt$cacheOnlyIfEnabledForKotlin$1$1: loaded 2 times (x 72B)
Class com.android.builder.model.v2.ide.TestedTargetVariant                            : loaded 2 times (x 68B)
Class org.jetbrains.kotlin.compilerRunner.ArgumentsToStrings                          : loaded 2 times (x 69B)
Class org.jetbrains.kotlin.gradle.utils.CompilerArgsUtilsKt                           : loaded 2 times (x 69B)
Class org.jetbrains.kotlin.gradle.plugin.KotlinSourceSetProcessor$createAdditionalClassesTaskForIdeRunner$IDEClassesTask: loaded 2 times (x 313B)
Class org.jetbrains.kotlin.gradle.tasks.configuration.BaseKotlinCompileConfig$1$1     : loaded 2 times (x 72B)
Class org.jetbrains.kotlin.gradle.plugin.mpp.compilationImpl.factory.KotlinCompilationImplFactory$PostConfigure: loaded 2 times (x 68B)
Class org.jetbrains.kotlin.gradle.utils.KotlinExtensionUtilsKt                        : loaded 2 times (x 69B)
Class [Lorg.jetbrains.kotlin.konan.util.Named;                                        : loaded 2 times (x 67B)
Class org.jetbrains.kotlin.gradle.plugin.diagnostics.checkers.NoKotlinTargetsDeclaredChecker$runChecks$1: loaded 2 times (x 86B)
Class org.jetbrains.kotlin.gradle.plugin.mpp.AbstractKotlinTarget$kotlinComponents$2  : loaded 2 times (x 77B)
Class org.jetbrains.kotlin.gradle.plugin.KotlinPlatformType$CompatibilityRule         : loaded 2 times (x 74B)
Class org.jetbrains.kotlin.gradle.internal.properties.NativePropertiesLoader$actualNativeHomeDirectory$1: loaded 2 times (x 73B)
Class org.jetbrains.kotlin.gradle.internal.properties.NativePropertiesKt              : loaded 2 times (x 69B)
Class org.jetbrains.kotlin.gradle.plugin.BuildEventsListenerRegistryHolder            : loaded 2 times (x 70B)
Class [Lorg.jetbrains.kotlin.statistics.metrics.BooleanOverridePolicy;                : loaded 2 times (x 67B)
Class org.jetbrains.kotlin.gradle.plugin.internal.CustomPropertiesFileValueSource$Parameters$Inject: loaded 2 times (x 104B)
Class com.google.common.cache.LocalCache$StrongEntry                                  : loaded 2 times (x 106B)
Class com.google.common.util.concurrent.AbstractFuture$TrustedFuture                  : loaded 2 times (x 112B)
Class com.amazon.ion.impl._Private_Utils                                              : loaded 2 times (x 69B)
Class kotlin.ranges.IntRange$Companion                                                : loaded 2 times (x 69B)
Class kotlin.text.MatcherMatchResult$groups$1                                         : loaded 2 times (x 149B)
Class org.gradle.internal.exceptions.MultiCauseException                              : loaded 2 times (x 68B)
Class org.gradle.internal.time.CountdownTimer                                         : loaded 2 times (x 68B)
Class dagger.internal.codegen.writing.FrameworkInstanceBindingRepresentation$1        : loaded 2 times (x 69B)
Class dagger.internal.codegen.writing.DirectInstanceBindingRepresentation             : loaded 2 times (x 70B)
Class dagger.internal.codegen.writing.ComponentRequestRepresentations                 : loaded 2 times (x 70B)
Class dagger.internal.codegen.xprocessing.NullableTypeNames                           : loaded 2 times (x 69B)
Class dagger.internal.codegen.writing.ComponentRequirementExpressions$AbstractField   : loaded 2 times (x 79B)
Class dagger.internal.codegen.writing.StaticFactoryInstanceSupplier_Factory           : loaded 2 times (x 70B)
Class dagger.internal.codegen.writing.ImmediateFutureRequestRepresentation_Factory_Impl: loaded 2 times (x 73B)
Class org.gradle.api.internal.classpath.ManifestUtil                                  : loaded 2 times (x 69B)
Class dagger.internal.codegen.kotlin.ClassMetadata$Companion                          : loaded 2 times (x 69B)
Class com.google.common.collect.Iterables$8                                           : loaded 2 times (x 79B)
Class dagger.spi.internal.shaded.androidx.room.compiler.processing.javac.TypeMirrorExtKt: loaded 2 times (x 69B)
Class org.gradle.tooling.internal.adapter.ProtocolToModelAdapter$InvocationHandlerImpl: loaded 2 times (x 75B)
Class dagger.internal.codegen.binding.AutoValue_ComponentDescriptor                   : loaded 2 times (x 96B)
Class dagger.internal.codegen.validation.MapKeyValidator                              : loaded 2 times (x 70B)
Class dagger.internal.codegen.base.ElementFormatter_Factory                           : loaded 2 times (x 79B)
Class kotlin.metadata.internal.metadata.ProtoBuf$Expression$ConstantValue             : loaded 2 times (x 80B)
Class com.google.common.graph.BaseGraph                                               : loaded 2 times (x 68B)
Class org.gradle.tooling.model.build.GradleEnvironment                                : loaded 2 times (x 68B)
Class org.jetbrains.plugins.gradle.tooling.util.IntObjectMap$ObjectFactory            : loaded 2 times (x 68B)
Class dagger.internal.DoubleCheck                                                     : loaded 2 times (x 81B)
Class kotlin.metadata.internal.ReadContext                                            : loaded 2 times (x 70B)
Class kotlin.metadata.internal.metadata.jvm.deserialization.JvmNameResolver           : loaded 2 times (x 78B)
Class com.amazon.ion.IonException                                                     : loaded 2 times (x 82B)
Class dagger.spi.internal.shaded.androidx.room.compiler.processing.javac.JavacDeclaredType: loaded 2 times (x 183B)
Class dagger.hilt.processor.internal.HiltCompilerOptions                              : loaded 2 times (x 69B)
Class com.amazon.ion.impl.bin.IonManagedBinaryWriter$UserState$3                      : loaded 2 times (x 83B)
Class org.gradle.accessors.dm.LibrariesForLibs$KotlinLibraryAccessors                 : loaded 2 times (x 75B)
Class com.google.common.io.ByteStreams$LimitedInputStream                             : loaded 2 times (x 90B)
Class org.jetbrains.kotlin.statistics.metrics.ConcatMetricContainer                   : loaded 2 times (x 75B)
Class org.jetbrains.kotlin.gradle.tasks.GradleCompileTaskProvider                     : loaded 2 times (x 70B)
Class org.jetbrains.kotlin.gradle.plugin.mpp.KotlinTargetSoftwareComponentImplKt$KotlinTargetSoftwareComponent$1: loaded 2 times (x 93B)
Class org.jetbrains.kotlin.gradle.tasks.configuration.BaseKotlinCompileConfig$registerBuildToolsApiTransformations$1: loaded 2 times (x 73B)
Class org.jetbrains.kotlin.gradle.plugin.internal.BuildIdService                      : loaded 2 times (x 74B)
Class org.jetbrains.kotlin.gradle.plugin.mpp.compilationImpl.factory.KotlinCompilationDependencyConfigurationsFactoriesKt: loaded 2 times (x 69B)
Class org.jetbrains.kotlin.gradle.plugin.mpp.compilationImpl.DefaultKotlinCompilationFriendPathsResolver: loaded 2 times (x 73B)
Class org.jetbrains.kotlin.gradle.plugin.KotlinCompilerPluginSupportPlugin$DefaultImpls: loaded 2 times (x 69B)
Class org.jetbrains.kotlin.gradle.plugin.SubpluginArtifact                            : loaded 2 times (x 70B)
Class org.jetbrains.kotlin.gradle.plugin.diagnostics.checkers.WasmSourceSetsNotFoundChecker$runChecks$1: loaded 2 times (x 86B)
Class org.jetbrains.kotlin.konan.target.KonanTarget$IOS_SIMULATOR_ARM64               : loaded 2 times (x 76B)
Class org.jetbrains.kotlin.gradle.plugin.mpp.compilationImpl.KotlinCreateCompilationArchiveTaskKt$KotlinCreateCompilationArchivesTask$1: loaded 2 times (x 72B)
Class org.jetbrains.kotlin.gradle.dsl.KotlinVersion                                   : loaded 2 times (x 77B)
Class org.jetbrains.kotlin.gradle.internal.properties.NativePropertiesLoader$actualNativeHomeDirectory$2: loaded 2 times (x 72B)
Class org.jetbrains.kotlin.gradle.utils.StoredPropertyKt                              : loaded 2 times (x 69B)
Class org.objectweb.asm.MethodWriter                                                  : loaded 2 times (x 104B)
Class org.gradle.accessors.dm.LibrariesForLibs$AndroidxLibraryAccessors               : loaded 2 times (x 86B)
Class com.intellij.gradle.toolingExtension.impl.model.projectModel.GradleExternalProjectSerializationService$ReadContext: loaded 2 times (x 71B)
Class com.intellij.gradle.toolingExtension.impl.model.dependencyModel.DependencyWriteContext: loaded 2 times (x 70B)
Class org.gradle.api.attributes.Attribute                                             : loaded 2 times (x 75B)
Class org.gradle.tooling.model.ProjectModel                                           : loaded 2 times (x 68B)
Class dagger.internal.codegen.writing.SubcomponentCreatorRequestRepresentation        : loaded 2 times (x 72B)
Class dagger.internal.codegen.writing.ComponentRequestRepresentations$1               : loaded 2 times (x 69B)
Class com.squareup.kotlinpoet.TypeVariableName$Companion                              : loaded 2 times (x 69B)
Class org.jetbrains.kotlin.gradle.plugin.internal.DefaultConfigurationTimePropertiesAccessor$Companion: loaded 2 times (x 69B)
Class dagger.internal.codegen.writing.ProviderInstanceSupplier_Factory                : loaded 2 times (x 70B)
Class dagger.internal.codegen.model.BindingGraph$Edge                                 : loaded 2 times (x 68B)
Class dagger.internal.codegen.base.OptionalType                                       : loaded 2 times (x 70B)
Class [Ldagger.internal.codegen.binding.ComponentRequirement$Kind;                    : loaded 2 times (x 67B)
Class org.jetbrains.kotlin.statistics.metrics.StringAnonymizationPolicy$AllowedListAnonymizer: loaded 2 times (x 77B)
Class dagger.internal.codegen.validation.BindsInstanceParameterValidator              : loaded 2 times (x 76B)
Class [Ldagger.internal.codegen.validation.BindingElementValidator$AllowsMultibindings;: loaded 2 times (x 67B)
Class org.jetbrains.kotlin.gradle.report.BuildReportType                              : loaded 2 times (x 77B)
Class com.google.common.graph.EndpointPair$Ordered                                    : loaded 2 times (x 81B)
Class com.google.common.graph.Network                                                 : loaded 2 times (x 68B)
Class org.jetbrains.kotlin.gradle.targets.metadata.KotlinMetadataTargetConfiguratorKt$isNativeSourceSet$2: loaded 2 times (x 93B)
Class dagger.hilt.android.processor.internal.androidentrypoint.InjectorEntryPointGenerator: loaded 2 times (x 70B)
Class kotlin.metadata.internal.metadata.ProtoBuf$TypeParameter$Variance               : loaded 2 times (x 80B)
Class org.jetbrains.kotlin.gradle.dsl.KotlinHierarchyDsl                              : loaded 2 times (x 68B)
Class dagger.spi.internal.shaded.androidx.room.compiler.processing.javac.JavacTypeElement$Companion$WhenMappings: loaded 2 times (x 69B)
Class dagger.spi.internal.shaded.androidx.room.compiler.processing.javac.JavacProcessingEnvMessager: loaded 2 times (x 71B)
Class org.jetbrains.kotlin.gradle.utils.MutableObservableSet                          : loaded 2 times (x 68B)
Class org.jetbrains.kotlin.cli.common.CompilerSystemProperties$Companion              : loaded 2 times (x 69B)
Class org.jetbrains.kotlin.gradle.scripting.internal.ScriptingGradleSubplugin$apply$1$configureAction$1: loaded 2 times (x 77B)
Class org.jetbrains.kotlin.gradle.plugin.sources.KotlinDependencyScope$Companion      : loaded 2 times (x 69B)
Class org.jetbrains.kotlin.gradle.plugin.KotlinPluginLifecycleKt$launchInStage$1      : loaded 2 times (x 93B)
Class org.jetbrains.kotlin.gradle.tasks.configuration.BaseKotlinCompileConfig$1$3     : loaded 2 times (x 73B)
Class org.jetbrains.kotlin.gradle.tasks.configuration.BaseKotlinCompileConfig$registerBuildToolsApiTransformations$2: loaded 2 times (x 73B)
Class org.jetbrains.kotlin.gradle.tasks.KotlinJvmCompile                              : loaded 2 times (x 68B)
Class org.jetbrains.kotlin.gradle.plugin.mpp.compilationImpl.KotlinCompilationSourceSetsContainerKt: loaded 2 times (x 69B)
Class com.android.ide.common.gradle.Version$Companion$ParseState$EMPTY                : loaded 2 times (x 72B)
Class org.jetbrains.kotlin.gradle.targets.NativeForwardImplementationToApiElementsSideEffectKt: loaded 2 times (x 69B)
Class org.jetbrains.kotlin.gradle.internal.properties.NativePropertiesLoader$actualNativeHomeDirectory$3: loaded 2 times (x 73B)
Class org.jetbrains.kotlin.gradle.report.BuildReportMode                              : loaded 2 times (x 77B)
Class org.jetbrains.kotlin.statistics.metrics.StringAnonymizationPolicy$RegexControlled: loaded 2 times (x 77B)
Class org.jetbrains.kotlin.statistics.ValueAnonymizer                                 : loaded 2 times (x 68B)
Class org.jetbrains.kotlin.gradle.plugin.VariantImplementationFactories$Companion$getProvider$2$1$1: loaded 2 times (x 73B)
Class org.jetbrains.kotlin.gradle.plugin.internal.ProjectIsolationStartParameterAccessor$Factory: loaded 2 times (x 68B)
Class org.gradle.accessors.dm.LibrariesForLibs$TmdbVersionAccessors                   : loaded 2 times (x 74B)
Class org.jetbrains.plugins.gradle.model.GradleConfiguration                          : loaded 2 times (x 68B)
Class com.amazon.ion.impl.bin.utf8.Utf8StringEncoderPool                              : loaded 2 times (x 72B)
Class com.amazon.ion.impl._Private_IonSystem                                          : loaded 2 times (x 68B)
Class com.amazon.ion.BufferConfiguration$OversizedValueHandler                        : loaded 2 times (x 68B)
Class kotlin.ranges.OpenEndRange                                                      : loaded 2 times (x 68B)
Class dagger.spi.internal.shaded.androidx.room.compiler.codegen.java.JavaFileSpec$Builder: loaded 2 times (x 76B)
Class dagger.internal.codegen.writing.SetRequestRepresentation                        : loaded 2 times (x 72B)
Class org.jetbrains.kotlin.gradle.plugin.mpp.compilationImpl.factory.KotlinCompilationImplFactory$KotlinCompilationSourceSetsContainerFactory: loaded 2 times (x 68B)
Class dagger.spi.model.AutoValue_DependencyRequest                                    : loaded 2 times (x 74B)
Class org.jetbrains.kotlin.gradle.report.UsesBuildMetricsService                      : loaded 2 times (x 68B)
Class dagger.internal.codegen.binding.AutoValue_SubcomponentCreatorBinding            : loaded 2 times (x 89B)
Class [Lcom.squareup.javapoet.TypeName;                                               : loaded 2 times (x 67B)
Class dagger.internal.codegen.model.AutoValue_ComponentPath                           : loaded 2 times (x 73B)
Class dagger.spi.internal.shaded.com.google.auto.common.AnnotationOutput              : loaded 2 times (x 69B)
Class dagger.internal.codegen.model.Binding                                           : loaded 2 times (x 68B)
Class dagger.internal.codegen.binding.InjectBindingRegistry                           : loaded 2 times (x 68B)
Class [Ldagger.internal.codegen.compileroption.FeatureStatus;                         : loaded 2 times (x 67B)
Class dagger.internal.codegen.binding.DeclarationFormatter_Factory                    : loaded 2 times (x 80B)
Class dagger.internal.codegen.validation.BindingMethodValidatorsModule_IndexValidatorsFactory: loaded 2 times (x 80B)
Class org.jetbrains.kotlin.gradle.plugin.hierarchy.KotlinSourceSetTreeClassifierKt    : loaded 2 times (x 69B)
Class org.jetbrains.kotlin.gradle.plugin.JetBrainsSubpluginArtifact                   : loaded 2 times (x 70B)
Class dagger.hilt.processor.internal.ComponentDescriptor                              : loaded 2 times (x 74B)
Class org.jetbrains.kotlin.gradle.plugin.internal.DefaultAttributesConfigurationHelper: loaded 2 times (x 73B)
Class com.android.builder.model.v2.models.VariantDependenciesAdjacencyList            : loaded 2 times (x 68B)
Class kotlin.metadata.internal.metadata.ProtoBuf$MemberKind$1                         : loaded 2 times (x 72B)
Class kotlin.metadata.internal.metadata.deserialization.VersionRequirementTable       : loaded 2 times (x 70B)
Class kotlin.metadata.internal.protobuf.InvalidProtocolBufferException                : loaded 2 times (x 82B)
Class dagger.hilt.android.processor.internal.customtestapplication.CustomTestApplicationProcessingStep: loaded 2 times (x 84B)
Class dagger.spi.internal.shaded.androidx.room.compiler.processing.XAnnotated         : loaded 2 times (x 68B)
Class dagger.spi.internal.shaded.androidx.room.compiler.processing.javac.JavacRawType : loaded 2 times (x 77B)
Class kotlin.metadata.internal.metadata.deserialization.MetadataVersion$Companion     : loaded 2 times (x 69B)
Class dagger.hilt.processor.internal.definecomponent.DefineComponentProcessor         : loaded 2 times (x 98B)
Class com.google.common.reflect.Types$JavaVersion$1                                   : loaded 2 times (x 81B)
Class org.jetbrains.kotlin.gradle.tasks.KotlinCompile$disableMultiModuleIC$2$1        : loaded 2 times (x 73B)
Class org.jetbrains.kotlin.gradle.plugin.statistics.KotlinBuildStatsLoggerService$reportBuildFinished$1: loaded 2 times (x 77B)
Class [Lorg.jetbrains.kotlin.config.ExplicitApiMode;                                  : loaded 2 times (x 67B)
Class org.jetbrains.kotlin.gradle.tasks.DefaultKotlinJavaToolchain$javaExecutable$1   : loaded 2 times (x 73B)
Class org.jetbrains.kotlin.build.report.metrics.BuildAttribute                        : loaded 2 times (x 77B)
Class org.jetbrains.kotlin.gradle.scripting.internal.DiscoverScriptExtensionsTransformAction$Inject1: loaded 2 times (x 107B)
Class org.jetbrains.kotlin.gradle.plugin.mpp.KotlinWithJavaCompilationFactory$create$compilationImplFactory$4$1: loaded 2 times (x 77B)
Class org.jetbrains.kotlin.gradle.plugin.internal.DefaultJavaSourceSetsAccessor       : loaded 2 times (x 74B)
Class org.jetbrains.kotlin.gradle.internal.transforms.BuildToolsApiClasspathEntrySnapshotTransform$Inject1: loaded 2 times (x 111B)
Class org.jetbrains.kotlin.gradle.plugin.mpp.compilationImpl.KotlinCompilationRegisterInSourceSetsConfigurator: loaded 2 times (x 72B)
Class org.jetbrains.kotlin.gradle.plugin.mpp.compilationImpl.factory.DefaultKotlinCompilationTaskNamesContainerFactory: loaded 2 times (x 72B)
Class org.jetbrains.kotlin.gradle.targets.native.internal.CommonizerTasksKt           : loaded 2 times (x 69B)
Class [Lorg.jetbrains.kotlin.gradle.targets.js.npm.NpmDependency$Scope;               : loaded 2 times (x 67B)
Class org.jetbrains.kotlin.gradle.plugin.mpp.AbstractKotlinTarget$components$2        : loaded 2 times (x 77B)
Class org.jetbrains.kotlin.gradle.utils.AndroidPluginIdsKt                            : loaded 2 times (x 69B)
Class org.jetbrains.kotlin.gradle.plugin.mpp.KotlinUsages$setupAttributesMatchingStrategy$1: loaded 2 times (x 72B)
Class org.jetbrains.kotlin.gradle.plugin.KotlinBasePlugin                             : loaded 2 times (x 68B)
Class com.android.ide.common.repository.AgpVersion$Companion$WhenMappings             : loaded 2 times (x 69B)
Class org.jetbrains.kotlin.gradle.plugin.KotlinCompilerPluginSupportPlugin            : loaded 2 times (x 68B)
Class org.gradle.accessors.dm.LibrariesForLibs$KotlinPluginAccessors                  : loaded 2 times (x 73B)
Class org.gradle.accessors.dm.LibrariesForLibs$TmdbBaseVersionAccessors               : loaded 2 times (x 73B)
Class org.gradle.accessors.dm.LibrariesForLibs$AndroidLibraryAccessors                : loaded 2 times (x 76B)
Class com.amazon.ion.IonDecimal                                                       : loaded 2 times (x 68B)
Class org.jetbrains.plugins.gradle.model.tests.ExternalTestsModel                     : loaded 2 times (x 68B)
Class org.gradle.tooling.model.idea.IdeaLanguageLevel                                 : loaded 2 times (x 68B)
Class org.gradle.tooling.internal.adapter.ProtocolToModelAdapter$SafeMethodInvoker    : loaded 2 times (x 74B)
Class org.gradle.tooling.internal.adapter.WeakIdentityHashMap$WeakKey                 : loaded 2 times (x 77B)
Class org.gradle.internal.exceptions.DefaultMultiCauseException                       : loaded 2 times (x 93B)
Class kotlin.metadata.internal.protobuf.BoundedByteString                             : loaded 2 times (x 110B)
Class dagger.internal.codegen.writing.ProviderInstanceRequestRepresentation$1         : loaded 2 times (x 69B)
Class dagger.internal.codegen.binding.AutoValue_MethodSignature                       : loaded 2 times (x 73B)
Class dagger.internal.codegen.writing.ComponentImplementation$CompilerMode            : loaded 2 times (x 77B)
Class dagger.spi.internal.shaded.androidx.room.compiler.codegen.java.JavaPropertySpec$Builder: loaded 2 times (x 75B)
Class kotlin.metadata.internal.metadata.ProtoBuf$Function$1                           : loaded 2 times (x 142B)
Class dagger.spi.internal.shaded.androidx.room.compiler.codegen.kotlin.KotlinParameterSpec$Builder: loaded 2 times (x 76B)
Class dagger.spi.model.$AutoValue_Key                                                 : loaded 2 times (x 78B)
Class kotlin.metadata.Attributes$modality$2                                           : loaded 2 times (x 135B)
Class dagger.spi.internal.shaded.androidx.room.compiler.processing.javac.kotlin.JvmDescriptorTypeVisitor$WhenMappings: loaded 2 times (x 69B)
Class dagger.internal.codegen.base.Keys                                               : loaded 2 times (x 69B)
Class dagger.internal.codegen.writing.LazyMapKeyProxyGenerator_Factory                : loaded 2 times (x 80B)
Class dagger.internal.codegen.validation.MapKeyValidator_Factory                      : loaded 2 times (x 80B)
Class dagger.internal.codegen.binding.ComponentDescriptor_Factory_Factory             : loaded 2 times (x 80B)
Class kotlin.metadata.internal.ReadersKt$WhenMappings                                 : loaded 2 times (x 69B)
Class kotlin.metadata.jvm.JvmMemberSignatureKt                                        : loaded 2 times (x 69B)
Class kotlin.metadata.KmClassifier$Class                                              : loaded 2 times (x 70B)
Class kotlin.metadata.internal.metadata.jvm.JvmProtoBuf$JvmPropertySignatureOrBuilder : loaded 2 times (x 68B)
Class kotlin.metadata.internal.metadata.ProtoBuf$Constructor                          : loaded 2 times (x 125B)
Class [Lkotlin.metadata.Visibility;                                                   : loaded 2 times (x 67B)
Class [Lkotlin.reflect.jvm.internal.impl.builtins.functions.FunctionClassKind;        : loaded 2 times (x 67B)
Class com.google.common.graph.EndpointPair                                            : loaded 2 times (x 81B)
Class com.squareup.kotlinpoet.Taggable                                                : loaded 2 times (x 68B)
Class dagger.spi.internal.shaded.androidx.room.compiler.processing.javac.JavacRoundEnv: loaded 2 times (x 75B)
Class com.google.common.graph.DirectedGraphConnections$PredAndSucc                    : loaded 2 times (x 70B)
Class kotlin.metadata.internal.extensions.KmFunctionExtension                         : loaded 2 times (x 68B)
Class dagger.internal.codegen.binding.SubcomponentDeclaration_Factory_Factory         : loaded 2 times (x 80B)
Class dagger.internal.codegen.binding.LegacyBindingGraphFactory_Factory               : loaded 2 times (x 80B)
Class com.google.common.reflect.Types$JavaVersion$2                                   : loaded 2 times (x 81B)
Class com.google.common.reflect.Types                                                 : loaded 2 times (x 69B)
Class com.google.common.hash.PrimitiveSink                                            : loaded 2 times (x 68B)
Class com.android.builder.model.v2.ide.ProjectInfo                                    : loaded 2 times (x 68B)
Class org.jetbrains.kotlin.gradle.tasks.internal.KotlinJvmOptionsCompat               : loaded 2 times (x 101B)
Class org.jetbrains.kotlin.cli.common.arguments.CommonToolArguments                   : loaded 2 times (x 71B)
Class org.jetbrains.kotlin.gradle.plugin.mpp.KotlinWithJavaCompilationFactory$create$compilationImplFactory$4$2: loaded 2 times (x 77B)
Class com.google.common.base.PatternCompiler                                          : loaded 2 times (x 68B)
Class org.jetbrains.kotlin.gradle.plugin.internal.DefaultIdeaSyncDetector$createIdeaPropertiesEvaluator$1: loaded 2 times (x 70B)
Class org.jetbrains.kotlin.gradle.utils.FutureKt                                      : loaded 2 times (x 69B)
Class org.jetbrains.kotlin.gradle.logging.GradleLoggingUtilsKt                        : loaded 2 times (x 69B)
Class org.jetbrains.kotlin.gradle.plugin.KotlinAndroidPluginWrapper                   : loaded 2 times (x 85B)
Class com.google.common.util.concurrent.AbstractFuture$Failure                        : loaded 2 times (x 70B)
Class org.jetbrains.plugins.gradle.model.tests.ExternalTestSourceMapping              : loaded 2 times (x 68B)
Class com.amazon.ion.impl.bin.IonRawBinaryWriter$StreamCloseMode                      : loaded 2 times (x 77B)
Class com.amazon.ion.impl._Private_IonBinaryWriterBuilder$Mutable                     : loaded 2 times (x 113B)
Class com.intellij.gradle.toolingExtension.impl.model.projectModel.GradleExternalProjectSerializationService: loaded 2 times (x 75B)
Class kotlin.collections.ArrayDeque$Companion                                         : loaded 2 times (x 69B)
Class org.gradle.tooling.model.HierarchicalElement                                    : loaded 2 times (x 68B)
Class dagger.internal.codegen.writing.SubcomponentCreatorRequestRepresentation_Factory: loaded 2 times (x 70B)
Class dagger.internal.codegen.writing.PrivateMethodRequestRepresentation_Factory_Impl : loaded 2 times (x 73B)
Class dagger.spi.model.AutoValue_ComponentPath                                        : loaded 2 times (x 73B)
Class dagger.internal.codegen.bindinggraphvalidation.DependencyCycleValidator_Factory : loaded 2 times (x 80B)
Class [Ldagger.internal.codegen.binding.MembersInjectionBinding$InjectionSite$Kind;   : loaded 2 times (x 67B)
Class dagger.internal.codegen.model.AutoValue_DaggerProcessingEnv                     : loaded 2 times (x 73B)
Class dagger.internal.codegen.binding.$AutoValue_MembersInjectionBinding$Builder      : loaded 2 times (x 78B)
Class dagger.internal.codegen.model.AutoValue_DaggerTypeElement                       : loaded 2 times (x 72B)
Class dagger.spi.internal.shaded.androidx.room.compiler.processing.javac.kotlin.JvmDescriptorTypeVisitor: loaded 2 times (x 97B)
Class dagger.internal.codegen.model.AutoValue_Scope                                   : loaded 2 times (x 71B)
Class dagger.internal.codegen.binding.DelegateDeclaration$Factory                     : loaded 2 times (x 70B)
Class dagger.internal.codegen.binding.MonitoringModules                               : loaded 2 times (x 73B)
Class [Ldagger.internal.codegen.compileroption.ProcessingEnvironmentCompilerOptions$Validation;: loaded 2 times (x 67B)
Class dagger.internal.codegen.binding.DependencyRequestFactory_Factory                : loaded 2 times (x 80B)
Class dagger.internal.codegen.ProcessingEnvironmentModule_ProcessingOptionsFactory    : loaded 2 times (x 80B)
Class dagger.internal.codegen.kotlin.KotlinMetadataUtil_Factory                       : loaded 2 times (x 80B)
Class kotlin.metadata.internal.metadata.ProtoBuf$Type$Argument                        : loaded 2 times (x 108B)
Class com.google.common.collect.LinkedHashMultimap$1                                  : loaded 2 times (x 81B)
Class dagger.hilt.processor.internal.earlyentrypoint.AggregatedEarlyEntryPointMetadata: loaded 2 times (x 71B)
Class dagger.hilt.processor.internal.uninstallmodules.AggregatedUninstallModulesMetadata: loaded 2 times (x 72B)
Class dagger.spi.internal.shaded.androidx.room.compiler.processing.XVariableElement   : loaded 2 times (x 68B)
Class dagger.internal.codegen.binding.BoundInstanceBinding$Builder                    : loaded 2 times (x 77B)
Class [Lcom.squareup.javapoet.TypeSpec$Kind;                                          : loaded 2 times (x 67B)
Class com.google.common.collect.AbstractMapBasedMultiset$1                            : loaded 2 times (x 80B)
Class kotlin.metadata.internal.metadata.ProtoBuf$Modality                             : loaded 2 times (x 80B)
Class kotlin.metadata.internal.metadata.deserialization.Flags$FlagField               : loaded 2 times (x 71B)
Class kotlin.metadata.internal.protobuf.GeneratedMessageLite$GeneratedExtension       : loaded 2 times (x 77B)
Class kotlin.metadata.internal.protobuf.AbstractMessageLite$Builder$LimitedInputStream: loaded 2 times (x 90B)
Class dagger.spi.internal.shaded.androidx.room.compiler.processing.javac.JavacAnnotationValueKt$UNWRAP_VISITOR$1: loaded 2 times (x 101B)
Class [Ldagger.spi.model.RequestKind;                                                 : loaded 2 times (x 67B)
Class dagger.spi.model.Scope$1                                                        : loaded 2 times (x 69B)
Class dagger.internal.codegen.writing.AssistedFactoryRequestRepresentation$Factory    : loaded 2 times (x 68B)
Class dagger.internal.codegen.writing.SetRequestRepresentation$Factory                : loaded 2 times (x 68B)
Class com.google.common.reflect.Types$JavaVersion$3                                   : loaded 2 times (x 81B)
Class [Lorg.apache.commons.io.file.DeleteOption;                                      : loaded 2 times (x 67B)
Class com.google.common.io.CharSink                                                   : loaded 2 times (x 77B)
Class com.android.builder.model.v2.dsl.DependenciesInfo                               : loaded 2 times (x 68B)
Class org.jetbrains.kotlin.compilerRunner.GradleCompilerRunner$Companion              : loaded 2 times (x 69B)
Class [Lorg.jetbrains.kotlin.gradle.dsl.PlatformSourceSetConventionsChecker$CheckedPlatformInfo;: loaded 2 times (x 67B)
Class org.jetbrains.kotlin.gradle.plugin.diagnostics.KotlinGradleProjectCheckerContext: loaded 2 times (x 70B)
Class org.jetbrains.kotlin.gradle.plugin.diagnostics.checkers.DuplicateSourceSetChecker: loaded 2 times (x 72B)
Class org.jetbrains.kotlin.gradle.plugin.diagnostics.ToolingDiagnosticFactory         : loaded 2 times (x 71B)
Class org.jetbrains.kotlin.gradle.targets.KotlinTargetSideEffect                      : loaded 2 times (x 68B)
Class org.jetbrains.kotlin.gradle.dsl.KotlinTargetContainerWithNativeShortcuts        : loaded 2 times (x 68B)
Class org.jetbrains.kotlin.gradle.plugin.DefaultKotlinBasePlugin$setupAttributeMatchingStrategy$1$1: loaded 2 times (x 77B)
Class org.jetbrains.kotlin.statistics.metrics.NumericalMetrics$Companion              : loaded 2 times (x 69B)
Class [Lorg.jetbrains.kotlin.statistics.metrics.NumberAnonymizationPolicy;            : loaded 2 times (x 67B)
Class org.jetbrains.kotlin.statistics.metrics.NumberOverridePolicy$OVERRIDE           : loaded 2 times (x 83B)
Class org.jetbrains.kotlin.gradle.internal.properties.PropertiesBuildService$property$1: loaded 2 times (x 77B)
Class org.objectweb.asm.Label                                                         : loaded 2 times (x 71B)
Class org.objectweb.asm.CurrentFrame                                                  : loaded 2 times (x 71B)
Class org.objectweb.asm.ClassTooLargeException                                        : loaded 2 times (x 81B)
Class org.gradle.accessors.dm.LibrariesForLibs$KotlinxSerializationLibraryAccessors   : loaded 2 times (x 75B)
Class org.gradle.accessors.dm.LibrariesForLibs$AndroidxLifecycleLibraryAccessors      : loaded 2 times (x 76B)
Class com.amazon.ion.impl.bin.IonRawBinaryWriter$PatchPoint                           : loaded 2 times (x 71B)
Class com.amazon.ion.IonBlob                                                          : loaded 2 times (x 68B)
Class com.amazon.ion.IonLob                                                           : loaded 2 times (x 68B)
Class com.amazon.ion.IonSequence                                                      : loaded 2 times (x 68B)
Class org.jetbrains.plugins.gradle.tooling.serialization.ExternalTestsSerializationService: loaded 2 times (x 75B)
Class org.gradle.internal.time.Time                                                   : loaded 2 times (x 69B)
Class [Ldagger.internal.codegen.xprocessing.XAnnotationSpecs$Suppression;             : loaded 2 times (x 67B)
Class dagger.internal.codegen.writing.SwitchingProviders$1                            : loaded 2 times (x 78B)
Class dagger.internal.codegen.writing.FrameworkInstanceRequestRepresentation          : loaded 2 times (x 74B)
Class dagger.internal.codegen.writing.ComponentRequirementExpressions                 : loaded 2 times (x 70B)
Class dagger.internal.codegen.xprocessing.XCodeBlocks$XCodeBlockJoiner                : loaded 2 times (x 70B)
Class [Ldagger.spi.internal.shaded.androidx.room.compiler.codegen.XCodeBlock$Builder; : loaded 2 times (x 67B)
Class dagger.internal.codegen.writing.InjectionOrProvisionProviderCreationExpression$Factory: loaded 2 times (x 68B)
Class dagger.internal.codegen.writing.ComponentRequirementRequestRepresentation_Factory: loaded 2 times (x 70B)
Class dagger.internal.codegen.validation.AutoValue_SpiModelBindingGraphConverter_DaggerElementImpl: loaded 2 times (x 74B)
Class com.squareup.kotlinpoet.CodeBlock$Companion                                     : loaded 2 times (x 69B)
Class dagger.spi.internal.shaded.androidx.room.compiler.codegen.kotlin.KotlinParameterSpec: loaded 2 times (x 76B)
Class dagger.spi.internal.shaded.androidx.room.compiler.codegen.java.JavaPropertySpec : loaded 2 times (x 76B)
Class dagger.internal.codegen.binding.LegacyBindingGraphFactory$LegacyBindingGraph    : loaded 2 times (x 70B)
Class dagger.internal.codegen.binding.ComponentCreatorDescriptor                      : loaded 2 times (x 77B)
Class dagger.internal.codegen.base.SetType                                            : loaded 2 times (x 70B)
Class [Ldagger.internal.codegen.base.ModuleKind;                                      : loaded 2 times (x 67B)
Class org.gradle.internal.classloader.ClassLoaderHierarchy                            : loaded 2 times (x 68B)
Class dagger.internal.codegen.base.DaggerSuperficialValidation$ValidationException    : loaded 2 times (x 82B)
Class dagger.internal.codegen.compileroption.ProcessingEnvironmentCompilerOptions$Feature: loaded 2 times (x 88B)
Class kotlin.metadata.internal.metadata.jvm.deserialization.ClassMapperLite           : loaded 2 times (x 69B)
Class dagger.hilt.processor.internal.aggregateddeps.PkgPrivateMetadata                : loaded 2 times (x 73B)
Class com.google.common.graph.MapIteratorCache                                        : loaded 2 times (x 73B)
Class com.google.common.graph.MutableGraph                                            : loaded 2 times (x 68B)
Class com.intellij.gradle.toolingExtension.impl.model.sourceSetModel.GradleSourceSetSerialisationService$Companion: loaded 2 times (x 69B)
Class com.amazon.ion.impl._Private_IonValue                                           : loaded 2 times (x 68B)
Class com.amazon.ion.impl.bin.IonManagedBinaryWriter$UserState$2                      : loaded 2 times (x 83B)
Class kotlin.metadata.KmPropertyAccessorAttributes                                    : loaded 2 times (x 69B)
Class kotlin.metadata.internal.metadata.jvm.deserialization.UtfEncodingKt             : loaded 2 times (x 69B)
Class kotlin.metadata.internal.metadata.ProtoBuf$ValueParameterOrBuilder              : loaded 2 times (x 68B)
Class kotlin.metadata.internal.protobuf.MessageLiteOrBuilder                          : loaded 2 times (x 68B)
Class kotlin.metadata.internal.metadata.jvm.JvmProtoBuf                               : loaded 2 times (x 69B)
Class kotlin.metadata.jvm.KotlinClassMetadata                                         : loaded 2 times (x 74B)
Class dagger.spi.internal.shaded.androidx.room.compiler.codegen.XClassName$Companion  : loaded 2 times (x 69B)
Class org.gradle.accessors.dm.LibrariesForLibs$TmdbImageBaseVersionAccessors          : loaded 2 times (x 73B)
Class org.jetbrains.kotlin.gradle.plugin.internal.ConfigurationCacheStartParameterAccessorKt: loaded 2 times (x 69B)
Class org.jetbrains.org.objectweb.asm.RecordComponentWriter                           : loaded 2 times (x 76B)
Class com.google.common.io.ByteSource$AsCharSource                                    : loaded 2 times (x 84B)
Class com.google.common.reflect.Types$JavaVersion$4                                   : loaded 2 times (x 81B)
Class org.jetbrains.kotlin.gradle.tasks.configuration.AbstractKotlinCompileConfig$2$2$1: loaded 2 times (x 73B)
Class org.jetbrains.kotlin.build.report.metrics.BuildAttributes$Companion             : loaded 2 times (x 69B)
Class com.android.builder.model.v2.models.ProjectGraph                                : loaded 2 times (x 68B)
Class org.jetbrains.kotlin.gradle.scripting.ScriptingExtension                        : loaded 2 times (x 78B)
Class org.jetbrains.kotlin.gradle.plugin.mpp.compilationImpl.factory.KotlinCompilationImplFactory$ProcessResourcesTaskNameFactory: loaded 2 times (x 68B)
Class com.android.ide.common.gradle.Version$Companion$ParseState$NUMERIC              : loaded 2 times (x 72B)
Class org.jetbrains.kotlin.gradle.plugin.KotlinPlatformType$Companion                 : loaded 2 times (x 69B)
Class org.jetbrains.kotlin.gradle.tasks.KotlinCompilationTask                         : loaded 2 times (x 68B)
Class org.jetbrains.kotlin.gradle.internal.KotlinDependenciesManagementKt             : loaded 2 times (x 69B)
Class org.jetbrains.kotlin.gradle.plugin.DefaultKotlinBasePlugin$setupAttributeMatchingStrategy$1$2: loaded 2 times (x 77B)
Class org.jetbrains.kotlin.gradle.internal.properties.PropertiesBuildService$property$2: loaded 2 times (x 77B)
Class org.jetbrains.kotlin.gradle.plugin.statistics.KotlinBuildStatsLoggerService     : loaded 2 times (x 70B)
Class org.jetbrains.kotlin.gradle.plugin.internal.CustomPropertiesFileValueSource$Inject: loaded 2 times (x 111B)
Class org.objectweb.asm.Frame                                                         : loaded 2 times (x 71B)
Class org.objectweb.asm.MethodVisitor                                                 : loaded 2 times (x 103B)
Class com.android.ide.common.repository.AgpVersion$PreviewKind                        : loaded 2 times (x 77B)
Class org.gradle.accessors.dm.LibrariesForLibs$ComposeLibraryAccessors                : loaded 2 times (x 75B)
Class com.amazon.ion.system.IonTextWriterBuilder                                      : loaded 2 times (x 96B)
Class com.amazon.ion.impl.bin.IonManagedBinaryWriter$ImportedSymbolResolverMode$1$1$1 : loaded 2 times (x 74B)
Class com.amazon.ion.impl._Private_LocalSymbolTableFactory                            : loaded 2 times (x 68B)
Class org.jetbrains.plugins.gradle.tooling.serialization.AnnotationProcessingModelSerializationService: loaded 2 times (x 75B)
Class com.google.common.base.Joiner$3                                                 : loaded 2 times (x 197B)
Class dagger.internal.codegen.writing.MembersInjectionRequestRepresentation           : loaded 2 times (x 72B)
Class dagger.internal.codegen.writing.ComponentCreatorImplementationFactory$RequirementStatus: loaded 2 times (x 77B)
Class dagger.internal.codegen.writing.ProducerFromProviderCreationExpression$Factory  : loaded 2 times (x 68B)
Class dagger.spi.model.BindingGraph$DependencyEdge                                    : loaded 2 times (x 68B)
Class org.jetbrains.kotlin.gradle.plugin.KotlinPlatformType$DisambiguationRule        : loaded 2 times (x 74B)
Class dagger.internal.codegen.kotlin.$AutoValue_KotlinMetadata                        : loaded 2 times (x 78B)
Class dagger.spi.internal.shaded.androidx.room.compiler.processing.util.NamingUtilsKt : loaded 2 times (x 69B)
Class dagger.spi.internal.shaded.androidx.room.compiler.processing.javac.kotlin.KmPropertyContainer: loaded 2 times (x 77B)
Class dagger.internal.codegen.binding.ComponentDescriptor$ComponentMethodDescriptor   : loaded 2 times (x 72B)
Class dagger.internal.codegen.model.AutoValue_DaggerElement                           : loaded 2 times (x 72B)
Class dagger.internal.codegen.base.DaggerSuperficialValidation$ValidationException$KnownErrorType: loaded 2 times (x 82B)
Class [Lkotlin.metadata.internal.metadata.ProtoBuf$VersionRequirement$VersionKind;    : loaded 2 times (x 67B)
Class kotlin.metadata.MemberKind                                                      : loaded 2 times (x 77B)
Class kotlin.metadata.internal.protobuf.WireFormat                                    : loaded 2 times (x 69B)
Class kotlin.metadata.internal.protobuf.WireFormat$FieldType                          : loaded 2 times (x 81B)
Class kotlin.metadata.internal.metadata.deserialization.BinaryVersion                 : loaded 2 times (x 72B)
Class kotlin.metadata.jvm.internal.JvmReadUtils                                       : loaded 2 times (x 69B)
Class org.jetbrains.kotlin.gradle.targets.native.KotilnNativeConfigureBinariesSideEffectKt: loaded 2 times (x 69B)
Class org.jetbrains.kotlin.gradle.plugin.diagnostics.checkers.MissingNativeStdlibChecker: loaded 2 times (x 72B)
Class dagger.spi.internal.shaded.androidx.room.compiler.processing.XEquality$Companion: loaded 2 times (x 69B)
Class dagger.spi.internal.shaded.androidx.room.compiler.processing.javac.JavacPackageElement: loaded 2 times (x 189B)
Class org.jetbrains.kotlin.gradle.targets.js.npm.NpmDependencyExtensionKt$defaultNpmDependencyDelegate$1: loaded 2 times (x 165B)
Class org.jetbrains.org.objectweb.asm.MethodWriter                                    : loaded 2 times (x 103B)
Class com.google.common.reflect.Types$JavaVersion$5                                   : loaded 2 times (x 69B)
Class [Lcom.google.common.reflect.Types$ClassOwnership;                               : loaded 2 times (x 67B)
Class org.jetbrains.kotlin.gradle.plugin.AbstractKotlinPlugin$apply$1                 : loaded 2 times (x 77B)
Class org.jetbrains.kotlin.gradle.plugin.mpp.InternalKotlinTargetKt$special$$inlined$extrasStoredFuture$1: loaded 2 times (x 77B)
Class org.jetbrains.kotlin.compilerRunner.UsesCompilerSystemPropertiesService         : loaded 2 times (x 68B)
Class org.jetbrains.kotlin.gradle.plugin.mpp.compilationImpl.KotlinCompilationSourceSetInclusion$Companion: loaded 2 times (x 69B)
Class org.jetbrains.kotlin.gradle.plugin.KotlinPluginLifecycleImpl$launch$coroutine$1 : loaded 2 times (x 74B)
Class org.jetbrains.kotlin.konan.target.KonanTarget$WATCHOS_DEVICE_ARM64              : loaded 2 times (x 76B)
Class org.jetbrains.kotlin.gradle.plugin.diagnostics.checkers.MissingNativeStdlibChecker$runChecks$1: loaded 2 times (x 86B)
Class [Lorg.jetbrains.kotlin.gradle.plugin.sources.android.AndroidVariantType;        : loaded 2 times (x 67B)
Class org.jetbrains.kotlin.gradle.plugin.sources.android.AndroidVariantType           : loaded 2 times (x 77B)
Class org.jetbrains.kotlin.gradle.plugin.mpp.KotlinTargetSoftwareComponent            : loaded 2 times (x 87B)
Class org.jetbrains.kotlin.gradle.plugin.mpp.KotlinVariant                            : loaded 2 times (x 99B)
Class org.jetbrains.kotlin.gradle.targets.native.ConfigureFrameworkExportSideEffectKt : loaded 2 times (x 69B)
Class org.jetbrains.kotlin.gradle.utils.WhenPluginEnabledKt                           : loaded 2 times (x 69B)
Class org.jetbrains.kotlin.tooling.core.ExtrasProperty                                : loaded 2 times (x 68B)
Class org.jetbrains.kotlin.gradle.plugin.VariantImplementationFactories               : loaded 2 times (x 73B)
Class com.amazon.ion.impl.lite.IonNullLite                                            : loaded 2 times (x 173B)
Class [Lcom.intellij.openapi.externalSystem.model.project.dependencies.ResolutionState;: loaded 2 times (x 67B)
Class org.gradle.internal.impldep.gnu.trove.TObjectHash                               : loaded 2 times (x 92B)
Class org.jetbrains.plugins.gradle.model.DependencyAccessorsModel                     : loaded 2 times (x 68B)
Class org.gradle.api.internal.classpath.GlobalCacheRootsProvider                      : loaded 2 times (x 68B)
Class [Ldagger.spi.internal.shaded.androidx.room.compiler.codegen.CodeLanguage;       : loaded 2 times (x 67B)
Class [Ldagger.spi.internal.shaded.androidx.room.compiler.codegen.XPropertySpec$Builder;: loaded 2 times (x 67B)
Class com.squareup.kotlinpoet.ParameterSpec$Builder                                   : loaded 2 times (x 75B)
Class dagger.internal.codegen.bindinggraphvalidation.AutoValue_DuplicateBindingsValidator_BindingWithoutComponent: loaded 2 times (x 74B)
Class org.jetbrains.kotlin.gradle.internal.KotlinDomApiDependencyManagementKt         : loaded 2 times (x 69B)
Class org.jetbrains.kotlin.gradle.plugin.mpp.AbstractKotlinNativeCompilation          : loaded 2 times (x 190B)
Class dagger.internal.codegen.binding.LegacyBindingGraphConverter$Converter           : loaded 2 times (x 70B)
Class org.jetbrains.kotlin.gradle.tasks.CInteropProcess                               : loaded 2 times (x 322B)
Class dagger.hilt.android.processor.internal.viewmodel.ViewModelValidationPluginKt$WhenMappings: loaded 2 times (x 69B)
Class dagger.internal.codegen.processingstep.ProcessingStepsModule                    : loaded 2 times (x 68B)
Class dagger.internal.codegen.validation.ValidationBindingGraphPlugins                : loaded 2 times (x 70B)
Class dagger.internal.codegen.DelegateComponentProcessor_SourceFileGeneratorsModule_MembersInjectorGeneratorFactory: loaded 2 times (x 80B)
Class dagger.internal.codegen.base.DaggerSuperficialValidation                        : loaded 2 times (x 70B)
Class dagger.internal.codegen.binding.LegacyBindingGraphConverter_Factory$InstanceHolder: loaded 2 times (x 69B)
Class dagger.internal.codegen.binding.BindingFactory_Factory                          : loaded 2 times (x 80B)
Class [Lcom.google.common.graph.GraphConstants$Presence;                              : loaded 2 times (x 67B)
Class org.jetbrains.kotlin.gradle.plugin.mpp.compilationImpl.factory.DefaultKotlinCompilationSourceSetsContainerFactory: loaded 2 times (x 73B)
Class org.jetbrains.kotlin.gradle.plugin.KotlinJvmPlugin$apply$target$1$1             : loaded 2 times (x 75B)
Class kotlin.metadata.internal.metadata.deserialization.TypeTable                     : loaded 2 times (x 70B)
Class org.jetbrains.kotlin.gradle.plugin.mpp.AbstractKotlinTargetKt                   : loaded 2 times (x 69B)
Class org.jetbrains.kotlin.gradle.plugin.mpp.KotlinVariantWithCoordinates             : loaded 2 times (x 106B)
Class kotlin.reflect.jvm.internal.KClassImpl$Data$allStaticMembers$2                  : loaded 2 times (x 77B)
Class dagger.hilt.android.processor.internal.androidentrypoint.$AutoValue_AndroidEntryPointMetadata: loaded 2 times (x 90B)
Class org.jetbrains.kotlin.gradle.plugin.KotlinCompilationInfo$TCS$compileDependencyFiles$1: loaded 2 times (x 77B)
Class [Lcom.google.common.base.AbstractIterator$State;                                : loaded 2 times (x 67B)
Class com.android.builder.model.v2.dsl.ClassField                                     : loaded 2 times (x 68B)
Class org.jetbrains.kotlin.tooling.core.Extras$Entry$Companion                        : loaded 2 times (x 69B)
Class com.google.common.collect.CollectCollectors                                     : loaded 2 times (x 69B)
Class org.jetbrains.kotlin.gradle.targets.js.dsl.KotlinWasmWasiTargetDsl              : loaded 2 times (x 68B)
Class org.jetbrains.kotlin.gradle.plugin.diagnostics.checkers.DisabledNativeTargetsChecker: loaded 2 times (x 72B)
Class org.jetbrains.kotlin.gradle.plugin.mpp.compilationImpl.KotlinCreateSourcesJarTaskSideEffectKt$KotlinCreateSourcesJarTaskSideEffect$1: loaded 2 times (x 72B)
Class org.jetbrains.kotlin.gradle.internal.CompilerArgumentAware                      : loaded 2 times (x 68B)
Class org.jetbrains.kotlin.gradle.utils.ReportUtilsKt                                 : loaded 2 times (x 69B)
Class org.jetbrains.kotlin.gradle.utils.StoredLazyProperty                            : loaded 2 times (x 73B)
Class org.objectweb.asm.ModuleWriter                                                  : loaded 2 times (x 80B)
Class org.gradle.accessors.dm.LibrariesForLibs$BaseVersionAccessors                   : loaded 2 times (x 73B)
Class com.amazon.ion.impl.lite.IonClobLite                                            : loaded 2 times (x 218B)
Class com.amazon.ion.impl._Private_ValueFactory                                       : loaded 2 times (x 68B)
Class com.amazon.ion.impl.bin.IonRawBinaryWriter$PreallocationMode$1                  : loaded 2 times (x 80B)
Class [Lcom.amazon.ion.impl.bin._Private_IonManagedBinaryWriterBuilder$AllocatorMode; : loaded 2 times (x 67B)
Class org.jetbrains.kotlin.idea.gradleTooling.KotlinMPPGradleModel                    : loaded 2 times (x 68B)
Class com.intellij.gradle.toolingExtension.impl.model.dependencyDownloadPolicyModel.GradleDependencyDownloadPolicy: loaded 2 times (x 68B)
Class org.gradle.tooling.model.BuildIdentifier                                        : loaded 2 times (x 68B)
Class dagger.spi.internal.shaded.androidx.room.compiler.codegen.XFileSpec$Builder     : loaded 2 times (x 68B)
Class dagger.internal.codegen.writing.InstanceFactoryCreationExpression               : loaded 2 times (x 77B)
Class dagger.internal.codegen.writing.FrameworkInstanceKind$1                         : loaded 2 times (x 69B)
Class com.google.common.io.FileWriteMode                                              : loaded 2 times (x 77B)
Class com.squareup.kotlinpoet.ParameterSpec$Companion                                 : loaded 2 times (x 69B)
Class dagger.internal.codegen.writing.ComponentMethodRequestRepresentation$Factory    : loaded 2 times (x 68B)
Class kotlin.reflect.jvm.internal.KCallableImpl$_annotations$1                        : loaded 2 times (x 77B)
Class dagger.internal.codegen.binding.BindingNode                                     : loaded 2 times (x 107B)
Class dagger.internal.codegen.binding.ComponentRequirement$NullPolicy                 : loaded 2 times (x 77B)
Class dagger.internal.codegen.xprocessing.XTypeElements                               : loaded 2 times (x 69B)
Class dagger.internal.codegen.validation.ComponentCreatorValidator                    : loaded 2 times (x 73B)
Class dagger.internal.codegen.binding.OptionalBindingDeclaration                      : loaded 2 times (x 72B)
Class dagger.internal.codegen.binding.$AutoValue_MultibindingDeclaration              : loaded 2 times (x 77B)
Class dagger.internal.codegen.binding.BindsTypeChecker                                : loaded 2 times (x 70B)
Class dagger.internal.codegen.validation.BindingElementValidator                      : loaded 2 times (x 76B)
Class kotlin.reflect.jvm.internal.KClassImpl$Data$inheritedNonStaticMembers$2         : loaded 2 times (x 77B)
Class kotlin.metadata.KmConstructor                                                   : loaded 2 times (x 70B)
Class kotlin.metadata.internal.extensions.ExtensionNodesKt                            : loaded 2 times (x 69B)
Class kotlin.metadata.internal.metadata.ProtoBuf$Package$1                            : loaded 2 times (x 142B)
Class kotlin.metadata.internal.protobuf.SmallSortedMap$EmptySet$1                     : loaded 2 times (x 76B)
Class dagger.spi.internal.shaded.androidx.room.compiler.processing.javac.kotlin.KmClassContainer$Companion: loaded 2 times (x 69B)
Class dagger.spi.internal.shaded.androidx.room.compiler.processing.javac.kotlin.KmData: loaded 2 times (x 68B)
Class kotlin.metadata.internal.metadata.ProtoBuf$TypeOrBuilder                        : loaded 2 times (x 68B)
Class [Lkotlin.jvm.functions.Function1;                                               : loaded 2 times (x 67B)
Class org.jetbrains.org.objectweb.asm.RecordComponentVisitor                          : loaded 2 times (x 75B)
Class com.android.builder.model.v2.ide.VectorDrawablesOptions                         : loaded 2 times (x 68B)
Class org.jetbrains.kotlin.gradle.plugin.KotlinCompilerArgumentsProducerKt            : loaded 2 times (x 69B)
Class org.jetbrains.kotlin.gradle.tasks.K2MultiplatformStructure_Decorated            : loaded 2 times (x 133B)
Class org.jetbrains.kotlin.compilerRunner.GradleCompilerRunner                        : loaded 2 times (x 71B)
Class org.jetbrains.kotlin.gradle.scripting.internal.ScriptingGradleSubplugin$apply$1 : loaded 2 times (x 73B)
Class org.jetbrains.kotlin.gradle.plugin.mpp.KotlinWithJavaCompilation_Decorated      : loaded 2 times (x 249B)
Class org.jetbrains.kotlin.gradle.plugin.statistics.KotlinBuildStatisticsUtilsKt      : loaded 2 times (x 69B)
Class org.jetbrains.kotlin.gradle.dsl.AndroidMainSourceSetConventionsChecker$runChecks$1: loaded 2 times (x 86B)
Class org.jetbrains.kotlin.gradle.plugin.sources.FragmentConsistencyChecks            : loaded 2 times (x 70B)
Class org.jetbrains.kotlin.gradle.plugin.mpp.InternalKotlinTargetComponent            : loaded 2 times (x 91B)
Class org.jetbrains.kotlin.gradle.targets.CreateDefaultTestRunSideEffectKt$special$$inlined$KotlinTargetSideEffect$1: loaded 2 times (x 72B)
Class org.jetbrains.kotlin.gradle.utils.PersistentCachesKt                            : loaded 2 times (x 69B)
Class org.jetbrains.kotlin.gradle.utils.ProviderApiUtilsKt                            : loaded 2 times (x 69B)
Class org.jetbrains.kotlin.gradle.internal.properties.NativePropertiesLoader$forceDisableRunningInProcess$1: loaded 2 times (x 73B)
Class org.jetbrains.kotlin.gradle.internal.tasks.TaskWithLocalState                   : loaded 2 times (x 68B)
Class org.jetbrains.kotlin.statistics.metrics.BooleanMetrics                          : loaded 2 times (x 78B)
Class org.jetbrains.kotlin.gradle.internal.properties.PropertiesBuildService$Params   : loaded 2 times (x 68B)
Class org.gradle.accessors.dm.LibrariesForLibs$AndroidxNavigationLibraryAccessors     : loaded 2 times (x 75B)
Class com.amazon.ion.IonInt                                                           : loaded 2 times (x 68B)
Class com.amazon.ion.impl.bin.IonRawBinaryWriter$PreallocationMode$2                  : loaded 2 times (x 80B)
Class org.jetbrains.kotlin.idea.gradleTooling.PrepareKotlinIdeImportTaskModel         : loaded 2 times (x 68B)
Class dagger.internal.codegen.writing.DirectInstanceBindingRepresentation$1           : loaded 2 times (x 69B)
Class [Lcom.squareup.kotlinpoet.TypeSpec$Kind;                                        : loaded 2 times (x 67B)
Class dagger.spi.internal.shaded.androidx.room.compiler.codegen.XName$Companion       : loaded 2 times (x 69B)
Class com.squareup.kotlinpoet.AnnotationSpec$Builder$Companion                        : loaded 2 times (x 69B)
Class kotlin.metadata.internal.protobuf.FieldSet$1                                    : loaded 2 times (x 69B)
Class kotlin.metadata.Attributes$kind$2                                               : loaded 2 times (x 135B)
Class com.squareup.kotlinpoet.ParameterSpecKt                                         : loaded 2 times (x 69B)
Class dagger.spi.internal.shaded.androidx.room.compiler.codegen.XParameterSpec$Builder: loaded 2 times (x 68B)
Class dagger.internal.codegen.bindinggraphvalidation.NullableBindingValidator_Factory : loaded 2 times (x 80B)
Class dagger.internal.codegen.binding.$AutoValue_MultiboundSetBinding$Builder         : loaded 2 times (x 95B)
Class dagger.internal.codegen.compileroption.ProcessingEnvironmentCompilerOptions$EnumOption: loaded 2 times (x 68B)
Class dagger.internal.codegen.model.DaggerExecutableElement                           : loaded 2 times (x 71B)
Class dagger.spi.internal.shaded.com.google.auto.common.AnnotationOutput$SourceFormVisitor: loaded 2 times (x 115B)
Class dagger.internal.codegen.validation.SpiModelBindingGraphConverter$DiagnosticReporterImpl: loaded 2 times (x 74B)
Class com.squareup.javapoet.AnnotationSpec                                            : loaded 2 times (x 70B)
Class com.squareup.javapoet.CodeBlock                                                 : loaded 2 times (x 70B)
Class kotlin.metadata.internal.FlagImpl                                               : loaded 2 times (x 69B)
Class kotlin.metadata.jvm.JvmMetadataVersion                                          : loaded 2 times (x 72B)
Class kotlin.metadata.internal.metadata.ProtoBuf$PackageOrBuilder                     : loaded 2 times (x 68B)
Class kotlin.metadata.internal.protobuf.SmallSortedMap$EmptySet$2                     : loaded 2 times (x 76B)
Class kotlin.reflect.jvm.internal.impl.builtins.functions.FunctionClassKind           : loaded 2 times (x 78B)
Class kotlin.reflect.jvm.internal.KCallableImpl$_parameters$1                         : loaded 2 times (x 77B)
Class [Ldagger.spi.internal.shaded.androidx.room.compiler.processing.XNullability;    : loaded 2 times (x 67B)
Class org.jetbrains.org.objectweb.asm.MethodTooLargeException                         : loaded 2 times (x 81B)
Class org.jetbrains.org.objectweb.asm.Context                                         : loaded 2 times (x 70B)
Class kotlin.sequences.ConstrainedOnceSequence                                        : loaded 2 times (x 73B)
Class com.google.common.io.ByteStreams$1                                              : loaded 2 times (x 83B)
Class com.android.builder.model.v2.ide.Edge                                           : loaded 2 times (x 68B)
Class org.jetbrains.kotlin.gradle.dsl.KotlinCommonCompilerOptionsExtensionsKt         : loaded 2 times (x 69B)
Class org.jetbrains.kotlin.gradle.plugin.ide.IdeCompilerArgumentsResolverKt$kotlinIdeCompilerArgumentsResolver$2: loaded 2 times (x 76B)
Class com.android.builder.model.v2.models.VariantDependenciesFlatList                 : loaded 2 times (x 68B)
Class org.jetbrains.kotlin.gradle.plugin.sources.KotlinDependencyScopeKt$WhenMappings : loaded 2 times (x 69B)
Class org.jetbrains.kotlin.gradle.tasks.K2MultiplatformCompilationTask                : loaded 2 times (x 68B)
Class org.jetbrains.kotlin.gradle.plugin.diagnostics.checkers.OverriddenKotlinNativeHomeChecker$StdlibExistenceCheckerValueSource$Inject: loaded 2 times (x 107B)
Class org.jetbrains.kotlin.gradle.utils.ConfigurationsKt$maybeCreateDependencyScope$1 : loaded 2 times (x 76B)
Class org.jetbrains.kotlin.gradle.plugin.sources.FragmentConsistencyChecks$languageVersionCheck$1: loaded 2 times (x 77B)
Class org.jetbrains.kotlin.gradle.plugin.mpp.DecoratedKotlinCompilation               : loaded 2 times (x 189B)
Class org.jetbrains.kotlin.gradle.plugin.diagnostics.checkers.ExperimentalTryNextUsageChecker: loaded 2 times (x 72B)
Class [Lorg.jetbrains.kotlin.gradle.plugin.diagnostics.ToolingDiagnostic$Severity;    : loaded 2 times (x 67B)
Class [Lorg.jetbrains.kotlin.gradle.plugin.KotlinPlatformType;                        : loaded 2 times (x 67B)
Class org.jetbrains.kotlin.gradle.plugin.statistics.UsesBuildFusService               : loaded 2 times (x 68B)
Class org.jetbrains.kotlin.gradle.plugin.statistics.old.Pre232IdeaKotlinBuildStatsBeanService: loaded 2 times (x 93B)
Class org.jetbrains.kotlin.statistics.metrics.NumberOverridePolicy$AVERAGE            : loaded 2 times (x 83B)
Class org.jetbrains.kotlin.gradle.plugin.VariantImplementationFactories$Parameters$Inject: loaded 2 times (x 104B)
Class org.jetbrains.kotlin.gradle.plugin.internal.SourceSetCompatibilityHelper$SourceSetCompatibilityHelperVariantFactory: loaded 2 times (x 68B)
Class org.gradle.accessors.dm.LibrariesForLibs$KotlinxCoroutinesLibraryAccessors      : loaded 2 times (x 77B)
Class com.amazon.ion.impl.bin.IonRawBinaryWriter$PreallocationMode$3                  : loaded 2 times (x 80B)
Class com.android.ide.gradle.model.GradlePluginModel                                  : loaded 2 times (x 68B)
Class org.gradle.tooling.model.build.JavaEnvironment                                  : loaded 2 times (x 68B)
Class dagger.internal.codegen.xprocessing.XAnnotationSpecs                            : loaded 2 times (x 69B)
Class dagger.internal.codegen.compileroption.ProcessingEnvironmentCompilerOptions$Validation$1: loaded 2 times (x 91B)
Class [Lcom.squareup.kotlinpoet.KModifier;                                            : loaded 2 times (x 67B)
Class com.squareup.kotlinpoet.KModifier                                               : loaded 2 times (x 77B)
Class dagger.internal.codegen.writing.SwitchingProviderInstanceSupplier$Factory       : loaded 2 times (x 68B)
Class dagger.internal.codegen.validation.SpiModelBindingGraphConverter$DaggerAnnotationImpl: loaded 2 times (x 74B)
Class dagger.internal.codegen.validation.BindingMethodValidator$ExceptionSuperclass   : loaded 2 times (x 79B)
Class dagger.internal.codegen.binding.SubcomponentDeclaration                         : loaded 2 times (x 74B)
Class dagger.internal.codegen.validation.BindsInstanceParameterValidator$Validator    : loaded 2 times (x 75B)
Class dagger.internal.codegen.validation.ComponentValidator$ElementValidator$ComponentMethodValidator: loaded 2 times (x 71B)
Class dagger.internal.codegen.xprocessing.Nullability                                 : loaded 2 times (x 73B)
Class dagger.internal.codegen.kotlin.KotlinMetadataFactory_Factory                    : loaded 2 times (x 79B)
Class dagger.internal.InstanceFactory                                                 : loaded 2 times (x 83B)
Class dagger.hilt.processor.internal.root.AggregatedRootGenerator                     : loaded 2 times (x 70B)
Class kotlin.metadata.internal.metadata.ProtoBuf$TypeTable$1                          : loaded 2 times (x 142B)
Class kotlin.reflect.jvm.internal.KClassImpl$Data$simpleName$2                        : loaded 2 times (x 77B)
Class dagger.internal.codegen.binding.$AutoValue_OptionalBindingDeclaration           : loaded 2 times (x 73B)
Class dagger.hilt.processor.internal.ClassNames                                       : loaded 2 times (x 69B)
Class dagger.internal.codegen.bindinggraphvalidation.DuplicateBindingsValidator       : loaded 2 times (x 83B)
Class dagger.spi.internal.shaded.androidx.room.compiler.processing.XProcessingEnv$Backend: loaded 2 times (x 77B)
Class org.jetbrains.org.objectweb.asm.CurrentFrame                                    : loaded 2 times (x 71B)
Class org.apache.commons.io.output.AppendableWriter                                   : loaded 2 times (x 98B)
Class com.android.builder.model.v2.ide.SourceSetContainer                             : loaded 2 times (x 68B)
Class org.jetbrains.kotlin.config.JVMAssertionsMode$Companion                         : loaded 2 times (x 69B)
Class org.jetbrains.kotlin.gradle.plugin.mpp.MppSourcesJarKt$sourcesJarTaskNamed$result$1: loaded 2 times (x 77B)
Class org.jetbrains.kotlin.gradle.tasks.configuration.BaseKotlinCompileConfig$1       : loaded 2 times (x 77B)
Class org.jetbrains.kotlin.gradle.plugin.UsesBuildFinishedListenerService             : loaded 2 times (x 68B)
Class org.jetbrains.kotlin.gradle.plugin.mpp.compilationImpl.factory.ConfigurationNaming$Default: loaded 2 times (x 73B)
Class org.jetbrains.kotlin.gradle.plugin.mpp.compilationImpl.KotlinCompilationSourceSetInclusion: loaded 2 times (x 70B)
Class org.jetbrains.kotlin.gradle.plugin.KotlinBaseApiPlugin                          : loaded 2 times (x 104B)
Class org.jetbrains.kotlin.gradle.targets.jvm.KotlinJvmTarget                         : loaded 2 times (x 168B)
Class org.jetbrains.kotlin.gradle.targets.js.dsl.KotlinWasmJsTargetDsl                : loaded 2 times (x 68B)
Class org.jetbrains.kotlin.gradle.plugin.diagnostics.checkers.DisabledNativeTargetsChecker$runChecks$1: loaded 2 times (x 86B)
Class org.jetbrains.kotlin.gradle.plugin.KotlinPluginLifecycleImpl$await$2$1          : loaded 2 times (x 77B)
Class org.jetbrains.kotlin.gradle.plugin.sources.DefaultLanguageSettingsBuilder       : loaded 2 times (x 98B)
Class org.jetbrains.kotlin.gradle.plugin.sources.FragmentConsistencyChecks$languageVersionCheck$2: loaded 2 times (x 76B)
Class org.jetbrains.kotlin.gradle.targets.CreateTargetConfigurationsSideEffectKt$CreateTargetConfigurationsSideEffect$1: loaded 2 times (x 72B)
Class org.jetbrains.kotlin.gradle.dsl.KotlinTargetContainerWithPresetFunctions        : loaded 2 times (x 68B)
Class org.jetbrains.kotlin.gradle.utils.GradleConfigurationUtilsKt                    : loaded 2 times (x 69B)
Class org.jetbrains.kotlin.gradle.plugin.StatisticsBuildFlowManager$subscribeForBuildResult$1: loaded 2 times (x 73B)
Class org.jetbrains.kotlin.gradle.plugin.internal.CustomPropertiesFileValueSource$Parameters: loaded 2 times (x 68B)
Class Build_gradle                                                                    : loaded 2 times (x 70B)
Class org.gradle.accessors.dm.LibrariesForLibs$FirebaseLibraryAccessors               : loaded 2 times (x 77B)
Class org.jetbrains.plugins.gradle.model.GradleExtension                              : loaded 2 times (x 68B)
Class com.amazon.ion.impl.lite.IonDecimalLite                                         : loaded 2 times (x 186B)
Class com.amazon.ion.IonBufferConfiguration$Builder                                   : loaded 2 times (x 76B)
Class org.gradle.internal.time.Timer                                                  : loaded 2 times (x 68B)
Class org.gradle.internal.installation.CurrentGradleInstallationLocator               : loaded 2 times (x 69B)
Class dagger.spi.internal.shaded.androidx.room.compiler.codegen.kotlin.KotlinFileSpec : loaded 2 times (x 75B)
Class dagger.spi.internal.shaded.androidx.room.compiler.codegen.impl.XFileSpecImpl    : loaded 2 times (x 76B)
Class dagger.internal.codegen.writing.ProducerNodeInstanceRequestRepresentation       : loaded 2 times (x 74B)
Class dagger.internal.codegen.processingstep.ComponentProcessingStep                  : loaded 2 times (x 84B)
Class dagger.internal.codegen.writing.SubcomponentCreatorRequestRepresentation_Factory_Impl: loaded 2 times (x 73B)
Class dagger.internal.codegen.writing.ImmediateFutureRequestRepresentation_Factory    : loaded 2 times (x 70B)
Class dagger.internal.codegen.writing.ComponentWrapperImplementation_Factory          : loaded 2 times (x 80B)
Class dagger.spi.model.DaggerExecutableElement                                        : loaded 2 times (x 72B)
Class dagger.internal.codegen.binding.MultiboundSetBinding                            : loaded 2 times (x 88B)
Class com.squareup.kotlinpoet.CodeBlock$Builder                                       : loaded 2 times (x 70B)
Class [Ldagger.internal.codegen.binding.FrameworkType;                                : loaded 2 times (x 67B)
Class com.google.common.collect.FilteredEntrySetMultimap                              : loaded 2 times (x 201B)
Class dagger.internal.codegen.model.AutoValue_DependencyRequest$Builder               : loaded 2 times (x 75B)
Class dagger.internal.codegen.validation.ComponentHierarchyValidator                  : loaded 2 times (x 70B)
Class dagger.internal.codegen.validation.BindsInstanceMethodValidator$Validator       : loaded 2 times (x 75B)
Class dagger.spi.internal.shaded.androidx.room.compiler.codegen.impl.XParameterSpecImpl$Builder: loaded 2 times (x 76B)
Class com.squareup.kotlinpoet.OriginatingElementsHolder$Builder                       : loaded 2 times (x 68B)
Class kotlin.metadata.KmEffectExpression                                              : loaded 2 times (x 70B)
Class kotlin.metadata.internal.FlagDelegatesImplKt$propertyAccessorBooleanFlag$1      : loaded 2 times (x 135B)
Class [Lkotlin.metadata.internal.metadata.jvm.JvmProtoBuf$StringTableTypes$Record$Operation;: loaded 2 times (x 67B)
Class dagger.spi.internal.shaded.androidx.room.compiler.processing.XMethodType        : loaded 2 times (x 68B)
Class dagger.spi.internal.shaded.androidx.room.compiler.processing.javac.JavacMethodElement: loaded 2 times (x 265B)
Class dagger.spi.internal.shaded.androidx.room.compiler.codegen.XTypeName$Companion   : loaded 2 times (x 69B)
Class dagger.spi.internal.shaded.com.google.auto.common.MoreElements$CastingElementVisitor: loaded 2 times (x 91B)
Class [Ldagger.spi.internal.shaded.androidx.room.compiler.codegen.XFunSpec$Builder;   : loaded 2 times (x 67B)
Class dagger.spi.internal.shaded.androidx.room.compiler.codegen.XCodeBlockKt          : loaded 2 times (x 69B)
Class dagger.hilt.processor.internal.aggregateddeps.AggregatedDepsProcessingStep      : loaded 2 times (x 84B)
Class dagger.spi.internal.shaded.androidx.room.compiler.processing.XProcessingEnvConfig$Builder: loaded 2 times (x 70B)
Class com.google.common.io.ByteSource$SlicedByteSource                                : loaded 2 times (x 83B)
Class org.objectweb.asm.ClassReader                                                   : loaded 2 times (x 92B)
Class org.apache.commons.io.output.ThresholdingOutputStream                           : loaded 2 times (x 93B)
Class org.jetbrains.kotlin.statistics.metrics.SumMetricContainer                      : loaded 2 times (x 78B)
Class com.android.builder.model.v2.ide.LintOptions                                    : loaded 2 times (x 68B)
Class org.jetbrains.kotlin.gradle.tasks.DefaultKotlinJavaToolchain$getToolsJarFromJvm$1: loaded 2 times (x 73B)
Class org.jetbrains.kotlin.build.report.metrics.GcMetrics                             : loaded 2 times (x 70B)
Class org.jetbrains.kotlin.gradle.plugin.diagnostics.UsesKotlinToolingDiagnosticsKt   : loaded 2 times (x 69B)
Class org.jetbrains.kotlin.gradle.tasks.configuration.BaseKotlinCompileConfig$2       : loaded 2 times (x 77B)
Class org.jetbrains.kotlin.gradle.plugin.BuildFinishedListenerService$Companion$registerIfAbsent$2$1$1: loaded 2 times (x 73B)
Class org.jetbrains.kotlin.gradle.plugin.KotlinJvmFactory                             : loaded 2 times (x 68B)
Class org.jetbrains.kotlin.konan.target.KonanTarget$IOS_X64                           : loaded 2 times (x 76B)
Class org.jetbrains.kotlin.gradle.plugin.mpp.InternalKotlinCompilation                : loaded 2 times (x 68B)
Class org.jetbrains.kotlin.gradle.utils.WhenEvaluatedKt                               : loaded 2 times (x 69B)
Class org.jetbrains.kotlin.gradle.targets.native.internal.AddKotlinPlatformIntegersSupportLibraryKt: loaded 2 times (x 69B)
Class org.jetbrains.kotlin.gradle.plugin.AbstractKotlinJsPluginWrapper                : loaded 2 times (x 85B)
Class org.jetbrains.kotlin.gradle.plugin.KotlinPluginWrapperKt                        : loaded 2 times (x 69B)
Class [Lcom.amazon.ion.impl.bin.IonRawBinaryWriter$ContainerType;                     : loaded 2 times (x 67B)
Class org.gradle.tooling.internal.adapter.ProtocolToModelAdapter$ViewGraphDetails     : loaded 2 times (x 70B)
Class org.gradle.tooling.model.idea.IdeaProject                                       : loaded 2 times (x 68B)
Class org.gradle.tooling.model.DomainObjectSet                                        : loaded 2 times (x 68B)
Class org.gradle.internal.service.DefaultServiceLocator                               : loaded 2 times (x 81B)
Class dagger.spi.internal.shaded.androidx.room.compiler.codegen.impl.XFileSpecImpl$WhenMappings: loaded 2 times (x 69B)
Class dagger.spi.internal.shaded.androidx.room.compiler.codegen.kotlin.KotlinPropertySpec: loaded 2 times (x 76B)
Class com.squareup.kotlinpoet.ParameterSpec                                           : loaded 2 times (x 75B)
Class dagger.internal.codegen.writing.AnonymousProviderCreationExpression_Factory     : loaded 2 times (x 70B)
Class dagger.internal.codegen.writing.FrameworkInstanceKind                           : loaded 2 times (x 77B)
Class dagger.internal.codegen.binding.$AutoValue_BindingGraph_TopLevelBindingGraph    : loaded 2 times (x 99B)
Class [Ldagger.internal.codegen.binding.ComponentRequirement$NullPolicy;              : loaded 2 times (x 67B)
Class com.squareup.kotlinpoet.FileSpec                                                : loaded 2 times (x 75B)
Class dagger.internal.codegen.binding.AutoValue_DelegateBinding                       : loaded 2 times (x 93B)
Class dagger.internal.codegen.xprocessing.XExecutableTypes                            : loaded 2 times (x 69B)
Class org.gradle.internal.classloader.FilteringClassLoader                            : loaded 2 times (x 103B)
Class dagger.internal.codegen.processingstep.ModuleProcessingStep                     : loaded 2 times (x 84B)
Class dagger.internal.codegen.bindinggraphvalidation.InjectBindingValidator           : loaded 2 times (x 83B)
Class dagger.internal.codegen.processingstep.AssistedProcessingStep                   : loaded 2 times (x 84B)
Class dagger.internal.codegen.componentgenerator.TopLevelImplementationComponent$Factory: loaded 2 times (x 68B)
Class kotlin.metadata.internal.metadata.ProtoBuf$Type$ArgumentOrBuilder               : loaded 2 times (x 68B)
Class kotlin.sequences.FlatteningSequence                                             : loaded 2 times (x 73B)
Class com.google.common.graph.EndpointPair$Unordered                                  : loaded 2 times (x 81B)
Class dagger.spi.internal.shaded.androidx.room.compiler.processing.javac.JavacVariableElement: loaded 2 times (x 196B)
Class kotlin.metadata.internal.extensions.KmConstructorExtension                      : loaded 2 times (x 68B)
Class dagger.spi.internal.shaded.androidx.room.compiler.codegen.XTypeNameKt           : loaded 2 times (x 69B)
Class kotlin.text.MatcherMatchResult                                                  : loaded 2 times (x 78B)
Class kotlin.text.MatchGroupCollection                                                : loaded 2 times (x 68B)
Class com.android.ide.gradle.model.dependencies.DeclaredDependencies                  : loaded 2 times (x 68B)
Class org.jetbrains.org.objectweb.asm.SymbolTable                                     : loaded 2 times (x 70B)
Class com.android.builder.model.v2.ide.BasicArtifact                                  : loaded 2 times (x 68B)
Class org.jetbrains.kotlin.cli.common.arguments.CommonCompilerArguments$VersionKind   : loaded 2 times (x 77B)
Class org.jetbrains.kotlin.gradle.plugin.KotlinCompilerArgumentsProducer$ArgumentType : loaded 2 times (x 77B)
Class org.jetbrains.kotlin.gradle.tasks.KotlinCompile$scriptExtensions$1              : loaded 2 times (x 77B)
Class org.jetbrains.kotlin.gradle.tasks.K2MultiplatformStructure$Fragment             : loaded 2 times (x 70B)
Class org.jetbrains.kotlin.gradle.plugin.KotlinSourceSetProcessor$createAdditionalClassesTaskForIdeRunner$1$1: loaded 2 times (x 77B)
Class org.jetbrains.kotlin.compilerRunner.CompilerSystemPropertiesService$Companion$registerIfAbsent$1: loaded 2 times (x 73B)
Class org.jetbrains.kotlin.util.capitalizeDecapitalize.CapitalizeDecapitalizeKt       : loaded 2 times (x 69B)
Class org.jetbrains.kotlin.gradle.plugin.diagnostics.checkers.WasmJsEnvironmentChecker: loaded 2 times (x 74B)
Class org.jetbrains.kotlin.gradle.plugin.diagnostics.checkers.AndroidPluginWithoutAndroidTargetChecker: loaded 2 times (x 72B)
Class org.jetbrains.kotlin.gradle.report.BuildScanExtensionHolder                     : loaded 2 times (x 70B)
Class org.jetbrains.kotlin.statistics.metrics.NumberOverridePolicy                    : loaded 2 times (x 83B)
Class org.jetbrains.kotlin.statistics.metrics.StringAnonymizationPolicy$AllowedListAnonymizer$Companion: loaded 2 times (x 69B)
Class org.jetbrains.kotlin.gradle.plugin.internal.DefaultProjectIsolationStartParameterAccessor_Decorated: loaded 2 times (x 123B)
Class org.jetbrains.kotlin.gradle.plugin.internal.ProjectIsolationStartParameterAccessorKt: loaded 2 times (x 69B)
Class org.jetbrains.kotlin.gradle.testing.internal.KotlinTestsRegistry                : loaded 2 times (x 70B)
Class org.jetbrains.plugins.gradle.model.FilePatternSet                               : loaded 2 times (x 68B)
Class com.amazon.ion.impl.bin.utf8.Utf8StringEncoder$Result                           : loaded 2 times (x 72B)
Class com.amazon.ion.impl.bin.utf8.Pool$Allocator                                     : loaded 2 times (x 68B)
Class com.amazon.ion.IonText                                                          : loaded 2 times (x 68B)
Class com.amazon.ion.impl.SymbolTokenImpl                                             : loaded 2 times (x 79B)
Class com.amazon.ion.SubstituteSymbolTableException                                   : loaded 2 times (x 82B)
Class com.google.common.collect.ComparisonChain$InactiveComparisonChain               : loaded 2 times (x 78B)
Class org.gradle.util.GradleVersion                                                   : loaded 2 times (x 77B)
Class org.gradle.internal.installation.CurrentGradleInstallation                      : loaded 2 times (x 71B)
Class dagger.internal.codegen.writing.ProducerNodeInstanceRequestRepresentation$ProducerEntryPointViewCreationExpression: loaded 2 times (x 78B)
Class dagger.internal.codegen.writing.ProvisionBindingRepresentation                  : loaded 2 times (x 73B)
Class dagger.spi.internal.shaded.androidx.room.compiler.codegen.XCodeBlock$Companion$WhenMappings: loaded 2 times (x 69B)
Class org.jetbrains.plugins.gradle.tooling.serialization.internal.IdeaProjectSerializationService$ReadContext: loaded 2 times (x 70B)
Class dagger.internal.codegen.binding.LegacyBindingGraphFactory$Resolver              : loaded 2 times (x 70B)
Class com.amazon.ion.impl.bin.IonManagedBinaryWriter$UserState$1                      : loaded 2 times (x 83B)
Class org.jetbrains.kotlin.gradle.plugin.KotlinGradleBuildServices$Inject             : loaded 2 times (x 98B)
Class org.jetbrains.kotlin.gradle.utils.Completable$await$1                           : loaded 2 times (x 86B)
Class dagger.internal.codegen.base.ComponentAnnotation                                : loaded 2 times (x 74B)
Class dagger.internal.codegen.componentgenerator.ComponentHjarGenerator               : loaded 2 times (x 76B)
Class com.google.common.graph.GraphConstants$Presence                                 : loaded 2 times (x 77B)
Class kotlin.metadata.Attributes$isNegated$2                                          : loaded 2 times (x 135B)
Class kotlin.metadata.internal.metadata.ProtoBuf$Property$1                           : loaded 2 times (x 142B)
Class kotlin.metadata.internal.protobuf.FieldSet$FieldDescriptorLite                  : loaded 2 times (x 68B)
Class dagger.spi.internal.shaded.androidx.room.compiler.processing.InternalXAnnotationValue$Kind: loaded 2 times (x 77B)
Class org.jetbrains.kotlin.compilerRunner.CompilerSystemPropertiesService$Companion   : loaded 2 times (x 69B)
Class org.jetbrains.kotlin.gradle.targets.js.ir.KotlinJsIrCompilation                 : loaded 2 times (x 200B)
Class org.jetbrains.org.objectweb.asm.ModuleWriter                                    : loaded 2 times (x 79B)
Class org.objectweb.asm.Opcodes                                                       : loaded 2 times (x 68B)
Class org.jetbrains.kotlin.gradle.tasks.KotlinCompilerExecutionStrategy               : loaded 2 times (x 77B)
Class org.jetbrains.kotlin.gradle.plugin.mpp.InternalKotlinCompilationKt$awaitAllKotlinSourceSets$1: loaded 2 times (x 86B)
Class org.jetbrains.kotlin.gradle.plugin.mpp.KotlinWithJavaCompilationOutput          : loaded 2 times (x 80B)
Class org.jetbrains.kotlin.gradle.plugin.statistics.FusMetrics                        : loaded 2 times (x 68B)
Class org.jetbrains.kotlin.gradle.plugin.sources.DefaultKotlinSourceSet$special$$inlined$Iterable$1: loaded 2 times (x 77B)
Class org.jetbrains.kotlin.gradle.plugin.mpp.compilationImpl.factory.KotlinCompilationImplFactory$KotlinCompilerOptionsFactory$Options: loaded 2 times (x 70B)
Class org.jetbrains.kotlin.gradle.plugin.KotlinCompilation                            : loaded 2 times (x 68B)
Class org.jetbrains.kotlin.gradle.plugin.KotlinTargetConfiguratorKt                   : loaded 2 times (x 69B)
Class org.jetbrains.kotlin.tooling.core.Extras$Type$Companion                         : loaded 2 times (x 69B)
Class com.amazon.ion.impl.bin.IonManagedBinaryWriter$ImportDescriptor                 : loaded 2 times (x 74B)
Class com.amazon.ion.SymbolTable                                                      : loaded 2 times (x 68B)
Class org.jetbrains.plugins.gradle.tooling.serialization.GradleExtensionsSerializationService$WriteContext: loaded 2 times (x 70B)
Class com.intellij.gradle.toolingExtension.impl.model.taskModel.GradleTaskSerialisationService$Companion: loaded 2 times (x 69B)
Class org.jetbrains.plugins.gradle.javaModel.JavaGradleManifestModel                  : loaded 2 times (x 68B)
Class kotlin.jvm.internal.Ref$BooleanRef                                              : loaded 2 times (x 69B)
Class kotlin.jvm.internal.StringCompanionObject                                       : loaded 2 times (x 69B)
Class org.gradle.tooling.internal.adapter.ProtocolToModelAdapter$MethodInvocationCache$MethodInvocationKey: loaded 2 times (x 71B)
Class org.gradle.util.internal.GUtil                                                  : loaded 2 times (x 69B)
Class dagger.internal.codegen.writing.SimpleMethodRequestRepresentation$1             : loaded 2 times (x 69B)
Class dagger.spi.internal.shaded.androidx.room.compiler.codegen.XPropertySpec         : loaded 2 times (x 68B)
Class dagger.spi.internal.shaded.androidx.room.compiler.codegen.XParameterSpec        : loaded 2 times (x 68B)
Class dagger.internal.codegen.writing.ProviderInstanceSupplier_Factory_Impl           : loaded 2 times (x 73B)
Class dagger.internal.codegen.writing.OptionalFactoryInstanceCreationExpression_Factory_Impl: loaded 2 times (x 73B)
Class dagger.internal.codegen.writing.ComponentRequirementRequestRepresentation_Factory_Impl: loaded 2 times (x 71B)
Class dagger.internal.codegen.componentgenerator.CurrentImplementationSubcomponent    : loaded 2 times (x 68B)
Class org.jetbrains.kotlin.gradle.plugin.KotlinCompilerArgumentsProducer$ContributeCompilerArgumentsContext: loaded 2 times (x 68B)
Class dagger.internal.codegen.binding.DependencyRequestFactory$1                      : loaded 2 times (x 69B)
Class dagger.internal.codegen.bindinggraphvalidation.SetMultibindingValidator         : loaded 2 times (x 83B)
Class dagger.internal.codegen.processingstep.MonitoringModuleGenerator                : loaded 2 times (x 76B)
Class dagger.internal.codegen.binding.ContributionBinding                             : loaded 2 times (x 87B)
Class com.google.common.collect.CompactHashSet                                        : loaded 2 times (x 148B)
Class dagger.hilt.processor.internal.aggregateddeps.AutoValue_ComponentDependencies   : loaded 2 times (x 73B)
Class dagger.hilt.processor.internal.aggregateddeps.AggregatedDepsMetadata$DependencyType: loaded 2 times (x 77B)
Class [Lcom.google.common.graph.Graphs$NodeVisitState;                                : loaded 2 times (x 67B)
Class kotlin.metadata.internal.metadata.ProtoBuf$Visibility$1                         : loaded 2 times (x 72B)
Class kotlin.metadata.internal.metadata.jvm.deserialization.JvmMemberSignature$Method : loaded 2 times (x 73B)
Class dagger.spi.internal.shaded.androidx.room.compiler.processing.JavaPoetExtKt      : loaded 2 times (x 69B)
Class com.android.builder.model.v2.ide.ViewBindingOptions                             : loaded 2 times (x 68B)
Class dagger.spi.internal.shaded.com.google.auto.common.MoreTypes                     : loaded 2 times (x 69B)
Class dagger.spi.internal.shaded.androidx.room.compiler.processing.javac.JavacType    : loaded 2 times (x 183B)
Class dagger.spi.internal.shaded.androidx.room.compiler.processing.javac.JavacFiler   : loaded 2 times (x 76B)
Class org.jetbrains.kotlin.statistics.AnonymizerUtilsKt                               : loaded 2 times (x 69B)
Class [Lorg.jetbrains.org.objectweb.asm.Label;                                        : loaded 2 times (x 67B)
Class dagger.hilt.processor.internal.uninstallmodules.UninstallModulesProcessor       : loaded 2 times (x 98B)
Class com.google.common.io.ByteSource                                                 : loaded 2 times (x 82B)
Class org.jetbrains.kotlin.gradle.plugin.internal.AttributesConfigurationHelperKt     : loaded 2 times (x 69B)
Class org.jetbrains.kotlin.gradle.plugin.Kotlin2JvmSourceSetProcessor$doTargetSpecificProcessing$2$2$1: loaded 2 times (x 73B)
Class org.jetbrains.kotlin.gradle.plugin.mpp.InternalKotlinTargetKt$isSourcesPublishableFuture$2: loaded 2 times (x 93B)
Class org.jetbrains.kotlin.gradle.plugin.mpp.KotlinCompilationFactory                 : loaded 2 times (x 68B)
Class org.jetbrains.kotlin.gradle.dsl.IosSourceSetConventionChecker$runChecks$1       : loaded 2 times (x 86B)
Class org.jetbrains.kotlin.gradle.plugin.mpp.AbstractKotlinCompilation                : loaded 2 times (x 189B)
Class org.jetbrains.kotlin.gradle.plugin.diagnostics.checkers.UnusedSourceSetsChecker : loaded 2 times (x 72B)
Class org.jetbrains.kotlin.gradle.utils.Future                                        : loaded 2 times (x 68B)
Class org.jetbrains.kotlin.gradle.plugin.BuildFinishFlowAction$Parameters             : loaded 2 times (x 68B)
Class org.jetbrains.kotlin.gradle.plugin.statistics.KotlinBuildStatsConfiguration$Companion: loaded 2 times (x 69B)
Class com.android.utils.StringHelper                                                  : loaded 2 times (x 69B)
Class com.google.common.util.concurrent.AbstractFuture$SetFuture                      : loaded 2 times (x 73B)
Class org.gradle.accessors.dm.LibrariesForLibs$DatastoreLibraryAccessors              : loaded 2 times (x 76B)
Class [Lcom.amazon.ion.impl.bin.IonManagedBinaryWriter$SymbolState;                   : loaded 2 times (x 67B)
Class com.amazon.ion.impl._Private_IonWriterBase                                      : loaded 2 times (x 160B)
Class com.amazon.ion.system.IonSystemBuilder                                          : loaded 2 times (x 73B)
Class com.amazon.ion.IonCatalog                                                       : loaded 2 times (x 68B)
Class com.intellij.gradle.toolingExtension.impl.model.sourceSetModel.GradleSourceSetSerialisationService$SourceSetModelReadContext: loaded 2 times (x 70B)
Class com.intellij.gradle.toolingExtension.impl.model.utilTurnOffDefaultTasksModel.TurnOffDefaultTasks: loaded 2 times (x 68B)
Class dagger.spi.internal.shaded.androidx.room.compiler.codegen.java.JavaFileSpec     : loaded 2 times (x 75B)
Class dagger.spi.internal.shaded.androidx.room.compiler.codegen.XTypeSpec             : loaded 2 times (x 68B)
Class dagger.spi.internal.shaded.androidx.room.compiler.codegen.impl.XPropertySpecImpl$Builder: loaded 2 times (x 75B)
Class dagger.internal.codegen.writing.ComponentRequestRepresentations_Factory         : loaded 2 times (x 80B)
Class dagger.internal.codegen.writing.MapFactoryCreationExpression_Factory_Impl       : loaded 2 times (x 73B)
Class kotlin.metadata.internal.metadata.ProtoBuf$Contract$1                           : loaded 2 times (x 142B)
Class dagger.internal.codegen.binding.ComponentDependencyProductionBinding            : loaded 2 times (x 88B)
Class com.google.common.graph.GraphBuilder                                            : loaded 2 times (x 70B)
Class [Lkotlin.metadata.internal.metadata.ProtoBuf$Effect$InvocationKind;             : loaded 2 times (x 67B)
Class dagger.internal.codegen.validation.ModuleValidator                              : loaded 2 times (x 70B)
Class dagger.internal.codegen.kotlin.KotlinMetadataFactory                            : loaded 2 times (x 73B)
Class kotlin.metadata.KmVariance                                                      : loaded 2 times (x 77B)
Class dagger.hilt.processor.internal.aggregateddeps.AggregatedDepsMetadata            : loaded 2 times (x 76B)
Class com.google.common.graph.ElementOrder$Type                                       : loaded 2 times (x 77B)
Class kotlin.metadata.internal.metadata.ProtoBuf$Class$Kind                           : loaded 2 times (x 80B)
Class kotlin.metadata.internal.metadata.ProtoBuf$TypeTableOrBuilder                   : loaded 2 times (x 68B)
Class kotlin.metadata.internal.protobuf.GeneratedMessageLite$ExtendableMessage        : loaded 2 times (x 111B)
Class dagger.internal.codegen.validation.ValidationBindingGraphPlugins_Factory        : loaded 2 times (x 80B)
Class dagger.internal.codegen.validation.InjectValidator                              : loaded 2 times (x 73B)
Class dagger.internal.codegen.validation.InjectBindingRegistryImpl                    : loaded 2 times (x 79B)
Class org.objectweb.asm.Context                                                       : loaded 2 times (x 70B)
Class com.google.common.reflect.Types$TypeVariableImpl                                : loaded 2 times (x 70B)
Class com.android.builder.model.v2.dsl.BuildType                                      : loaded 2 times (x 68B)
Class org.jetbrains.kotlin.gradle.plugin.Kotlin2JvmSourceSetProcessor$doTargetSpecificProcessing$2$2$2: loaded 2 times (x 73B)
Class org.jetbrains.kotlin.gradle.plugin.mpp.KotlinTargetSoftwareComponentImplKt      : loaded 2 times (x 69B)
Class org.jetbrains.kotlin.gradle.targets.js.dsl.KotlinJsSubTargetContainerDsl        : loaded 2 times (x 68B)
Class org.jetbrains.kotlin.tooling.core.MutableExtrasImpl$Companion                   : loaded 2 times (x 69B)
Class org.jetbrains.kotlin.gradle.plugin.KotlinGradleBuildServices$Companion$registerIfAbsent$1: loaded 2 times (x 73B)
Class org.jetbrains.kotlin.gradle.internal.properties.NativePropertiesLoader$isToolchainEnabled$1$1: loaded 2 times (x 74B)
Class org.jetbrains.kotlin.statistics.fileloggers.MetricsContainer                    : loaded 2 times (x 75B)
Class org.jetbrains.kotlin.gradle.plugin.internal.ProjectIsolationStartParameterAccessor: loaded 2 times (x 68B)
Class org.jetbrains.kotlin.gradle.utils.StoredProperty                                : loaded 2 times (x 68B)
Class org.gradle.accessors.dm.LibrariesForLibs$AndroidxActivityLibraryAccessors       : loaded 2 times (x 75B)
Class com.intellij.gradle.toolingExtension.impl.model.sourceSetModel.GradleSourceSetSerialisationService$SourceSetModelWriteContext: loaded 2 times (x 70B)
Class kotlin.ranges.IntProgressionIterator                                            : loaded 2 times (x 80B)
Class org.gradle.tooling.internal.adapter.WeakIdentityHashMap                         : loaded 2 times (x 74B)
Class org.gradle.tooling.GradleConnectionException                                    : loaded 2 times (x 81B)
Class org.gradle.tooling.internal.adapter.ProtocolToModelAdapter$1                    : loaded 2 times (x 73B)
Class org.gradle.tooling.internal.adapter.ProtocolToModelAdapter$ViewDecoration       : loaded 2 times (x 68B)
Class org.gradle.internal.installation.GradleInstallation                             : loaded 2 times (x 73B)
Class dagger.internal.codegen.writing.ProducerFactoryGenerator_Factory                : loaded 2 times (x 80B)
Class dagger.spi.internal.shaded.androidx.room.compiler.codegen.impl.XPropertySpecImpl: loaded 2 times (x 77B)
Class dagger.internal.codegen.base.ModuleAnnotation                                   : loaded 2 times (x 74B)
Class dagger.internal.codegen.writing.DelegatingFrameworkInstanceCreationExpression_Factory_Impl: loaded 2 times (x 73B)
Class dagger.internal.codegen.writing.DirectInstanceBindingRepresentation_Factory_Impl: loaded 2 times (x 73B)
Class dagger.internal.codegen.binding.ComponentDependencyBinding                      : loaded 2 times (x 88B)
Class dagger.internal.codegen.writing.ComponentRequirementExpressions_Factory         : loaded 2 times (x 80B)
Class dagger.internal.codegen.writing.OptionalFactories_PerGeneratedFileCache_Factory : loaded 2 times (x 79B)
Class dagger.spi.model.Binding                                                        : loaded 2 times (x 68B)
Class com.google.common.collect.SortedMultisetBridge                                  : loaded 2 times (x 68B)
Class com.google.common.collect.Multiset$Entry                                        : loaded 2 times (x 68B)
Class dagger.internal.codegen.binding.AutoValue_MultiboundSetBinding                  : loaded 2 times (x 90B)
Class dagger.internal.codegen.binding.AutoValue_ComponentDescriptor_ComponentMethodDescriptor: loaded 2 times (x 73B)
Class dagger.internal.codegen.binding.$AutoValue_ComponentCreatorDescriptor           : loaded 2 times (x 80B)
Class dagger.spi.internal.shaded.androidx.room.compiler.processing.javac.TypeMirrorExtKt$extendsBound$1: loaded 2 times (x 99B)
Class dagger.internal.codegen.compileroption.FeatureStatus                            : loaded 2 times (x 77B)
Class dagger.internal.codegen.DelegateComponentProcessor$Injector                     : loaded 2 times (x 68B)
Class dagger.hilt.processor.internal.kotlin.KotlinMetadataUtils$MetadataComponent     : loaded 2 times (x 68B)
Class [Lkotlin.metadata.MemberKind;                                                   : loaded 2 times (x 67B)
Class kotlin.metadata.ClassKind                                                       : loaded 2 times (x 77B)
Class kotlin.reflect.jvm.internal.KPackageImpl$data$1                                 : loaded 2 times (x 77B)
Class kotlin.metadata.jvm.internal.JvmClassExtension                                  : loaded 2 times (x 75B)
Class kotlin.metadata.internal.metadata.ProtoBuf$ValueParameter$1                     : loaded 2 times (x 142B)
Class com.google.common.graph.AbstractDirectedNetworkConnections                      : loaded 2 times (x 96B)
Class dagger.spi.internal.shaded.androidx.room.compiler.processing.javac.JavacExecutableType: loaded 2 times (x 79B)
Class dagger.spi.internal.shaded.com.google.auto.common.AnnotationMirrors$1           : loaded 2 times (x 82B)
Class com.squareup.kotlinpoet.ClassNames                                              : loaded 2 times (x 69B)
Class com.squareup.javapoet.ClassName                                                 : loaded 2 times (x 82B)
Class com.google.common.collect.ElementTypesAreNonnullByDefault                       : loaded 2 times (x 68B)
Class org.jetbrains.kotlin.config.LanguageFeature$State                               : loaded 2 times (x 80B)
Class org.jetbrains.kotlin.gradle.tasks.KotlinCompile$createCompilerArguments$1       : loaded 2 times (x 77B)
Class [Lorg.jetbrains.kotlin.gradle.plugin.KotlinCompilerArgumentsProducer$ArgumentType;: loaded 2 times (x 67B)
Class org.jetbrains.kotlin.gradle.dsl.KotlinJvmCompile$DefaultImpls                   : loaded 2 times (x 69B)
Class org.jetbrains.kotlin.gradle.scripting.internal.ScriptingGradleSubpluginKt$registerDiscoverScriptExtensionsTransform$1: loaded 2 times (x 73B)
Class org.jetbrains.kotlin.gradle.plugin.AbstractKotlinPlugin$Companion$WhenMappings  : loaded 2 times (x 69B)
Class org.jetbrains.kotlin.gradle.plugin.mpp.compilationImpl.factory.KotlinCompilationImplFactory$create$1: loaded 2 times (x 73B)
Class org.jetbrains.kotlin.gradle.tasks.KotlinJavaToolchain                           : loaded 2 times (x 68B)
Class org.jetbrains.kotlin.gradle.plugin.BuildFinishFlowAction                        : loaded 2 times (x 72B)
Class org.jetbrains.kotlin.statistics.metrics.BooleanMetrics$Companion                : loaded 2 times (x 69B)
Class org.jetbrains.kotlin.gradle.plugin.internal.CompatibilityConventionRegistrar    : loaded 2 times (x 68B)
Class com.amazon.ion.impl._Private_RecyclingQueue$Recycler                            : loaded 2 times (x 68B)
Class com.amazon.ion.impl.lite.ContainerlessContext                                   : loaded 2 times (x 78B)
Class org.jetbrains.plugins.gradle.tooling.serialization.GradleExtensionsSerializationService$ReadContext: loaded 2 times (x 70B)
Class org.gradle.tooling.internal.adapter.MethodInvoker                               : loaded 2 times (x 68B)
Class com.squareup.kotlinpoet.FunSpec$Companion                                       : loaded 2 times (x 69B)
Class dagger.spi.internal.shaded.androidx.room.compiler.codegen.XSpec                 : loaded 2 times (x 69B)
Class dagger.spi.model.BindingGraph$ComponentNode                                     : loaded 2 times (x 68B)
Class kotlin.metadata.internal.metadata.ProtoBuf$Annotation$Builder                   : loaded 2 times (x 134B)
Class dagger.internal.codegen.binding.$AutoValue_MembersInjectionBinding              : loaded 2 times (x 82B)
Class dagger.internal.codegen.base.$AutoValue_ModuleAnnotation                        : loaded 2 times (x 74B)
Class [Ldagger.internal.codegen.validation.BindingMethodValidator$ExceptionSuperclass;: loaded 2 times (x 67B)
Class dagger.internal.codegen.validation.BindsMethodValidator_Factory                 : loaded 2 times (x 80B)
Class com.google.common.graph.Traverser$Traversal                                     : loaded 2 times (x 71B)
Class kotlin.metadata.Attributes$visibility$22                                        : loaded 2 times (x 135B)
Class kotlin.reflect.jvm.internal.impl.builtins.functions.FunctionClassKind$Companion : loaded 2 times (x 69B)
Class org.jetbrains.kotlin.gradle.targets.js.npm.SemverKt                             : loaded 2 times (x 69B)
Class dagger.hilt.processor.internal.root.ComponentTreeDepsProcessor                  : loaded 2 times (x 98B)
Class org.jetbrains.kotlin.gradle.scripting.internal.ScriptingGradleSubpluginKt$registerDiscoverScriptExtensionsTransform$2: loaded 2 times (x 73B)
Class org.jetbrains.kotlin.gradle.plugin.mpp.KotlinJvmCompilation                     : loaded 2 times (x 198B)
Class org.jetbrains.kotlin.gradle.plugin.KotlinCompilation$Companion                  : loaded 2 times (x 69B)
Class com.android.ide.common.gradle.Part                                              : loaded 2 times (x 75B)
Class dagger.spi.internal.shaded.androidx.room.compiler.codegen.XTypeSpec$Builder$Companion: loaded 2 times (x 69B)
Class org.jetbrains.kotlin.konan.target.KonanTarget$WATCHOS_ARM64                     : loaded 2 times (x 76B)
Class org.jetbrains.kotlin.konan.target.KonanTarget$MACOS_ARM64                       : loaded 2 times (x 76B)
Class org.jetbrains.kotlin.gradle.plugin.diagnostics.checkers.OverriddenKotlinNativeHomeChecker: loaded 2 times (x 72B)
Class org.jetbrains.kotlin.gradle.artifacts.KotlinJvmJarArtifactKt$KotlinJvmJarArtifact$1: loaded 2 times (x 72B)
Class org.jetbrains.kotlin.gradle.artifacts.KotlinLegacyCompatibilityMetadataArtifactKt: loaded 2 times (x 69B)
Class org.jetbrains.kotlin.gradle.targets.native.SetupEmbedAndSignAppleFrameworkTaskSideEffectKt: loaded 2 times (x 69B)
Class org.jetbrains.kotlin.gradle.plugin.KotlinProjectSetupActionKt$KotlinProjectSetupCoroutine$1: loaded 2 times (x 73B)
Class org.jetbrains.kotlin.gradle.dsl.ToolchainSupport$Companion                      : loaded 2 times (x 69B)
Class org.jetbrains.kotlin.gradle.plugin.KotlinSourceSet                              : loaded 2 times (x 68B)
Class [Lorg.jetbrains.kotlin.gradle.targets.native.toolchain.KotlinNativeBundleArtifactFormat$KotlinNativeBundleArtifactsTypes;: loaded 2 times (x 67B)
Class org.jetbrains.kotlin.gradle.targets.native.toolchain.KotlinNativeBundleArtifactFormat$KotlinNativeBundleArtifactsTypes: loaded 2 times (x 77B)
Class org.gradle.accessors.dm.LibrariesForLibs$RetrofitVersionAccessors               : loaded 2 times (x 79B)
Class com.amazon.ion.UnexpectedEofException                                           : loaded 2 times (x 82B)
Class com.amazon.ion.IonSexp                                                          : loaded 2 times (x 68B)
Class com.amazon.ion.ReadOnlyValueException                                           : loaded 2 times (x 82B)
Class com.amazon.ion.impl._Private_LocalSymbolTable                                   : loaded 2 times (x 68B)
Class com.amazon.ion.BufferConfiguration$DataHandler                                  : loaded 2 times (x 68B)
Class com.amazon.ion.impl._Private_IonBinaryWriterBuilder                             : loaded 2 times (x 113B)
Class org.jetbrains.plugins.gradle.tooling.serialization.RepositoriesModelSerializationService$WriteContext: loaded 2 times (x 70B)
Class com.android.ide.gradle.model.LegacyAndroidGradlePluginProperties                : loaded 2 times (x 68B)
Class kotlin.ranges.IntProgression                                                    : loaded 2 times (x 79B)
Class org.gradle.tooling.model.gradle.GradleScript                                    : loaded 2 times (x 68B)

---------------  S Y S T E M  ---------------

OS:
 Windows 10 , 64 bit Build 19041 (10.0.19041.5915)
OS uptime: 0 days 1:15 hours
Hyper-V role detected

CPU: total 8 (initial active 8) (4 cores per cpu, 2 threads per core) family 6 model 60 stepping 3 microcode 0x27, cx8, cmov, fxsr, ht, mmx, sse, sse2, sse3, ssse3, sse4.1, sse4.2, popcnt, lzcnt, tsc, tscinvbit, avx, avx2, aes, erms, clmul, bmi1, bmi2, fma, vzeroupper, clflush, hv, rdtscp, f16c
Processor Information for the first 8 processors :
  Max Mhz: 3401, Current Mhz: 3401, Mhz Limit: 3401

Memory: 4k page, system-wide physical 24469M (5798M free)
TotalPageFile size 28053M (AvailPageFile size 7792M)
current process WorkingSet (physical memory assigned to process): 1555M, peak: 1556M
current process commit charge ("private bytes"): 1585M, peak: 1586M

vm_info: OpenJDK 64-Bit Server VM (21.0.7+-13880790-b1038.58) for windows-amd64 JRE (21.0.7+-13880790-b1038.58), built on 2025-08-04T20:56:21Z by "builder" with MS VC++ 16.10 / 16.11 (VS2019)

END.
